Sep 15, 2026 9:10:17 AM com.google.cloud.datastore.emulator.firestore.websocket.WebSocketServer start
INFO: Started WebSocket server on ws://127.0.0.1:9150

API endpoint: http://127.0.0.1:8080
Database Edition: STANDARD
Database Mode: CLOUD_FIRESTORE

If you are using a library that supports the FIRESTORE_EMULATOR_HOST environment variable, run:

   export FIRESTORE_EMULATOR_HOST=127.0.0.1:8080

If you are running a Firestore in Datastore Mode project, run:

   export DATASTORE_EMULATOR_HOST=127.0.0.1:8080

Note: Support for Datastore Mode is in preview. If you encounter any bugs please file at https://github.com/firebase/firebase-tools/issues.
Dev App Server is now running.

Sep 15, 2026 9:10:18 AM io.gapi.emulators.netty.HttpVersionRoutingHandler channelRead
INFO: Detected non-HTTP/2 connection.
Sep 15, 2026 9:10:19 AM io.gapi.emulators.netty.HttpVersionRoutingHandler channelRead
INFO: Detected non-HTTP/2 connection.
Sep 15, 2026 9:10:20 AM io.gapi.emulators.netty.HttpVersionRoutingHandler channelRead
INFO: Detected non-HTTP/2 connection.
Sep 15, 2026 9:10:21 AM io.gapi.emulators.netty.HttpVersionRoutingHandler channelRead
INFO: Detected non-HTTP/2 connection.
Sep 15, 2026 9:10:22 AM io.gapi.emulators.netty.HttpVersionRoutingHandler channelRead
INFO: Detected non-HTTP/2 connection.
Sep 15, 2026 9:10:23 AM io.gapi.emulators.netty.HttpVersionRoutingHandler channelRead
INFO: Detected non-HTTP/2 connection.
Sep 15, 2026 9:10:28 AM io.gapi.emulators.netty.HttpVersionRoutingHandler channelRead
INFO: Detected non-HTTP/2 connection.
Sep 15, 2026 9:10:28 AM io.gapi.emulators.netty.HttpVersionRoutingHandler channelRead
INFO: Detected non-HTTP/2 connection.
Sep 15, 2026 9:10:28 AM io.gapi.emulators.netty.HttpVersionRoutingHandler channelRead
INFO: Detected non-HTTP/2 connection.
Sep 15, 2026 9:10:28 AM io.gapi.emulators.netty.HttpVersionRoutingHandler channelRead
INFO: Detected non-HTTP/2 connection.
Sep 15, 2026 9:10:28 AM io.gapi.emulators.netty.HttpVersionRoutingHandler channelRead
INFO: Detected HTTP/2 connection.
Multiple projectIds are not recommended in single project mode. Requested project ID demo-not-the-rug-storage-rules, but the emulator is configured for demo-not-the-rug. To opt-out of single project mode add/set the '"singleProjectMode": false' property in the firebase.json emulators config.
Multiple projectIds are not recommended in single project mode. Requested project ID demo-not-the-rug-firestore-rules, but the emulator is configured for demo-not-the-rug. To opt-out of single project mode add/set the '"singleProjectMode": false' property in the firebase.json emulators config.
Sep 15, 2026 9:10:28 AM io.gapi.emulators.netty.HttpVersionRoutingHandler channelRead
INFO: Detected HTTP/2 connection.
Multiple projectIds are not recommended in single project mode. Requested project ID demo-not-the-rug-firestore-rules, but the emulator is configured for demo-not-the-rug. To opt-out of single project mode add/set the '"singleProjectMode": false' property in the firebase.json emulators config.
Multiple projectIds are not recommended in single project mode. Requested project ID demo-not-the-rug-firestore-rules, but the emulator is configured for demo-not-the-rug. To opt-out of single project mode add/set the '"singleProjectMode": false' property in the firebase.json emulators config.
Multiple projectIds are not recommended in single project mode. Requested project ID demo-not-the-rug-firestore-rules, but the emulator is configured for demo-not-the-rug. To opt-out of single project mode add/set the '"singleProjectMode": false' property in the firebase.json emulators config.
Multiple projectIds are not recommended in single project mode. Requested project ID demo-not-the-rug-firestore-rules, but the emulator is configured for demo-not-the-rug. To opt-out of single project mode add/set the '"singleProjectMode": false' property in the firebase.json emulators config.
Multiple projectIds are not recommended in single project mode. Requested project ID demo-not-the-rug-firestore-rules, but the emulator is configured for demo-not-the-rug. To opt-out of single project mode add/set the '"singleProjectMode": false' property in the firebase.json emulators config.
Sep 15, 2026 9:10:28 AM com.google.cloud.datastore.emulator.impl.util.WrappedStreamObserver onError
WARNING: Operation failed: 
false for 'create' @ L19, false for 'create' @ L49, false for 'update' @ L19, false for 'update' @ L49
com.google.cloud.datastore.core.exception.DatastoreException: 
false for 'create' @ L19, false for 'create' @ L49, false for 'update' @ L19, false for 'update' @ L49
	at com.google.cloud.datastore.core.exception.DatastoreException$Builder.build(DatastoreException.java:152)
	at com.google.cloud.datastore.emulator.impl.rules.DefaultEmulatorRulesAuthorizer.verboseError(DefaultEmulatorRulesAuthorizer.java:349)
	at com.google.cloud.datastore.emulator.impl.rules.DefaultEmulatorRulesAuthorizer.withVerboseErrors(DefaultEmulatorRulesAuthorizer.java:326)
	at com.google.cloud.datastore.emulator.impl.rules.DefaultEmulatorRulesAuthorizer.checkCommit(DefaultEmulatorRulesAuthorizer.java:114)
	at com.google.cloud.datastore.emulator.impl.firestore.FirestoreEmulatorHelper.commitHelper(FirestoreEmulatorHelper.java:385)
	at com.google.cloud.datastore.emulator.impl.firestore.FirestoreEmulatorHelper.internalCommit(FirestoreEmulatorHelper.java:339)
	at com.google.cloud.datastore.emulator.impl.firestore.CloudFirestoreV1.internalCommit(CloudFirestoreV1.java:1243)
	at com.google.cloud.datastore.emulator.impl.firestore.CloudFirestoreV1.write(CloudFirestoreV1.java:1231)
	at com.google.cloud.datastore.emulator.impl.firestore.CloudFirestoreV1WriteStream.handleRequest(CloudFirestoreV1WriteStream.java:222)
	at com.google.cloud.datastore.emulator.impl.firestore.CloudFirestoreV1WriteStream.write(CloudFirestoreV1WriteStream.java:144)
	at com.google.cloud.datastore.emulator.impl.firestore.CloudFirestoreV1WriteStream.onNext(CloudFirestoreV1WriteStream.java:99)
	at com.google.cloud.datastore.emulator.impl.firestore.CloudFirestoreV1WriteStream.onNext(CloudFirestoreV1WriteStream.java:27)
	at io.grpc.stub.ServerCalls$StreamingServerCallHandler$StreamingServerCallListener.onMessage(ServerCalls.java:262)
	at io.grpc.ForwardingServerCallListener.onMessage(ForwardingServerCallListener.java:33)
	at io.grpc.Contexts$ContextualizedServerCallListener.onMessage(Contexts.java:76)
	at io.grpc.ForwardingServerCallListener.onMessage(ForwardingServerCallListener.java:33)
	at io.grpc.Contexts$ContextualizedServerCallListener.onMessage(Contexts.java:76)
	at io.grpc.internal.ServerCallImpl$ServerStreamListenerImpl.messagesAvailableInternal(ServerCallImpl.java:334)
	at io.grpc.internal.ServerCallImpl$ServerStreamListenerImpl.messagesAvailable(ServerCallImpl.java:319)
	at io.grpc.internal.ServerImpl$JumpToApplicationThreadServerStreamListener$1MessagesAvailable.runInContext(ServerImpl.java:834)
	at io.grpc.internal.ContextRunnable.run(ContextRunnable.java:37)
	at io.grpc.internal.SerializingExecutor.run(SerializingExecutor.java:133)
	at java.base/java.util.concurrent.ThreadPoolExecutor.runWorker(ThreadPoolExecutor.java:1144)
	at java.base/java.util.concurrent.ThreadPoolExecutor$Worker.run(ThreadPoolExecutor.java:642)
	at java.base/java.lang.Thread.run(Thread.java:1583)

Multiple projectIds are not recommended in single project mode. Requested project ID demo-not-the-rug-firestore-rules, but the emulator is configured for demo-not-the-rug. To opt-out of single project mode add/set the '"singleProjectMode": false' property in the firebase.json emulators config.
Multiple projectIds are not recommended in single project mode. Requested project ID demo-not-the-rug-firestore-rules, but the emulator is configured for demo-not-the-rug. To opt-out of single project mode add/set the '"singleProjectMode": false' property in the firebase.json emulators config.
Multiple projectIds are not recommended in single project mode. Requested project ID demo-not-the-rug-firestore-rules, but the emulator is configured for demo-not-the-rug. To opt-out of single project mode add/set the '"singleProjectMode": false' property in the firebase.json emulators config.
Multiple projectIds are not recommended in single project mode. Requested project ID demo-not-the-rug-firestore-rules, but the emulator is configured for demo-not-the-rug. To opt-out of single project mode add/set the '"singleProjectMode": false' property in the firebase.json emulators config.
Multiple projectIds are not recommended in single project mode. Requested project ID demo-not-the-rug-firestore-rules, but the emulator is configured for demo-not-the-rug. To opt-out of single project mode add/set the '"singleProjectMode": false' property in the firebase.json emulators config.
Sep 15, 2026 9:10:29 AM com.google.cloud.datastore.emulator.impl.util.WrappedStreamObserver onError
WARNING: Operation failed: 
false for 'create' @ L25, false for 'create' @ L49, false for 'update' @ L25, false for 'update' @ L49
com.google.cloud.datastore.core.exception.DatastoreException: 
false for 'create' @ L25, false for 'create' @ L49, false for 'update' @ L25, false for 'update' @ L49
	at com.google.cloud.datastore.core.exception.DatastoreException$Builder.build(DatastoreException.java:152)
	at com.google.cloud.datastore.emulator.impl.rules.DefaultEmulatorRulesAuthorizer.verboseError(DefaultEmulatorRulesAuthorizer.java:349)
	at com.google.cloud.datastore.emulator.impl.rules.DefaultEmulatorRulesAuthorizer.withVerboseErrors(DefaultEmulatorRulesAuthorizer.java:326)
	at com.google.cloud.datastore.emulator.impl.rules.DefaultEmulatorRulesAuthorizer.checkCommit(DefaultEmulatorRulesAuthorizer.java:114)
	at com.google.cloud.datastore.emulator.impl.firestore.FirestoreEmulatorHelper.commitHelper(FirestoreEmulatorHelper.java:385)
	at com.google.cloud.datastore.emulator.impl.firestore.FirestoreEmulatorHelper.internalCommit(FirestoreEmulatorHelper.java:339)
	at com.google.cloud.datastore.emulator.impl.firestore.CloudFirestoreV1.internalCommit(CloudFirestoreV1.java:1243)
	at com.google.cloud.datastore.emulator.impl.firestore.CloudFirestoreV1.write(CloudFirestoreV1.java:1231)
	at com.google.cloud.datastore.emulator.impl.firestore.CloudFirestoreV1WriteStream.handleRequest(CloudFirestoreV1WriteStream.java:222)
	at com.google.cloud.datastore.emulator.impl.firestore.CloudFirestoreV1WriteStream.write(CloudFirestoreV1WriteStream.java:144)
	at com.google.cloud.datastore.emulator.impl.firestore.CloudFirestoreV1WriteStream.onNext(CloudFirestoreV1WriteStream.java:99)
	at com.google.cloud.datastore.emulator.impl.firestore.CloudFirestoreV1WriteStream.onNext(CloudFirestoreV1WriteStream.java:27)
	at io.grpc.stub.ServerCalls$StreamingServerCallHandler$StreamingServerCallListener.onMessage(ServerCalls.java:262)
	at io.grpc.ForwardingServerCallListener.onMessage(ForwardingServerCallListener.java:33)
	at io.grpc.Contexts$ContextualizedServerCallListener.onMessage(Contexts.java:76)
	at io.grpc.ForwardingServerCallListener.onMessage(ForwardingServerCallListener.java:33)
	at io.grpc.Contexts$ContextualizedServerCallListener.onMessage(Contexts.java:76)
	at io.grpc.internal.ServerCallImpl$ServerStreamListenerImpl.messagesAvailableInternal(ServerCallImpl.java:334)
	at io.grpc.internal.ServerCallImpl$ServerStreamListenerImpl.messagesAvailable(ServerCallImpl.java:319)
	at io.grpc.internal.ServerImpl$JumpToApplicationThreadServerStreamListener$1MessagesAvailable.runInContext(ServerImpl.java:834)
	at io.grpc.internal.ContextRunnable.run(ContextRunnable.java:37)
	at io.grpc.internal.SerializingExecutor.run(SerializingExecutor.java:133)
	at java.base/java.util.concurrent.ThreadPoolExecutor.runWorker(ThreadPoolExecutor.java:1144)
	at java.base/java.util.concurrent.ThreadPoolExecutor$Worker.run(ThreadPoolExecutor.java:642)
	at java.base/java.lang.Thread.run(Thread.java:1583)

Sep 15, 2026 9:11:19 AM io.gapi.emulators.netty.HttpVersionRoutingHandler channelRead
INFO: Detected non-HTTP/2 connection.
Sep 15, 2026 9:11:19 AM io.gapi.emulators.netty.HttpVersionRoutingHandler channelRead
INFO: Detected non-HTTP/2 connection.
Multiple projectIds are not recommended in single project mode. Requested project ID demo-not-the-rug-storage-rules, but the emulator is configured for demo-not-the-rug. To opt-out of single project mode add/set the '"singleProjectMode": false' property in the firebase.json emulators config.
Sep 15, 2026 9:11:20 AM io.gapi.emulators.netty.HttpVersionRoutingHandler channelRead
INFO: Detected non-HTTP/2 connection.
Sep 15, 2026 9:11:20 AM io.gapi.emulators.netty.HttpVersionRoutingHandler channelRead
INFO: Detected non-HTTP/2 connection.
Multiple projectIds are not recommended in single project mode. Requested project ID demo-not-the-rug-firestore-rules, but the emulator is configured for demo-not-the-rug. To opt-out of single project mode add/set the '"singleProjectMode": false' property in the firebase.json emulators config.
Sep 15, 2026 9:11:20 AM io.gapi.emulators.netty.HttpVersionRoutingHandler channelRead
INFO: Detected HTTP/2 connection.
Multiple projectIds are not recommended in single project mode. Requested project ID demo-not-the-rug-firestore-rules, but the emulator is configured for demo-not-the-rug. To opt-out of single project mode add/set the '"singleProjectMode": false' property in the firebase.json emulators config.
Multiple projectIds are not recommended in single project mode. Requested project ID demo-not-the-rug-firestore-rules, but the emulator is configured for demo-not-the-rug. To opt-out of single project mode add/set the '"singleProjectMode": false' property in the firebase.json emulators config.
Multiple projectIds are not recommended in single project mode. Requested project ID demo-not-the-rug-firestore-rules, but the emulator is configured for demo-not-the-rug. To opt-out of single project mode add/set the '"singleProjectMode": false' property in the firebase.json emulators config.
Multiple projectIds are not recommended in single project mode. Requested project ID demo-not-the-rug-firestore-rules, but the emulator is configured for demo-not-the-rug. To opt-out of single project mode add/set the '"singleProjectMode": false' property in the firebase.json emulators config.
Multiple projectIds are not recommended in single project mode. Requested project ID demo-not-the-rug-firestore-rules, but the emulator is configured for demo-not-the-rug. To opt-out of single project mode add/set the '"singleProjectMode": false' property in the firebase.json emulators config.
Sep 15, 2026 9:11:20 AM com.google.cloud.datastore.emulator.impl.util.WrappedStreamObserver onError
WARNING: Operation failed: 
false for 'create' @ L19, false for 'create' @ L49, false for 'update' @ L19, false for 'update' @ L49
com.google.cloud.datastore.core.exception.DatastoreException: 
false for 'create' @ L19, false for 'create' @ L49, false for 'update' @ L19, false for 'update' @ L49
	at com.google.cloud.datastore.core.exception.DatastoreException$Builder.build(DatastoreException.java:152)
	at com.google.cloud.datastore.emulator.impl.rules.DefaultEmulatorRulesAuthorizer.verboseError(DefaultEmulatorRulesAuthorizer.java:349)
	at com.google.cloud.datastore.emulator.impl.rules.DefaultEmulatorRulesAuthorizer.withVerboseErrors(DefaultEmulatorRulesAuthorizer.java:326)
	at com.google.cloud.datastore.emulator.impl.rules.DefaultEmulatorRulesAuthorizer.checkCommit(DefaultEmulatorRulesAuthorizer.java:114)
	at com.google.cloud.datastore.emulator.impl.firestore.FirestoreEmulatorHelper.commitHelper(FirestoreEmulatorHelper.java:385)
	at com.google.cloud.datastore.emulator.impl.firestore.FirestoreEmulatorHelper.internalCommit(FirestoreEmulatorHelper.java:339)
	at com.google.cloud.datastore.emulator.impl.firestore.CloudFirestoreV1.internalCommit(CloudFirestoreV1.java:1243)
	at com.google.cloud.datastore.emulator.impl.firestore.CloudFirestoreV1.write(CloudFirestoreV1.java:1231)
	at com.google.cloud.datastore.emulator.impl.firestore.CloudFirestoreV1WriteStream.handleRequest(CloudFirestoreV1WriteStream.java:222)
	at com.google.cloud.datastore.emulator.impl.firestore.CloudFirestoreV1WriteStream.write(CloudFirestoreV1WriteStream.java:144)
	at com.google.cloud.datastore.emulator.impl.firestore.CloudFirestoreV1WriteStream.onNext(CloudFirestoreV1WriteStream.java:99)
	at com.google.cloud.datastore.emulator.impl.firestore.CloudFirestoreV1WriteStream.onNext(CloudFirestoreV1WriteStream.java:27)
	at io.grpc.stub.ServerCalls$StreamingServerCallHandler$StreamingServerCallListener.onMessage(ServerCalls.java:262)
	at io.grpc.ForwardingServerCallListener.onMessage(ForwardingServerCallListener.java:33)
	at io.grpc.Contexts$ContextualizedServerCallListener.onMessage(Contexts.java:76)
	at io.grpc.ForwardingServerCallListener.onMessage(ForwardingServerCallListener.java:33)
	at io.grpc.Contexts$ContextualizedServerCallListener.onMessage(Contexts.java:76)
	at io.grpc.internal.ServerCallImpl$ServerStreamListenerImpl.messagesAvailableInternal(ServerCallImpl.java:334)
	at io.grpc.internal.ServerCallImpl$ServerStreamListenerImpl.messagesAvailable(ServerCallImpl.java:319)
	at io.grpc.internal.ServerImpl$JumpToApplicationThreadServerStreamListener$1MessagesAvailable.runInContext(ServerImpl.java:834)
	at io.grpc.internal.ContextRunnable.run(ContextRunnable.java:37)
	at io.grpc.internal.SerializingExecutor.run(SerializingExecutor.java:133)
	at java.base/java.util.concurrent.ThreadPoolExecutor.runWorker(ThreadPoolExecutor.java:1144)
	at java.base/java.util.concurrent.ThreadPoolExecutor$Worker.run(ThreadPoolExecutor.java:642)
	at java.base/java.lang.Thread.run(Thread.java:1583)

Multiple projectIds are not recommended in single project mode. Requested project ID demo-not-the-rug-firestore-rules, but the emulator is configured for demo-not-the-rug. To opt-out of single project mode add/set the '"singleProjectMode": false' property in the firebase.json emulators config.
Multiple projectIds are not recommended in single project mode. Requested project ID demo-not-the-rug-firestore-rules, but the emulator is configured for demo-not-the-rug. To opt-out of single project mode add/set the '"singleProjectMode": false' property in the firebase.json emulators config.
Multiple projectIds are not recommended in single project mode. Requested project ID demo-not-the-rug-firestore-rules, but the emulator is configured for demo-not-the-rug. To opt-out of single project mode add/set the '"singleProjectMode": false' property in the firebase.json emulators config.
Multiple projectIds are not recommended in single project mode. Requested project ID demo-not-the-rug-firestore-rules, but the emulator is configured for demo-not-the-rug. To opt-out of single project mode add/set the '"singleProjectMode": false' property in the firebase.json emulators config.
Multiple projectIds are not recommended in single project mode. Requested project ID demo-not-the-rug-firestore-rules, but the emulator is configured for demo-not-the-rug. To opt-out of single project mode add/set the '"singleProjectMode": false' property in the firebase.json emulators config.
Sep 15, 2026 9:11:20 AM com.google.cloud.datastore.emulator.impl.util.WrappedStreamObserver onError
WARNING: Operation failed: 
false for 'create' @ L25, false for 'create' @ L49, false for 'update' @ L25, false for 'update' @ L49
com.google.cloud.datastore.core.exception.DatastoreException: 
false for 'create' @ L25, false for 'create' @ L49, false for 'update' @ L25, false for 'update' @ L49
	at com.google.cloud.datastore.core.exception.DatastoreException$Builder.build(DatastoreException.java:152)
	at com.google.cloud.datastore.emulator.impl.rules.DefaultEmulatorRulesAuthorizer.verboseError(DefaultEmulatorRulesAuthorizer.java:349)
	at com.google.cloud.datastore.emulator.impl.rules.DefaultEmulatorRulesAuthorizer.withVerboseErrors(DefaultEmulatorRulesAuthorizer.java:326)
	at com.google.cloud.datastore.emulator.impl.rules.DefaultEmulatorRulesAuthorizer.checkCommit(DefaultEmulatorRulesAuthorizer.java:114)
	at com.google.cloud.datastore.emulator.impl.firestore.FirestoreEmulatorHelper.commitHelper(FirestoreEmulatorHelper.java:385)
	at com.google.cloud.datastore.emulator.impl.firestore.FirestoreEmulatorHelper.internalCommit(FirestoreEmulatorHelper.java:339)
	at com.google.cloud.datastore.emulator.impl.firestore.CloudFirestoreV1.internalCommit(CloudFirestoreV1.java:1243)
	at com.google.cloud.datastore.emulator.impl.firestore.CloudFirestoreV1.write(CloudFirestoreV1.java:1231)
	at com.google.cloud.datastore.emulator.impl.firestore.CloudFirestoreV1WriteStream.handleRequest(CloudFirestoreV1WriteStream.java:222)
	at com.google.cloud.datastore.emulator.impl.firestore.CloudFirestoreV1WriteStream.write(CloudFirestoreV1WriteStream.java:144)
	at com.google.cloud.datastore.emulator.impl.firestore.CloudFirestoreV1WriteStream.onNext(CloudFirestoreV1WriteStream.java:99)
	at com.google.cloud.datastore.emulator.impl.firestore.CloudFirestoreV1WriteStream.onNext(CloudFirestoreV1WriteStream.java:27)
	at io.grpc.stub.ServerCalls$StreamingServerCallHandler$StreamingServerCallListener.onMessage(ServerCalls.java:262)
	at io.grpc.ForwardingServerCallListener.onMessage(ForwardingServerCallListener.java:33)
	at io.grpc.Contexts$ContextualizedServerCallListener.onMessage(Contexts.java:76)
	at io.grpc.ForwardingServerCallListener.onMessage(ForwardingServerCallListener.java:33)
	at io.grpc.Contexts$ContextualizedServerCallListener.onMessage(Contexts.java:76)
	at io.grpc.internal.ServerCallImpl$ServerStreamListenerImpl.messagesAvailableInternal(ServerCallImpl.java:334)
	at io.grpc.internal.ServerCallImpl$ServerStreamListenerImpl.messagesAvailable(ServerCallImpl.java:319)
	at io.grpc.internal.ServerImpl$JumpToApplicationThreadServerStreamListener$1MessagesAvailable.runInContext(ServerImpl.java:834)
	at io.grpc.internal.ContextRunnable.run(ContextRunnable.java:37)
	at io.grpc.internal.SerializingExecutor.run(SerializingExecutor.java:133)
	at java.base/java.util.concurrent.ThreadPoolExecutor.runWorker(ThreadPoolExecutor.java:1144)
	at java.base/java.util.concurrent.ThreadPoolExecutor$Worker.run(ThreadPoolExecutor.java:642)
	at java.base/java.lang.Thread.run(Thread.java:1583)

Sep 15, 2026 9:11:52 AM io.gapi.emulators.netty.HttpVersionRoutingHandler channelRead
INFO: Detected non-HTTP/2 connection.
Sep 15, 2026 9:11:52 AM io.gapi.emulators.netty.HttpVersionRoutingHandler channelRead
INFO: Detected non-HTTP/2 connection.
Multiple projectIds are not recommended in single project mode. Requested project ID demo-not-the-rug-firestore-rules, but the emulator is configured for demo-not-the-rug. To opt-out of single project mode add/set the '"singleProjectMode": false' property in the firebase.json emulators config.
Sep 15, 2026 9:11:52 AM io.gapi.emulators.netty.HttpVersionRoutingHandler channelRead
INFO: Detected HTTP/2 connection.
Multiple projectIds are not recommended in single project mode. Requested project ID demo-not-the-rug-firestore-rules, but the emulator is configured for demo-not-the-rug. To opt-out of single project mode add/set the '"singleProjectMode": false' property in the firebase.json emulators config.
Multiple projectIds are not recommended in single project mode. Requested project ID demo-not-the-rug-firestore-rules, but the emulator is configured for demo-not-the-rug. To opt-out of single project mode add/set the '"singleProjectMode": false' property in the firebase.json emulators config.
Multiple projectIds are not recommended in single project mode. Requested project ID demo-not-the-rug-firestore-rules, but the emulator is configured for demo-not-the-rug. To opt-out of single project mode add/set the '"singleProjectMode": false' property in the firebase.json emulators config.
Multiple projectIds are not recommended in single project mode. Requested project ID demo-not-the-rug-firestore-rules, but the emulator is configured for demo-not-the-rug. To opt-out of single project mode add/set the '"singleProjectMode": false' property in the firebase.json emulators config.
Multiple projectIds are not recommended in single project mode. Requested project ID demo-not-the-rug-firestore-rules, but the emulator is configured for demo-not-the-rug. To opt-out of single project mode add/set the '"singleProjectMode": false' property in the firebase.json emulators config.
Sep 15, 2026 9:11:52 AM com.google.cloud.datastore.emulator.impl.util.WrappedStreamObserver onError
WARNING: Operation failed: 
false for 'create' @ L19, false for 'create' @ L49, false for 'update' @ L19, false for 'update' @ L49
com.google.cloud.datastore.core.exception.DatastoreException: 
false for 'create' @ L19, false for 'create' @ L49, false for 'update' @ L19, false for 'update' @ L49
	at com.google.cloud.datastore.core.exception.DatastoreException$Builder.build(DatastoreException.java:152)
	at com.google.cloud.datastore.emulator.impl.rules.DefaultEmulatorRulesAuthorizer.verboseError(DefaultEmulatorRulesAuthorizer.java:349)
	at com.google.cloud.datastore.emulator.impl.rules.DefaultEmulatorRulesAuthorizer.withVerboseErrors(DefaultEmulatorRulesAuthorizer.java:326)
	at com.google.cloud.datastore.emulator.impl.rules.DefaultEmulatorRulesAuthorizer.checkCommit(DefaultEmulatorRulesAuthorizer.java:114)
	at com.google.cloud.datastore.emulator.impl.firestore.FirestoreEmulatorHelper.commitHelper(FirestoreEmulatorHelper.java:385)
	at com.google.cloud.datastore.emulator.impl.firestore.FirestoreEmulatorHelper.internalCommit(FirestoreEmulatorHelper.java:339)
	at com.google.cloud.datastore.emulator.impl.firestore.CloudFirestoreV1.internalCommit(CloudFirestoreV1.java:1243)
	at com.google.cloud.datastore.emulator.impl.firestore.CloudFirestoreV1.write(CloudFirestoreV1.java:1231)
	at com.google.cloud.datastore.emulator.impl.firestore.CloudFirestoreV1WriteStream.handleRequest(CloudFirestoreV1WriteStream.java:222)
	at com.google.cloud.datastore.emulator.impl.firestore.CloudFirestoreV1WriteStream.write(CloudFirestoreV1WriteStream.java:144)
	at com.google.cloud.datastore.emulator.impl.firestore.CloudFirestoreV1WriteStream.onNext(CloudFirestoreV1WriteStream.java:99)
	at com.google.cloud.datastore.emulator.impl.firestore.CloudFirestoreV1WriteStream.onNext(CloudFirestoreV1WriteStream.java:27)
	at io.grpc.stub.ServerCalls$StreamingServerCallHandler$StreamingServerCallListener.onMessage(ServerCalls.java:262)
	at io.grpc.ForwardingServerCallListener.onMessage(ForwardingServerCallListener.java:33)
	at io.grpc.Contexts$ContextualizedServerCallListener.onMessage(Contexts.java:76)
	at io.grpc.ForwardingServerCallListener.onMessage(ForwardingServerCallListener.java:33)
	at io.grpc.Contexts$ContextualizedServerCallListener.onMessage(Contexts.java:76)
	at io.grpc.internal.ServerCallImpl$ServerStreamListenerImpl.messagesAvailableInternal(ServerCallImpl.java:334)
	at io.grpc.internal.ServerCallImpl$ServerStreamListenerImpl.messagesAvailable(ServerCallImpl.java:319)
	at io.grpc.internal.ServerImpl$JumpToApplicationThreadServerStreamListener$1MessagesAvailable.runInContext(ServerImpl.java:834)
	at io.grpc.internal.ContextRunnable.run(ContextRunnable.java:37)
	at io.grpc.internal.SerializingExecutor.run(SerializingExecutor.java:133)
	at java.base/java.util.concurrent.ThreadPoolExecutor.runWorker(ThreadPoolExecutor.java:1144)
	at java.base/java.util.concurrent.ThreadPoolExecutor$Worker.run(ThreadPoolExecutor.java:642)
	at java.base/java.lang.Thread.run(Thread.java:1583)

Multiple projectIds are not recommended in single project mode. Requested project ID demo-not-the-rug-firestore-rules, but the emulator is configured for demo-not-the-rug. To opt-out of single project mode add/set the '"singleProjectMode": false' property in the firebase.json emulators config.
Multiple projectIds are not recommended in single project mode. Requested project ID demo-not-the-rug-firestore-rules, but the emulator is configured for demo-not-the-rug. To opt-out of single project mode add/set the '"singleProjectMode": false' property in the firebase.json emulators config.
Multiple projectIds are not recommended in single project mode. Requested project ID demo-not-the-rug-firestore-rules, but the emulator is configured for demo-not-the-rug. To opt-out of single project mode add/set the '"singleProjectMode": false' property in the firebase.json emulators config.
Multiple projectIds are not recommended in single project mode. Requested project ID demo-not-the-rug-firestore-rules, but the emulator is configured for demo-not-the-rug. To opt-out of single project mode add/set the '"singleProjectMode": false' property in the firebase.json emulators config.
Multiple projectIds are not recommended in single project mode. Requested project ID demo-not-the-rug-firestore-rules, but the emulator is configured for demo-not-the-rug. To opt-out of single project mode add/set the '"singleProjectMode": false' property in the firebase.json emulators config.
Sep 15, 2026 9:11:52 AM com.google.cloud.datastore.emulator.impl.util.WrappedStreamObserver onError
WARNING: Operation failed: 
false for 'create' @ L25, false for 'create' @ L49, false for 'update' @ L25, false for 'update' @ L49
com.google.cloud.datastore.core.exception.DatastoreException: 
false for 'create' @ L25, false for 'create' @ L49, false for 'update' @ L25, false for 'update' @ L49
	at com.google.cloud.datastore.core.exception.DatastoreException$Builder.build(DatastoreException.java:152)
	at com.google.cloud.datastore.emulator.impl.rules.DefaultEmulatorRulesAuthorizer.verboseError(DefaultEmulatorRulesAuthorizer.java:349)
	at com.google.cloud.datastore.emulator.impl.rules.DefaultEmulatorRulesAuthorizer.withVerboseErrors(DefaultEmulatorRulesAuthorizer.java:326)
	at com.google.cloud.datastore.emulator.impl.rules.DefaultEmulatorRulesAuthorizer.checkCommit(DefaultEmulatorRulesAuthorizer.java:114)
	at com.google.cloud.datastore.emulator.impl.firestore.FirestoreEmulatorHelper.commitHelper(FirestoreEmulatorHelper.java:385)
	at com.google.cloud.datastore.emulator.impl.firestore.FirestoreEmulatorHelper.internalCommit(FirestoreEmulatorHelper.java:339)
	at com.google.cloud.datastore.emulator.impl.firestore.CloudFirestoreV1.internalCommit(CloudFirestoreV1.java:1243)
	at com.google.cloud.datastore.emulator.impl.firestore.CloudFirestoreV1.write(CloudFirestoreV1.java:1231)
	at com.google.cloud.datastore.emulator.impl.firestore.CloudFirestoreV1WriteStream.handleRequest(CloudFirestoreV1WriteStream.java:222)
	at com.google.cloud.datastore.emulator.impl.firestore.CloudFirestoreV1WriteStream.write(CloudFirestoreV1WriteStream.java:144)
	at com.google.cloud.datastore.emulator.impl.firestore.CloudFirestoreV1WriteStream.onNext(CloudFirestoreV1WriteStream.java:99)
	at com.google.cloud.datastore.emulator.impl.firestore.CloudFirestoreV1WriteStream.onNext(CloudFirestoreV1WriteStream.java:27)
	at io.grpc.stub.ServerCalls$StreamingServerCallHandler$StreamingServerCallListener.onMessage(ServerCalls.java:262)
	at io.grpc.ForwardingServerCallListener.onMessage(ForwardingServerCallListener.java:33)
	at io.grpc.Contexts$ContextualizedServerCallListener.onMessage(Contexts.java:76)
	at io.grpc.ForwardingServerCallListener.onMessage(ForwardingServerCallListener.java:33)
	at io.grpc.Contexts$ContextualizedServerCallListener.onMessage(Contexts.java:76)
	at io.grpc.internal.ServerCallImpl$ServerStreamListenerImpl.messagesAvailableInternal(ServerCallImpl.java:334)
	at io.grpc.internal.ServerCallImpl$ServerStreamListenerImpl.messagesAvailable(ServerCallImpl.java:319)
	at io.grpc.internal.ServerImpl$JumpToApplicationThreadServerStreamListener$1MessagesAvailable.runInContext(ServerImpl.java:834)
	at io.grpc.internal.ContextRunnable.run(ContextRunnable.java:37)
	at io.grpc.internal.SerializingExecutor.run(SerializingExecutor.java:133)
	at java.base/java.util.concurrent.ThreadPoolExecutor.runWorker(ThreadPoolExecutor.java:1144)
	at java.base/java.util.concurrent.ThreadPoolExecutor$Worker.run(ThreadPoolExecutor.java:642)
	at java.base/java.lang.Thread.run(Thread.java:1583)

Sep 15, 2026 9:11:52 AM io.gapi.emulators.netty.HttpVersionRoutingHandler channelRead
INFO: Detected non-HTTP/2 connection.
Sep 15, 2026 9:11:52 AM io.gapi.emulators.netty.HttpVersionRoutingHandler channelRead
INFO: Detected non-HTTP/2 connection.
Multiple projectIds are not recommended in single project mode. Requested project ID demo-not-the-rug-storage-rules, but the emulator is configured for demo-not-the-rug. To opt-out of single project mode add/set the '"singleProjectMode": false' property in the firebase.json emulators config.
Sep 15, 2026 9:12:05 AM io.gapi.emulators.netty.HttpVersionRoutingHandler channelRead
INFO: Detected non-HTTP/2 connection.
Sep 15, 2026 9:12:05 AM io.gapi.emulators.netty.HttpVersionRoutingHandler channelRead
INFO: Detected non-HTTP/2 connection.
Multiple projectIds are not recommended in single project mode. Requested project ID demo-not-the-rug-firestore-rules, but the emulator is configured for demo-not-the-rug. To opt-out of single project mode add/set the '"singleProjectMode": false' property in the firebase.json emulators config.
Sep 15, 2026 9:12:05 AM io.gapi.emulators.netty.HttpVersionRoutingHandler channelRead
INFO: Detected HTTP/2 connection.
Multiple projectIds are not recommended in single project mode. Requested project ID demo-not-the-rug-firestore-rules, but the emulator is configured for demo-not-the-rug. To opt-out of single project mode add/set the '"singleProjectMode": false' property in the firebase.json emulators config.
Multiple projectIds are not recommended in single project mode. Requested project ID demo-not-the-rug-firestore-rules, but the emulator is configured for demo-not-the-rug. To opt-out of single project mode add/set the '"singleProjectMode": false' property in the firebase.json emulators config.
Multiple projectIds are not recommended in single project mode. Requested project ID demo-not-the-rug-firestore-rules, but the emulator is configured for demo-not-the-rug. To opt-out of single project mode add/set the '"singleProjectMode": false' property in the firebase.json emulators config.
Multiple projectIds are not recommended in single project mode. Requested project ID demo-not-the-rug-firestore-rules, but the emulator is configured for demo-not-the-rug. To opt-out of single project mode add/set the '"singleProjectMode": false' property in the firebase.json emulators config.
Multiple projectIds are not recommended in single project mode. Requested project ID demo-not-the-rug-firestore-rules, but the emulator is configured for demo-not-the-rug. To opt-out of single project mode add/set the '"singleProjectMode": false' property in the firebase.json emulators config.
Sep 15, 2026 9:12:05 AM com.google.cloud.datastore.emulator.impl.util.WrappedStreamObserver onError
WARNING: Operation failed: 
false for 'create' @ L19, false for 'create' @ L49, false for 'update' @ L19, false for 'update' @ L49
com.google.cloud.datastore.core.exception.DatastoreException: 
false for 'create' @ L19, false for 'create' @ L49, false for 'update' @ L19, false for 'update' @ L49
	at com.google.cloud.datastore.core.exception.DatastoreException$Builder.build(DatastoreException.java:152)
	at com.google.cloud.datastore.emulator.impl.rules.DefaultEmulatorRulesAuthorizer.verboseError(DefaultEmulatorRulesAuthorizer.java:349)
	at com.google.cloud.datastore.emulator.impl.rules.DefaultEmulatorRulesAuthorizer.withVerboseErrors(DefaultEmulatorRulesAuthorizer.java:326)
	at com.google.cloud.datastore.emulator.impl.rules.DefaultEmulatorRulesAuthorizer.checkCommit(DefaultEmulatorRulesAuthorizer.java:114)
	at com.google.cloud.datastore.emulator.impl.firestore.FirestoreEmulatorHelper.commitHelper(FirestoreEmulatorHelper.java:385)
	at com.google.cloud.datastore.emulator.impl.firestore.FirestoreEmulatorHelper.internalCommit(FirestoreEmulatorHelper.java:339)
	at com.google.cloud.datastore.emulator.impl.firestore.CloudFirestoreV1.internalCommit(CloudFirestoreV1.java:1243)
	at com.google.cloud.datastore.emulator.impl.firestore.CloudFirestoreV1.write(CloudFirestoreV1.java:1231)
	at com.google.cloud.datastore.emulator.impl.firestore.CloudFirestoreV1WriteStream.handleRequest(CloudFirestoreV1WriteStream.java:222)
	at com.google.cloud.datastore.emulator.impl.firestore.CloudFirestoreV1WriteStream.write(CloudFirestoreV1WriteStream.java:144)
	at com.google.cloud.datastore.emulator.impl.firestore.CloudFirestoreV1WriteStream.onNext(CloudFirestoreV1WriteStream.java:99)
	at com.google.cloud.datastore.emulator.impl.firestore.CloudFirestoreV1WriteStream.onNext(CloudFirestoreV1WriteStream.java:27)
	at io.grpc.stub.ServerCalls$StreamingServerCallHandler$StreamingServerCallListener.onMessage(ServerCalls.java:262)
	at io.grpc.ForwardingServerCallListener.onMessage(ForwardingServerCallListener.java:33)
	at io.grpc.Contexts$ContextualizedServerCallListener.onMessage(Contexts.java:76)
	at io.grpc.ForwardingServerCallListener.onMessage(ForwardingServerCallListener.java:33)
	at io.grpc.Contexts$ContextualizedServerCallListener.onMessage(Contexts.java:76)
	at io.grpc.internal.ServerCallImpl$ServerStreamListenerImpl.messagesAvailableInternal(ServerCallImpl.java:334)
	at io.grpc.internal.ServerCallImpl$ServerStreamListenerImpl.messagesAvailable(ServerCallImpl.java:319)
	at io.grpc.internal.ServerImpl$JumpToApplicationThreadServerStreamListener$1MessagesAvailable.runInContext(ServerImpl.java:834)
	at io.grpc.internal.ContextRunnable.run(ContextRunnable.java:37)
	at io.grpc.internal.SerializingExecutor.run(SerializingExecutor.java:133)
	at java.base/java.util.concurrent.ThreadPoolExecutor.runWorker(ThreadPoolExecutor.java:1144)
	at java.base/java.util.concurrent.ThreadPoolExecutor$Worker.run(ThreadPoolExecutor.java:642)
	at java.base/java.lang.Thread.run(Thread.java:1583)

Multiple projectIds are not recommended in single project mode. Requested project ID demo-not-the-rug-firestore-rules, but the emulator is configured for demo-not-the-rug. To opt-out of single project mode add/set the '"singleProjectMode": false' property in the firebase.json emulators config.
Multiple projectIds are not recommended in single project mode. Requested project ID demo-not-the-rug-firestore-rules, but the emulator is configured for demo-not-the-rug. To opt-out of single project mode add/set the '"singleProjectMode": false' property in the firebase.json emulators config.
Multiple projectIds are not recommended in single project mode. Requested project ID demo-not-the-rug-firestore-rules, but the emulator is configured for demo-not-the-rug. To opt-out of single project mode add/set the '"singleProjectMode": false' property in the firebase.json emulators config.
Multiple projectIds are not recommended in single project mode. Requested project ID demo-not-the-rug-firestore-rules, but the emulator is configured for demo-not-the-rug. To opt-out of single project mode add/set the '"singleProjectMode": false' property in the firebase.json emulators config.
Multiple projectIds are not recommended in single project mode. Requested project ID demo-not-the-rug-firestore-rules, but the emulator is configured for demo-not-the-rug. To opt-out of single project mode add/set the '"singleProjectMode": false' property in the firebase.json emulators config.
Sep 15, 2026 9:12:05 AM com.google.cloud.datastore.emulator.impl.util.WrappedStreamObserver onError
WARNING: Operation failed: 
false for 'create' @ L25, false for 'create' @ L49, false for 'update' @ L25, false for 'update' @ L49
com.google.cloud.datastore.core.exception.DatastoreException: 
false for 'create' @ L25, false for 'create' @ L49, false for 'update' @ L25, false for 'update' @ L49
	at com.google.cloud.datastore.core.exception.DatastoreException$Builder.build(DatastoreException.java:152)
	at com.google.cloud.datastore.emulator.impl.rules.DefaultEmulatorRulesAuthorizer.verboseError(DefaultEmulatorRulesAuthorizer.java:349)
	at com.google.cloud.datastore.emulator.impl.rules.DefaultEmulatorRulesAuthorizer.withVerboseErrors(DefaultEmulatorRulesAuthorizer.java:326)
	at com.google.cloud.datastore.emulator.impl.rules.DefaultEmulatorRulesAuthorizer.checkCommit(DefaultEmulatorRulesAuthorizer.java:114)
	at com.google.cloud.datastore.emulator.impl.firestore.FirestoreEmulatorHelper.commitHelper(FirestoreEmulatorHelper.java:385)
	at com.google.cloud.datastore.emulator.impl.firestore.FirestoreEmulatorHelper.internalCommit(FirestoreEmulatorHelper.java:339)
	at com.google.cloud.datastore.emulator.impl.firestore.CloudFirestoreV1.internalCommit(CloudFirestoreV1.java:1243)
	at com.google.cloud.datastore.emulator.impl.firestore.CloudFirestoreV1.write(CloudFirestoreV1.java:1231)
	at com.google.cloud.datastore.emulator.impl.firestore.CloudFirestoreV1WriteStream.handleRequest(CloudFirestoreV1WriteStream.java:222)
	at com.google.cloud.datastore.emulator.impl.firestore.CloudFirestoreV1WriteStream.write(CloudFirestoreV1WriteStream.java:144)
	at com.google.cloud.datastore.emulator.impl.firestore.CloudFirestoreV1WriteStream.onNext(CloudFirestoreV1WriteStream.java:99)
	at com.google.cloud.datastore.emulator.impl.firestore.CloudFirestoreV1WriteStream.onNext(CloudFirestoreV1WriteStream.java:27)
	at io.grpc.stub.ServerCalls$StreamingServerCallHandler$StreamingServerCallListener.onMessage(ServerCalls.java:262)
	at io.grpc.ForwardingServerCallListener.onMessage(ForwardingServerCallListener.java:33)
	at io.grpc.Contexts$ContextualizedServerCallListener.onMessage(Contexts.java:76)
	at io.grpc.ForwardingServerCallListener.onMessage(ForwardingServerCallListener.java:33)
	at io.grpc.Contexts$ContextualizedServerCallListener.onMessage(Contexts.java:76)
	at io.grpc.internal.ServerCallImpl$ServerStreamListenerImpl.messagesAvailableInternal(ServerCallImpl.java:334)
	at io.grpc.internal.ServerCallImpl$ServerStreamListenerImpl.messagesAvailable(ServerCallImpl.java:319)
	at io.grpc.internal.ServerImpl$JumpToApplicationThreadServerStreamListener$1MessagesAvailable.runInContext(ServerImpl.java:834)
	at io.grpc.internal.ContextRunnable.run(ContextRunnable.java:37)
	at io.grpc.internal.SerializingExecutor.run(SerializingExecutor.java:133)
	at java.base/java.util.concurrent.ThreadPoolExecutor.runWorker(ThreadPoolExecutor.java:1144)
	at java.base/java.util.concurrent.ThreadPoolExecutor$Worker.run(ThreadPoolExecutor.java:642)
	at java.base/java.lang.Thread.run(Thread.java:1583)

Sep 15, 2026 9:12:05 AM io.gapi.emulators.netty.HttpVersionRoutingHandler channelRead
INFO: Detected non-HTTP/2 connection.
Sep 15, 2026 9:12:05 AM io.gapi.emulators.netty.HttpVersionRoutingHandler channelRead
INFO: Detected non-HTTP/2 connection.
Multiple projectIds are not recommended in single project mode. Requested project ID demo-not-the-rug-storage-rules, but the emulator is configured for demo-not-the-rug. To opt-out of single project mode add/set the '"singleProjectMode": false' property in the firebase.json emulators config.
Sep 15, 2026 9:12:12 AM io.gapi.emulators.netty.HttpVersionRoutingHandler channelRead
INFO: Detected non-HTTP/2 connection.
Multiple projectIds are not recommended in single project mode. Requested project ID demo-not-the-rug-firestore-rules, but the emulator is configured for demo-not-the-rug. To opt-out of single project mode add/set the '"singleProjectMode": false' property in the firebase.json emulators config.
Sep 15, 2026 9:12:12 AM io.gapi.emulators.netty.HttpVersionRoutingHandler channelRead
INFO: Detected HTTP/2 connection.
Multiple projectIds are not recommended in single project mode. Requested project ID demo-not-the-rug-firestore-rules, but the emulator is configured for demo-not-the-rug. To opt-out of single project mode add/set the '"singleProjectMode": false' property in the firebase.json emulators config.
Multiple projectIds are not recommended in single project mode. Requested project ID demo-not-the-rug-firestore-rules, but the emulator is configured for demo-not-the-rug. To opt-out of single project mode add/set the '"singleProjectMode": false' property in the firebase.json emulators config.
Multiple projectIds are not recommended in single project mode. Requested project ID demo-not-the-rug-firestore-rules, but the emulator is configured for demo-not-the-rug. To opt-out of single project mode add/set the '"singleProjectMode": false' property in the firebase.json emulators config.
Multiple projectIds are not recommended in single project mode. Requested project ID demo-not-the-rug-firestore-rules, but the emulator is configured for demo-not-the-rug. To opt-out of single project mode add/set the '"singleProjectMode": false' property in the firebase.json emulators config.
Multiple projectIds are not recommended in single project mode. Requested project ID demo-not-the-rug-firestore-rules, but the emulator is configured for demo-not-the-rug. To opt-out of single project mode add/set the '"singleProjectMode": false' property in the firebase.json emulators config.
Sep 15, 2026 9:12:12 AM com.google.cloud.datastore.emulator.impl.util.WrappedStreamObserver onError
WARNING: Operation failed: 
false for 'create' @ L19, false for 'create' @ L49, false for 'update' @ L19, false for 'update' @ L49
com.google.cloud.datastore.core.exception.DatastoreException: 
false for 'create' @ L19, false for 'create' @ L49, false for 'update' @ L19, false for 'update' @ L49
	at com.google.cloud.datastore.core.exception.DatastoreException$Builder.build(DatastoreException.java:152)
	at com.google.cloud.datastore.emulator.impl.rules.DefaultEmulatorRulesAuthorizer.verboseError(DefaultEmulatorRulesAuthorizer.java:349)
	at com.google.cloud.datastore.emulator.impl.rules.DefaultEmulatorRulesAuthorizer.withVerboseErrors(DefaultEmulatorRulesAuthorizer.java:326)
	at com.google.cloud.datastore.emulator.impl.rules.DefaultEmulatorRulesAuthorizer.checkCommit(DefaultEmulatorRulesAuthorizer.java:114)
	at com.google.cloud.datastore.emulator.impl.firestore.FirestoreEmulatorHelper.commitHelper(FirestoreEmulatorHelper.java:385)
	at com.google.cloud.datastore.emulator.impl.firestore.FirestoreEmulatorHelper.internalCommit(FirestoreEmulatorHelper.java:339)
	at com.google.cloud.datastore.emulator.impl.firestore.CloudFirestoreV1.internalCommit(CloudFirestoreV1.java:1243)
	at com.google.cloud.datastore.emulator.impl.firestore.CloudFirestoreV1.write(CloudFirestoreV1.java:1231)
	at com.google.cloud.datastore.emulator.impl.firestore.CloudFirestoreV1WriteStream.handleRequest(CloudFirestoreV1WriteStream.java:222)
	at com.google.cloud.datastore.emulator.impl.firestore.CloudFirestoreV1WriteStream.write(CloudFirestoreV1WriteStream.java:144)
	at com.google.cloud.datastore.emulator.impl.firestore.CloudFirestoreV1WriteStream.onNext(CloudFirestoreV1WriteStream.java:99)
	at com.google.cloud.datastore.emulator.impl.firestore.CloudFirestoreV1WriteStream.onNext(CloudFirestoreV1WriteStream.java:27)
	at io.grpc.stub.ServerCalls$StreamingServerCallHandler$StreamingServerCallListener.onMessage(ServerCalls.java:262)
	at io.grpc.ForwardingServerCallListener.onMessage(ForwardingServerCallListener.java:33)
	at io.grpc.Contexts$ContextualizedServerCallListener.onMessage(Contexts.java:76)
	at io.grpc.ForwardingServerCallListener.onMessage(ForwardingServerCallListener.java:33)
	at io.grpc.Contexts$ContextualizedServerCallListener.onMessage(Contexts.java:76)
	at io.grpc.internal.ServerCallImpl$ServerStreamListenerImpl.messagesAvailableInternal(ServerCallImpl.java:334)
	at io.grpc.internal.ServerCallImpl$ServerStreamListenerImpl.messagesAvailable(ServerCallImpl.java:319)
	at io.grpc.internal.ServerImpl$JumpToApplicationThreadServerStreamListener$1MessagesAvailable.runInContext(ServerImpl.java:834)
	at io.grpc.internal.ContextRunnable.run(ContextRunnable.java:37)
	at io.grpc.internal.SerializingExecutor.run(SerializingExecutor.java:133)
	at java.base/java.util.concurrent.ThreadPoolExecutor.runWorker(ThreadPoolExecutor.java:1144)
	at java.base/java.util.concurrent.ThreadPoolExecutor$Worker.run(ThreadPoolExecutor.java:642)
	at java.base/java.lang.Thread.run(Thread.java:1583)

Multiple projectIds are not recommended in single project mode. Requested project ID demo-not-the-rug-firestore-rules, but the emulator is configured for demo-not-the-rug. To opt-out of single project mode add/set the '"singleProjectMode": false' property in the firebase.json emulators config.
Multiple projectIds are not recommended in single project mode. Requested project ID demo-not-the-rug-firestore-rules, but the emulator is configured for demo-not-the-rug. To opt-out of single project mode add/set the '"singleProjectMode": false' property in the firebase.json emulators config.
Multiple projectIds are not recommended in single project mode. Requested project ID demo-not-the-rug-firestore-rules, but the emulator is configured for demo-not-the-rug. To opt-out of single project mode add/set the '"singleProjectMode": false' property in the firebase.json emulators config.
Multiple projectIds are not recommended in single project mode. Requested project ID demo-not-the-rug-firestore-rules, but the emulator is configured for demo-not-the-rug. To opt-out of single project mode add/set the '"singleProjectMode": false' property in the firebase.json emulators config.
Multiple projectIds are not recommended in single project mode. Requested project ID demo-not-the-rug-firestore-rules, but the emulator is configured for demo-not-the-rug. To opt-out of single project mode add/set the '"singleProjectMode": false' property in the firebase.json emulators config.
Sep 15, 2026 9:12:12 AM com.google.cloud.datastore.emulator.impl.util.WrappedStreamObserver onError
WARNING: Operation failed: 
false for 'create' @ L25, false for 'create' @ L49, false for 'update' @ L25, false for 'update' @ L49
com.google.cloud.datastore.core.exception.DatastoreException: 
false for 'create' @ L25, false for 'create' @ L49, false for 'update' @ L25, false for 'update' @ L49
	at com.google.cloud.datastore.core.exception.DatastoreException$Builder.build(DatastoreException.java:152)
	at com.google.cloud.datastore.emulator.impl.rules.DefaultEmulatorRulesAuthorizer.verboseError(DefaultEmulatorRulesAuthorizer.java:349)
	at com.google.cloud.datastore.emulator.impl.rules.DefaultEmulatorRulesAuthorizer.withVerboseErrors(DefaultEmulatorRulesAuthorizer.java:326)
	at com.google.cloud.datastore.emulator.impl.rules.DefaultEmulatorRulesAuthorizer.checkCommit(DefaultEmulatorRulesAuthorizer.java:114)
	at com.google.cloud.datastore.emulator.impl.firestore.FirestoreEmulatorHelper.commitHelper(FirestoreEmulatorHelper.java:385)
	at com.google.cloud.datastore.emulator.impl.firestore.FirestoreEmulatorHelper.internalCommit(FirestoreEmulatorHelper.java:339)
	at com.google.cloud.datastore.emulator.impl.firestore.CloudFirestoreV1.internalCommit(CloudFirestoreV1.java:1243)
	at com.google.cloud.datastore.emulator.impl.firestore.CloudFirestoreV1.write(CloudFirestoreV1.java:1231)
	at com.google.cloud.datastore.emulator.impl.firestore.CloudFirestoreV1WriteStream.handleRequest(CloudFirestoreV1WriteStream.java:222)
	at com.google.cloud.datastore.emulator.impl.firestore.CloudFirestoreV1WriteStream.write(CloudFirestoreV1WriteStream.java:144)
	at com.google.cloud.datastore.emulator.impl.firestore.CloudFirestoreV1WriteStream.onNext(CloudFirestoreV1WriteStream.java:99)
	at com.google.cloud.datastore.emulator.impl.firestore.CloudFirestoreV1WriteStream.onNext(CloudFirestoreV1WriteStream.java:27)
	at io.grpc.stub.ServerCalls$StreamingServerCallHandler$StreamingServerCallListener.onMessage(ServerCalls.java:262)
	at io.grpc.ForwardingServerCallListener.onMessage(ForwardingServerCallListener.java:33)
	at io.grpc.Contexts$ContextualizedServerCallListener.onMessage(Contexts.java:76)
	at io.grpc.ForwardingServerCallListener.onMessage(ForwardingServerCallListener.java:33)
	at io.grpc.Contexts$ContextualizedServerCallListener.onMessage(Contexts.java:76)
	at io.grpc.internal.ServerCallImpl$ServerStreamListenerImpl.messagesAvailableInternal(ServerCallImpl.java:334)
	at io.grpc.internal.ServerCallImpl$ServerStreamListenerImpl.messagesAvailable(ServerCallImpl.java:319)
	at io.grpc.internal.ServerImpl$JumpToApplicationThreadServerStreamListener$1MessagesAvailable.runInContext(ServerImpl.java:834)
	at io.grpc.internal.ContextRunnable.run(ContextRunnable.java:37)
	at io.grpc.internal.SerializingExecutor.run(SerializingExecutor.java:133)
	at java.base/java.util.concurrent.ThreadPoolExecutor.runWorker(ThreadPoolExecutor.java:1144)
	at java.base/java.util.concurrent.ThreadPoolExecutor$Worker.run(ThreadPoolExecutor.java:642)
	at java.base/java.lang.Thread.run(Thread.java:1583)

Sep 15, 2026 9:12:12 AM io.gapi.emulators.netty.HttpVersionRoutingHandler channelRead
INFO: Detected non-HTTP/2 connection.
Sep 15, 2026 9:12:12 AM io.gapi.emulators.netty.HttpVersionRoutingHandler channelRead
INFO: Detected non-HTTP/2 connection.
Multiple projectIds are not recommended in single project mode. Requested project ID demo-not-the-rug-storage-rules, but the emulator is configured for demo-not-the-rug. To opt-out of single project mode add/set the '"singleProjectMode": false' property in the firebase.json emulators config.
Sep 15, 2026 9:13:16 AM io.gapi.emulators.netty.HttpVersionRoutingHandler channelRead
INFO: Detected non-HTTP/2 connection.
Sep 15, 2026 9:13:16 AM io.gapi.emulators.netty.HttpVersionRoutingHandler channelRead
INFO: Detected non-HTTP/2 connection.
Multiple projectIds are not recommended in single project mode. Requested project ID demo-not-the-rug-firestore-rules, but the emulator is configured for demo-not-the-rug. To opt-out of single project mode add/set the '"singleProjectMode": false' property in the firebase.json emulators config.
Sep 15, 2026 9:13:16 AM io.gapi.emulators.netty.HttpVersionRoutingHandler channelRead
INFO: Detected HTTP/2 connection.
Multiple projectIds are not recommended in single project mode. Requested project ID demo-not-the-rug-firestore-rules, but the emulator is configured for demo-not-the-rug. To opt-out of single project mode add/set the '"singleProjectMode": false' property in the firebase.json emulators config.
Multiple projectIds are not recommended in single project mode. Requested project ID demo-not-the-rug-firestore-rules, but the emulator is configured for demo-not-the-rug. To opt-out of single project mode add/set the '"singleProjectMode": false' property in the firebase.json emulators config.
Multiple projectIds are not recommended in single project mode. Requested project ID demo-not-the-rug-firestore-rules, but the emulator is configured for demo-not-the-rug. To opt-out of single project mode add/set the '"singleProjectMode": false' property in the firebase.json emulators config.
Multiple projectIds are not recommended in single project mode. Requested project ID demo-not-the-rug-firestore-rules, but the emulator is configured for demo-not-the-rug. To opt-out of single project mode add/set the '"singleProjectMode": false' property in the firebase.json emulators config.
Multiple projectIds are not recommended in single project mode. Requested project ID demo-not-the-rug-firestore-rules, but the emulator is configured for demo-not-the-rug. To opt-out of single project mode add/set the '"singleProjectMode": false' property in the firebase.json emulators config.
Sep 15, 2026 9:13:16 AM com.google.cloud.datastore.emulator.impl.util.WrappedStreamObserver onError
WARNING: Operation failed: 
false for 'create' @ L19, false for 'create' @ L49, false for 'update' @ L19, false for 'update' @ L49
com.google.cloud.datastore.core.exception.DatastoreException: 
false for 'create' @ L19, false for 'create' @ L49, false for 'update' @ L19, false for 'update' @ L49
	at com.google.cloud.datastore.core.exception.DatastoreException$Builder.build(DatastoreException.java:152)
	at com.google.cloud.datastore.emulator.impl.rules.DefaultEmulatorRulesAuthorizer.verboseError(DefaultEmulatorRulesAuthorizer.java:349)
	at com.google.cloud.datastore.emulator.impl.rules.DefaultEmulatorRulesAuthorizer.withVerboseErrors(DefaultEmulatorRulesAuthorizer.java:326)
	at com.google.cloud.datastore.emulator.impl.rules.DefaultEmulatorRulesAuthorizer.checkCommit(DefaultEmulatorRulesAuthorizer.java:114)
	at com.google.cloud.datastore.emulator.impl.firestore.FirestoreEmulatorHelper.commitHelper(FirestoreEmulatorHelper.java:385)
	at com.google.cloud.datastore.emulator.impl.firestore.FirestoreEmulatorHelper.internalCommit(FirestoreEmulatorHelper.java:339)
	at com.google.cloud.datastore.emulator.impl.firestore.CloudFirestoreV1.internalCommit(CloudFirestoreV1.java:1243)
	at com.google.cloud.datastore.emulator.impl.firestore.CloudFirestoreV1.write(CloudFirestoreV1.java:1231)
	at com.google.cloud.datastore.emulator.impl.firestore.CloudFirestoreV1WriteStream.handleRequest(CloudFirestoreV1WriteStream.java:222)
	at com.google.cloud.datastore.emulator.impl.firestore.CloudFirestoreV1WriteStream.write(CloudFirestoreV1WriteStream.java:144)
	at com.google.cloud.datastore.emulator.impl.firestore.CloudFirestoreV1WriteStream.onNext(CloudFirestoreV1WriteStream.java:99)
	at com.google.cloud.datastore.emulator.impl.firestore.CloudFirestoreV1WriteStream.onNext(CloudFirestoreV1WriteStream.java:27)
	at io.grpc.stub.ServerCalls$StreamingServerCallHandler$StreamingServerCallListener.onMessage(ServerCalls.java:262)
	at io.grpc.ForwardingServerCallListener.onMessage(ForwardingServerCallListener.java:33)
	at io.grpc.Contexts$ContextualizedServerCallListener.onMessage(Contexts.java:76)
	at io.grpc.ForwardingServerCallListener.onMessage(ForwardingServerCallListener.java:33)
	at io.grpc.Contexts$ContextualizedServerCallListener.onMessage(Contexts.java:76)
	at io.grpc.internal.ServerCallImpl$ServerStreamListenerImpl.messagesAvailableInternal(ServerCallImpl.java:334)
	at io.grpc.internal.ServerCallImpl$ServerStreamListenerImpl.messagesAvailable(ServerCallImpl.java:319)
	at io.grpc.internal.ServerImpl$JumpToApplicationThreadServerStreamListener$1MessagesAvailable.runInContext(ServerImpl.java:834)
	at io.grpc.internal.ContextRunnable.run(ContextRunnable.java:37)
	at io.grpc.internal.SerializingExecutor.run(SerializingExecutor.java:133)
	at java.base/java.util.concurrent.ThreadPoolExecutor.runWorker(ThreadPoolExecutor.java:1144)
	at java.base/java.util.concurrent.ThreadPoolExecutor$Worker.run(ThreadPoolExecutor.java:642)
	at java.base/java.lang.Thread.run(Thread.java:1583)

Multiple projectIds are not recommended in single project mode. Requested project ID demo-not-the-rug-firestore-rules, but the emulator is configured for demo-not-the-rug. To opt-out of single project mode add/set the '"singleProjectMode": false' property in the firebase.json emulators config.
Multiple projectIds are not recommended in single project mode. Requested project ID demo-not-the-rug-firestore-rules, but the emulator is configured for demo-not-the-rug. To opt-out of single project mode add/set the '"singleProjectMode": false' property in the firebase.json emulators config.
Multiple projectIds are not recommended in single project mode. Requested project ID demo-not-the-rug-firestore-rules, but the emulator is configured for demo-not-the-rug. To opt-out of single project mode add/set the '"singleProjectMode": false' property in the firebase.json emulators config.
Multiple projectIds are not recommended in single project mode. Requested project ID demo-not-the-rug-firestore-rules, but the emulator is configured for demo-not-the-rug. To opt-out of single project mode add/set the '"singleProjectMode": false' property in the firebase.json emulators config.
Multiple projectIds are not recommended in single project mode. Requested project ID demo-not-the-rug-firestore-rules, but the emulator is configured for demo-not-the-rug. To opt-out of single project mode add/set the '"singleProjectMode": false' property in the firebase.json emulators config.
Sep 15, 2026 9:13:16 AM com.google.cloud.datastore.emulator.impl.util.WrappedStreamObserver onError
WARNING: Operation failed: 
false for 'create' @ L25, false for 'create' @ L49, false for 'update' @ L25, false for 'update' @ L49
com.google.cloud.datastore.core.exception.DatastoreException: 
false for 'create' @ L25, false for 'create' @ L49, false for 'update' @ L25, false for 'update' @ L49
	at com.google.cloud.datastore.core.exception.DatastoreException$Builder.build(DatastoreException.java:152)
	at com.google.cloud.datastore.emulator.impl.rules.DefaultEmulatorRulesAuthorizer.verboseError(DefaultEmulatorRulesAuthorizer.java:349)
	at com.google.cloud.datastore.emulator.impl.rules.DefaultEmulatorRulesAuthorizer.withVerboseErrors(DefaultEmulatorRulesAuthorizer.java:326)
	at com.google.cloud.datastore.emulator.impl.rules.DefaultEmulatorRulesAuthorizer.checkCommit(DefaultEmulatorRulesAuthorizer.java:114)
	at com.google.cloud.datastore.emulator.impl.firestore.FirestoreEmulatorHelper.commitHelper(FirestoreEmulatorHelper.java:385)
	at com.google.cloud.datastore.emulator.impl.firestore.FirestoreEmulatorHelper.internalCommit(FirestoreEmulatorHelper.java:339)
	at com.google.cloud.datastore.emulator.impl.firestore.CloudFirestoreV1.internalCommit(CloudFirestoreV1.java:1243)
	at com.google.cloud.datastore.emulator.impl.firestore.CloudFirestoreV1.write(CloudFirestoreV1.java:1231)
	at com.google.cloud.datastore.emulator.impl.firestore.CloudFirestoreV1WriteStream.handleRequest(CloudFirestoreV1WriteStream.java:222)
	at com.google.cloud.datastore.emulator.impl.firestore.CloudFirestoreV1WriteStream.write(CloudFirestoreV1WriteStream.java:144)
	at com.google.cloud.datastore.emulator.impl.firestore.CloudFirestoreV1WriteStream.onNext(CloudFirestoreV1WriteStream.java:99)
	at com.google.cloud.datastore.emulator.impl.firestore.CloudFirestoreV1WriteStream.onNext(CloudFirestoreV1WriteStream.java:27)
	at io.grpc.stub.ServerCalls$StreamingServerCallHandler$StreamingServerCallListener.onMessage(ServerCalls.java:262)
	at io.grpc.ForwardingServerCallListener.onMessage(ForwardingServerCallListener.java:33)
	at io.grpc.Contexts$ContextualizedServerCallListener.onMessage(Contexts.java:76)
	at io.grpc.ForwardingServerCallListener.onMessage(ForwardingServerCallListener.java:33)
	at io.grpc.Contexts$ContextualizedServerCallListener.onMessage(Contexts.java:76)
	at io.grpc.internal.ServerCallImpl$ServerStreamListenerImpl.messagesAvailableInternal(ServerCallImpl.java:334)
	at io.grpc.internal.ServerCallImpl$ServerStreamListenerImpl.messagesAvailable(ServerCallImpl.java:319)
	at io.grpc.internal.ServerImpl$JumpToApplicationThreadServerStreamListener$1MessagesAvailable.runInContext(ServerImpl.java:834)
	at io.grpc.internal.ContextRunnable.run(ContextRunnable.java:37)
	at io.grpc.internal.SerializingExecutor.run(SerializingExecutor.java:133)
	at java.base/java.util.concurrent.ThreadPoolExecutor.runWorker(ThreadPoolExecutor.java:1144)
	at java.base/java.util.concurrent.ThreadPoolExecutor$Worker.run(ThreadPoolExecutor.java:642)
	at java.base/java.lang.Thread.run(Thread.java:1583)

Sep 15, 2026 9:13:16 AM io.gapi.emulators.netty.HttpVersionRoutingHandler channelRead
INFO: Detected non-HTTP/2 connection.
Sep 15, 2026 9:13:16 AM io.gapi.emulators.netty.HttpVersionRoutingHandler channelRead
INFO: Detected non-HTTP/2 connection.
Multiple projectIds are not recommended in single project mode. Requested project ID demo-not-the-rug-storage-rules, but the emulator is configured for demo-not-the-rug. To opt-out of single project mode add/set the '"singleProjectMode": false' property in the firebase.json emulators config.
Sep 15, 2026 9:17:06 AM io.gapi.emulators.netty.HttpVersionRoutingHandler channelRead
INFO: Detected non-HTTP/2 connection.
Sep 15, 2026 9:17:08 AM io.gapi.emulators.netty.HttpVersionRoutingHandler channelRead
INFO: Detected non-HTTP/2 connection.
Sep 15, 2026 9:17:08 AM io.gapi.emulators.netty.HttpVersionRoutingHandler channelRead
INFO: Detected non-HTTP/2 connection.
Multiple projectIds are not recommended in single project mode. Requested project ID demo-not-the-rug-firestore-rules, but the emulator is configured for demo-not-the-rug. To opt-out of single project mode add/set the '"singleProjectMode": false' property in the firebase.json emulators config.
Sep 15, 2026 9:17:08 AM io.gapi.emulators.netty.HttpVersionRoutingHandler channelRead
INFO: Detected HTTP/2 connection.
Multiple projectIds are not recommended in single project mode. Requested project ID demo-not-the-rug-firestore-rules, but the emulator is configured for demo-not-the-rug. To opt-out of single project mode add/set the '"singleProjectMode": false' property in the firebase.json emulators config.
Multiple projectIds are not recommended in single project mode. Requested project ID demo-not-the-rug-firestore-rules, but the emulator is configured for demo-not-the-rug. To opt-out of single project mode add/set the '"singleProjectMode": false' property in the firebase.json emulators config.
Multiple projectIds are not recommended in single project mode. Requested project ID demo-not-the-rug-firestore-rules, but the emulator is configured for demo-not-the-rug. To opt-out of single project mode add/set the '"singleProjectMode": false' property in the firebase.json emulators config.
Multiple projectIds are not recommended in single project mode. Requested project ID demo-not-the-rug-firestore-rules, but the emulator is configured for demo-not-the-rug. To opt-out of single project mode add/set the '"singleProjectMode": false' property in the firebase.json emulators config.
Multiple projectIds are not recommended in single project mode. Requested project ID demo-not-the-rug-firestore-rules, but the emulator is configured for demo-not-the-rug. To opt-out of single project mode add/set the '"singleProjectMode": false' property in the firebase.json emulators config.
Sep 15, 2026 9:17:08 AM com.google.cloud.datastore.emulator.impl.util.WrappedStreamObserver onError
WARNING: Operation failed: 
false for 'create' @ L19, false for 'create' @ L49, false for 'update' @ L19, false for 'update' @ L49
com.google.cloud.datastore.core.exception.DatastoreException: 
false for 'create' @ L19, false for 'create' @ L49, false for 'update' @ L19, false for 'update' @ L49
	at com.google.cloud.datastore.core.exception.DatastoreException$Builder.build(DatastoreException.java:152)
	at com.google.cloud.datastore.emulator.impl.rules.DefaultEmulatorRulesAuthorizer.verboseError(DefaultEmulatorRulesAuthorizer.java:349)
	at com.google.cloud.datastore.emulator.impl.rules.DefaultEmulatorRulesAuthorizer.withVerboseErrors(DefaultEmulatorRulesAuthorizer.java:326)
	at com.google.cloud.datastore.emulator.impl.rules.DefaultEmulatorRulesAuthorizer.checkCommit(DefaultEmulatorRulesAuthorizer.java:114)
	at com.google.cloud.datastore.emulator.impl.firestore.FirestoreEmulatorHelper.commitHelper(FirestoreEmulatorHelper.java:385)
	at com.google.cloud.datastore.emulator.impl.firestore.FirestoreEmulatorHelper.internalCommit(FirestoreEmulatorHelper.java:339)
	at com.google.cloud.datastore.emulator.impl.firestore.CloudFirestoreV1.internalCommit(CloudFirestoreV1.java:1243)
	at com.google.cloud.datastore.emulator.impl.firestore.CloudFirestoreV1.write(CloudFirestoreV1.java:1231)
	at com.google.cloud.datastore.emulator.impl.firestore.CloudFirestoreV1WriteStream.handleRequest(CloudFirestoreV1WriteStream.java:222)
	at com.google.cloud.datastore.emulator.impl.firestore.CloudFirestoreV1WriteStream.write(CloudFirestoreV1WriteStream.java:144)
	at com.google.cloud.datastore.emulator.impl.firestore.CloudFirestoreV1WriteStream.onNext(CloudFirestoreV1WriteStream.java:99)
	at com.google.cloud.datastore.emulator.impl.firestore.CloudFirestoreV1WriteStream.onNext(CloudFirestoreV1WriteStream.java:27)
	at io.grpc.stub.ServerCalls$StreamingServerCallHandler$StreamingServerCallListener.onMessage(ServerCalls.java:262)
	at io.grpc.ForwardingServerCallListener.onMessage(ForwardingServerCallListener.java:33)
	at io.grpc.Contexts$ContextualizedServerCallListener.onMessage(Contexts.java:76)
	at io.grpc.ForwardingServerCallListener.onMessage(ForwardingServerCallListener.java:33)
	at io.grpc.Contexts$ContextualizedServerCallListener.onMessage(Contexts.java:76)
	at io.grpc.internal.ServerCallImpl$ServerStreamListenerImpl.messagesAvailableInternal(ServerCallImpl.java:334)
	at io.grpc.internal.ServerCallImpl$ServerStreamListenerImpl.messagesAvailable(ServerCallImpl.java:319)
	at io.grpc.internal.ServerImpl$JumpToApplicationThreadServerStreamListener$1MessagesAvailable.runInContext(ServerImpl.java:834)
	at io.grpc.internal.ContextRunnable.run(ContextRunnable.java:37)
	at io.grpc.internal.SerializingExecutor.run(SerializingExecutor.java:133)
	at java.base/java.util.concurrent.ThreadPoolExecutor.runWorker(ThreadPoolExecutor.java:1144)
	at java.base/java.util.concurrent.ThreadPoolExecutor$Worker.run(ThreadPoolExecutor.java:642)
	at java.base/java.lang.Thread.run(Thread.java:1583)

Multiple projectIds are not recommended in single project mode. Requested project ID demo-not-the-rug-firestore-rules, but the emulator is configured for demo-not-the-rug. To opt-out of single project mode add/set the '"singleProjectMode": false' property in the firebase.json emulators config.
Multiple projectIds are not recommended in single project mode. Requested project ID demo-not-the-rug-firestore-rules, but the emulator is configured for demo-not-the-rug. To opt-out of single project mode add/set the '"singleProjectMode": false' property in the firebase.json emulators config.
Multiple projectIds are not recommended in single project mode. Requested project ID demo-not-the-rug-firestore-rules, but the emulator is configured for demo-not-the-rug. To opt-out of single project mode add/set the '"singleProjectMode": false' property in the firebase.json emulators config.
Multiple projectIds are not recommended in single project mode. Requested project ID demo-not-the-rug-firestore-rules, but the emulator is configured for demo-not-the-rug. To opt-out of single project mode add/set the '"singleProjectMode": false' property in the firebase.json emulators config.
Multiple projectIds are not recommended in single project mode. Requested project ID demo-not-the-rug-firestore-rules, but the emulator is configured for demo-not-the-rug. To opt-out of single project mode add/set the '"singleProjectMode": false' property in the firebase.json emulators config.
Sep 15, 2026 9:17:08 AM com.google.cloud.datastore.emulator.impl.util.WrappedStreamObserver onError
WARNING: Operation failed: 
false for 'create' @ L25, false for 'create' @ L49, false for 'update' @ L25, false for 'update' @ L49
com.google.cloud.datastore.core.exception.DatastoreException: 
false for 'create' @ L25, false for 'create' @ L49, false for 'update' @ L25, false for 'update' @ L49
	at com.google.cloud.datastore.core.exception.DatastoreException$Builder.build(DatastoreException.java:152)
	at com.google.cloud.datastore.emulator.impl.rules.DefaultEmulatorRulesAuthorizer.verboseError(DefaultEmulatorRulesAuthorizer.java:349)
	at com.google.cloud.datastore.emulator.impl.rules.DefaultEmulatorRulesAuthorizer.withVerboseErrors(DefaultEmulatorRulesAuthorizer.java:326)
	at com.google.cloud.datastore.emulator.impl.rules.DefaultEmulatorRulesAuthorizer.checkCommit(DefaultEmulatorRulesAuthorizer.java:114)
	at com.google.cloud.datastore.emulator.impl.firestore.FirestoreEmulatorHelper.commitHelper(FirestoreEmulatorHelper.java:385)
	at com.google.cloud.datastore.emulator.impl.firestore.FirestoreEmulatorHelper.internalCommit(FirestoreEmulatorHelper.java:339)
	at com.google.cloud.datastore.emulator.impl.firestore.CloudFirestoreV1.internalCommit(CloudFirestoreV1.java:1243)
	at com.google.cloud.datastore.emulator.impl.firestore.CloudFirestoreV1.write(CloudFirestoreV1.java:1231)
	at com.google.cloud.datastore.emulator.impl.firestore.CloudFirestoreV1WriteStream.handleRequest(CloudFirestoreV1WriteStream.java:222)
	at com.google.cloud.datastore.emulator.impl.firestore.CloudFirestoreV1WriteStream.write(CloudFirestoreV1WriteStream.java:144)
	at com.google.cloud.datastore.emulator.impl.firestore.CloudFirestoreV1WriteStream.onNext(CloudFirestoreV1WriteStream.java:99)
	at com.google.cloud.datastore.emulator.impl.firestore.CloudFirestoreV1WriteStream.onNext(CloudFirestoreV1WriteStream.java:27)
	at io.grpc.stub.ServerCalls$StreamingServerCallHandler$StreamingServerCallListener.onMessage(ServerCalls.java:262)
	at io.grpc.ForwardingServerCallListener.onMessage(ForwardingServerCallListener.java:33)
	at io.grpc.Contexts$ContextualizedServerCallListener.onMessage(Contexts.java:76)
	at io.grpc.ForwardingServerCallListener.onMessage(ForwardingServerCallListener.java:33)
	at io.grpc.Contexts$ContextualizedServerCallListener.onMessage(Contexts.java:76)
	at io.grpc.internal.ServerCallImpl$ServerStreamListenerImpl.messagesAvailableInternal(ServerCallImpl.java:334)
	at io.grpc.internal.ServerCallImpl$ServerStreamListenerImpl.messagesAvailable(ServerCallImpl.java:319)
	at io.grpc.internal.ServerImpl$JumpToApplicationThreadServerStreamListener$1MessagesAvailable.runInContext(ServerImpl.java:834)
	at io.grpc.internal.ContextRunnable.run(ContextRunnable.java:37)
	at io.grpc.internal.SerializingExecutor.run(SerializingExecutor.java:133)
	at java.base/java.util.concurrent.ThreadPoolExecutor.runWorker(ThreadPoolExecutor.java:1144)
	at java.base/java.util.concurrent.ThreadPoolExecutor$Worker.run(ThreadPoolExecutor.java:642)
	at java.base/java.lang.Thread.run(Thread.java:1583)

Sep 15, 2026 9:17:08 AM io.gapi.emulators.netty.HttpVersionRoutingHandler channelRead
INFO: Detected non-HTTP/2 connection.
Sep 15, 2026 9:17:08 AM io.gapi.emulators.netty.HttpVersionRoutingHandler channelRead
INFO: Detected non-HTTP/2 connection.
Multiple projectIds are not recommended in single project mode. Requested project ID demo-not-the-rug-storage-rules, but the emulator is configured for demo-not-the-rug. To opt-out of single project mode add/set the '"singleProjectMode": false' property in the firebase.json emulators config.
Sep 15, 2026 9:17:45 AM io.gapi.emulators.netty.HttpVersionRoutingHandler channelRead
INFO: Detected non-HTTP/2 connection.
Sep 15, 2026 9:17:45 AM io.gapi.emulators.netty.HttpVersionRoutingHandler channelRead
INFO: Detected non-HTTP/2 connection.
Multiple projectIds are not recommended in single project mode. Requested project ID demo-lead-integration, but the emulator is configured for demo-not-the-rug. To opt-out of single project mode add/set the '"singleProjectMode": false' property in the firebase.json emulators config.
Multiple projectIds are not recommended in single project mode. Requested project ID demo-lead-integration, but the emulator is configured for demo-not-the-rug. To opt-out of single project mode add/set the '"singleProjectMode": false' property in the firebase.json emulators config.
Multiple projectIds are not recommended in single project mode. Requested project ID demo-lead-integration, but the emulator is configured for demo-not-the-rug. To opt-out of single project mode add/set the '"singleProjectMode": false' property in the firebase.json emulators config.
Multiple projectIds are not recommended in single project mode. Requested project ID demo-lead-integration, but the emulator is configured for demo-not-the-rug. To opt-out of single project mode add/set the '"singleProjectMode": false' property in the firebase.json emulators config.
Multiple projectIds are not recommended in single project mode. Requested project ID demo-lead-integration, but the emulator is configured for demo-not-the-rug. To opt-out of single project mode add/set the '"singleProjectMode": false' property in the firebase.json emulators config.
Multiple projectIds are not recommended in single project mode. Requested project ID demo-lead-integration, but the emulator is configured for demo-not-the-rug. To opt-out of single project mode add/set the '"singleProjectMode": false' property in the firebase.json emulators config.
Multiple projectIds are not recommended in single project mode. Requested project ID demo-lead-integration, but the emulator is configured for demo-not-the-rug. To opt-out of single project mode add/set the '"singleProjectMode": false' property in the firebase.json emulators config.
Multiple projectIds are not recommended in single project mode. Requested project ID demo-lead-integration, but the emulator is configured for demo-not-the-rug. To opt-out of single project mode add/set the '"singleProjectMode": false' property in the firebase.json emulators config.
Multiple projectIds are not recommended in single project mode. Requested project ID demo-lead-integration, but the emulator is configured for demo-not-the-rug. To opt-out of single project mode add/set the '"singleProjectMode": false' property in the firebase.json emulators config.
Multiple projectIds are not recommended in single project mode. Requested project ID demo-lead-integration, but the emulator is configured for demo-not-the-rug. To opt-out of single project mode add/set the '"singleProjectMode": false' property in the firebase.json emulators config.
Sep 15, 2026 9:18:09 AM io.gapi.emulators.netty.HttpVersionRoutingHandler channelRead
INFO: Detected non-HTTP/2 connection.
Sep 15, 2026 9:18:09 AM io.gapi.emulators.netty.HttpVersionRoutingHandler channelRead
INFO: Detected non-HTTP/2 connection.
Multiple projectIds are not recommended in single project mode. Requested project ID demo-lead-integration, but the emulator is configured for demo-not-the-rug. To opt-out of single project mode add/set the '"singleProjectMode": false' property in the firebase.json emulators config.
Multiple projectIds are not recommended in single project mode. Requested project ID demo-lead-integration, but the emulator is configured for demo-not-the-rug. To opt-out of single project mode add/set the '"singleProjectMode": false' property in the firebase.json emulators config.
Multiple projectIds are not recommended in single project mode. Requested project ID demo-lead-integration, but the emulator is configured for demo-not-the-rug. To opt-out of single project mode add/set the '"singleProjectMode": false' property in the firebase.json emulators config.
Sep 15, 2026 9:18:09 AM com.google.cloud.datastore.emulator.impl.util.WrappedStreamObserver onError
WARNING: Operation failed: Document (projects/demo-lead-integration/databases/(default)/documents/leads/ac49bf6a86deb2f01dd4ffbbf9b796281e326cd586cc97fc6f59d82194c10f45) not found.
com.google.cloud.datastore.core.exception.DatastoreException: Document (projects/demo-lead-integration/databases/(default)/documents/leads/ac49bf6a86deb2f01dd4ffbbf9b796281e326cd586cc97fc6f59d82194c10f45) not found.
	at com.google.cloud.datastore.emulator.impl.firestore.CloudFirestoreV1.getDocument(CloudFirestoreV1.java:340)
	at com.google.cloud.datastore.emulator.impl.firestore.CloudFirestoreV1Router.getDocument(CloudFirestoreV1Router.java:132)
	at com.google.cloud.datastore.emulator.impl.firestore.CloudFirestoreV1Router.getOrListDocuments(CloudFirestoreV1Router.java:126)
	at com.google.cloud.datastore.emulator.firestore.v1.FirestoreV1GrpcAdapter$1.lambda$getOrListDocuments$0(FirestoreV1GrpcAdapter.java:108)
	at com.google.cloud.datastore.emulator.firestore.v1.FirestoreV1GrpcAdapter.unary(FirestoreV1GrpcAdapter.java:72)
	at com.google.cloud.datastore.emulator.firestore.v1.FirestoreV1GrpcAdapter$1.getOrListDocuments(FirestoreV1GrpcAdapter.java:108)
	at com.google.firestore.v1.FirestoreGrpc$MethodHandlers.invoke(FirestoreGrpc.java:1376)
	at io.grpc.stub.ServerCalls$UnaryServerCallHandler$UnaryServerCallListener.onHalfClose(ServerCalls.java:182)
	at io.grpc.PartialForwardingServerCallListener.onHalfClose(PartialForwardingServerCallListener.java:35)
	at io.grpc.ForwardingServerCallListener.onHalfClose(ForwardingServerCallListener.java:23)
	at io.grpc.ForwardingServerCallListener$SimpleForwardingServerCallListener.onHalfClose(ForwardingServerCallListener.java:40)
	at io.grpc.Contexts$ContextualizedServerCallListener.onHalfClose(Contexts.java:86)
	at io.grpc.PartialForwardingServerCallListener.onHalfClose(PartialForwardingServerCallListener.java:35)
	at io.grpc.ForwardingServerCallListener.onHalfClose(ForwardingServerCallListener.java:23)
	at io.grpc.ForwardingServerCallListener$SimpleForwardingServerCallListener.onHalfClose(ForwardingServerCallListener.java:40)
	at io.grpc.Contexts$ContextualizedServerCallListener.onHalfClose(Contexts.java:86)
	at io.grpc.internal.ServerCallImpl$ServerStreamListenerImpl.halfClosed(ServerCallImpl.java:356)
	at io.grpc.internal.ServerImpl$JumpToApplicationThreadServerStreamListener$1HalfClosed.runInContext(ServerImpl.java:861)
	at io.grpc.internal.ContextRunnable.run(ContextRunnable.java:37)
	at io.grpc.internal.SerializingExecutor.run(SerializingExecutor.java:133)
	at java.base/java.util.concurrent.ThreadPoolExecutor.runWorker(ThreadPoolExecutor.java:1144)
	at java.base/java.util.concurrent.ThreadPoolExecutor$Worker.run(ThreadPoolExecutor.java:642)
	at java.base/java.lang.Thread.run(Thread.java:1583)

Sep 15, 2026 9:18:09 AM io.gapi.emulators.netty.HttpHandler$1 onError
INFO: Exception when handling request: NOT_FOUND: Document (projects/demo-lead-integration/databases/(default)/documents/leads/ac49bf6a86deb2f01dd4ffbbf9b796281e326cd586cc97fc6f59d82194c10f45) not found.
Multiple projectIds are not recommended in single project mode. Requested project ID demo-lead-integration, but the emulator is configured for demo-not-the-rug. To opt-out of single project mode add/set the '"singleProjectMode": false' property in the firebase.json emulators config.
Multiple projectIds are not recommended in single project mode. Requested project ID demo-lead-integration, but the emulator is configured for demo-not-the-rug. To opt-out of single project mode add/set the '"singleProjectMode": false' property in the firebase.json emulators config.
Multiple projectIds are not recommended in single project mode. Requested project ID demo-lead-integration, but the emulator is configured for demo-not-the-rug. To opt-out of single project mode add/set the '"singleProjectMode": false' property in the firebase.json emulators config.
Multiple projectIds are not recommended in single project mode. Requested project ID demo-lead-integration, but the emulator is configured for demo-not-the-rug. To opt-out of single project mode add/set the '"singleProjectMode": false' property in the firebase.json emulators config.
Multiple projectIds are not recommended in single project mode. Requested project ID demo-lead-integration, but the emulator is configured for demo-not-the-rug. To opt-out of single project mode add/set the '"singleProjectMode": false' property in the firebase.json emulators config.
Multiple projectIds are not recommended in single project mode. Requested project ID demo-lead-integration, but the emulator is configured for demo-not-the-rug. To opt-out of single project mode add/set the '"singleProjectMode": false' property in the firebase.json emulators config.
Sep 15, 2026 9:18:09 AM com.google.cloud.datastore.emulator.impl.util.WrappedStreamObserver onError
WARNING: Operation failed: Document (projects/demo-lead-integration/databases/(default)/documents/leads/f805d04d1bd72a6401a11d5643a0b8d0fe4aeb7808c4b0c7e908d9a58ce468f2) not found.
com.google.cloud.datastore.core.exception.DatastoreException: Document (projects/demo-lead-integration/databases/(default)/documents/leads/f805d04d1bd72a6401a11d5643a0b8d0fe4aeb7808c4b0c7e908d9a58ce468f2) not found.
	at com.google.cloud.datastore.emulator.impl.firestore.CloudFirestoreV1.getDocument(CloudFirestoreV1.java:340)
	at com.google.cloud.datastore.emulator.impl.firestore.CloudFirestoreV1Router.getDocument(CloudFirestoreV1Router.java:132)
	at com.google.cloud.datastore.emulator.impl.firestore.CloudFirestoreV1Router.getOrListDocuments(CloudFirestoreV1Router.java:126)
	at com.google.cloud.datastore.emulator.firestore.v1.FirestoreV1GrpcAdapter$1.lambda$getOrListDocuments$0(FirestoreV1GrpcAdapter.java:108)
	at com.google.cloud.datastore.emulator.firestore.v1.FirestoreV1GrpcAdapter.unary(FirestoreV1GrpcAdapter.java:72)
	at com.google.cloud.datastore.emulator.firestore.v1.FirestoreV1GrpcAdapter$1.getOrListDocuments(FirestoreV1GrpcAdapter.java:108)
	at com.google.firestore.v1.FirestoreGrpc$MethodHandlers.invoke(FirestoreGrpc.java:1376)
	at io.grpc.stub.ServerCalls$UnaryServerCallHandler$UnaryServerCallListener.onHalfClose(ServerCalls.java:182)
	at io.grpc.PartialForwardingServerCallListener.onHalfClose(PartialForwardingServerCallListener.java:35)
	at io.grpc.ForwardingServerCallListener.onHalfClose(ForwardingServerCallListener.java:23)
	at io.grpc.ForwardingServerCallListener$SimpleForwardingServerCallListener.onHalfClose(ForwardingServerCallListener.java:40)
	at io.grpc.Contexts$ContextualizedServerCallListener.onHalfClose(Contexts.java:86)
	at io.grpc.PartialForwardingServerCallListener.onHalfClose(PartialForwardingServerCallListener.java:35)
	at io.grpc.ForwardingServerCallListener.onHalfClose(ForwardingServerCallListener.java:23)
	at io.grpc.ForwardingServerCallListener$SimpleForwardingServerCallListener.onHalfClose(ForwardingServerCallListener.java:40)
	at io.grpc.Contexts$ContextualizedServerCallListener.onHalfClose(Contexts.java:86)
	at io.grpc.internal.ServerCallImpl$ServerStreamListenerImpl.halfClosed(ServerCallImpl.java:356)
	at io.grpc.internal.ServerImpl$JumpToApplicationThreadServerStreamListener$1HalfClosed.runInContext(ServerImpl.java:861)
	at io.grpc.internal.ContextRunnable.run(ContextRunnable.java:37)
	at io.grpc.internal.SerializingExecutor.run(SerializingExecutor.java:133)
	at java.base/java.util.concurrent.ThreadPoolExecutor.runWorker(ThreadPoolExecutor.java:1144)
	at java.base/java.util.concurrent.ThreadPoolExecutor$Worker.run(ThreadPoolExecutor.java:642)
	at java.base/java.lang.Thread.run(Thread.java:1583)

Sep 15, 2026 9:18:09 AM io.gapi.emulators.netty.HttpHandler$1 onError
INFO: Exception when handling request: NOT_FOUND: Document (projects/demo-lead-integration/databases/(default)/documents/leads/f805d04d1bd72a6401a11d5643a0b8d0fe4aeb7808c4b0c7e908d9a58ce468f2) not found.
Multiple projectIds are not recommended in single project mode. Requested project ID demo-lead-integration, but the emulator is configured for demo-not-the-rug. To opt-out of single project mode add/set the '"singleProjectMode": false' property in the firebase.json emulators config.
Multiple projectIds are not recommended in single project mode. Requested project ID demo-lead-integration, but the emulator is configured for demo-not-the-rug. To opt-out of single project mode add/set the '"singleProjectMode": false' property in the firebase.json emulators config.
Multiple projectIds are not recommended in single project mode. Requested project ID demo-lead-integration, but the emulator is configured for demo-not-the-rug. To opt-out of single project mode add/set the '"singleProjectMode": false' property in the firebase.json emulators config.
Multiple projectIds are not recommended in single project mode. Requested project ID demo-lead-integration, but the emulator is configured for demo-not-the-rug. To opt-out of single project mode add/set the '"singleProjectMode": false' property in the firebase.json emulators config.
Multiple projectIds are not recommended in single project mode. Requested project ID demo-lead-integration, but the emulator is configured for demo-not-the-rug. To opt-out of single project mode add/set the '"singleProjectMode": false' property in the firebase.json emulators config.
Multiple projectIds are not recommended in single project mode. Requested project ID demo-lead-integration, but the emulator is configured for demo-not-the-rug. To opt-out of single project mode add/set the '"singleProjectMode": false' property in the firebase.json emulators config.
Sep 15, 2026 9:18:09 AM com.google.cloud.datastore.emulator.impl.util.WrappedStreamObserver onError
WARNING: Operation failed: Document (projects/demo-lead-integration/databases/(default)/documents/leads/150147ed7a05364b87d1fd4218e611e8d9a943b5dab9da6f7664f7d57d56249f) not found.
com.google.cloud.datastore.core.exception.DatastoreException: Document (projects/demo-lead-integration/databases/(default)/documents/leads/150147ed7a05364b87d1fd4218e611e8d9a943b5dab9da6f7664f7d57d56249f) not found.
	at com.google.cloud.datastore.emulator.impl.firestore.CloudFirestoreV1.getDocument(CloudFirestoreV1.java:340)
	at com.google.cloud.datastore.emulator.impl.firestore.CloudFirestoreV1Router.getDocument(CloudFirestoreV1Router.java:132)
	at com.google.cloud.datastore.emulator.impl.firestore.CloudFirestoreV1Router.getOrListDocuments(CloudFirestoreV1Router.java:126)
	at com.google.cloud.datastore.emulator.firestore.v1.FirestoreV1GrpcAdapter$1.lambda$getOrListDocuments$0(FirestoreV1GrpcAdapter.java:108)
	at com.google.cloud.datastore.emulator.firestore.v1.FirestoreV1GrpcAdapter.unary(FirestoreV1GrpcAdapter.java:72)
	at com.google.cloud.datastore.emulator.firestore.v1.FirestoreV1GrpcAdapter$1.getOrListDocuments(FirestoreV1GrpcAdapter.java:108)
	at com.google.firestore.v1.FirestoreGrpc$MethodHandlers.invoke(FirestoreGrpc.java:1376)
	at io.grpc.stub.ServerCalls$UnaryServerCallHandler$UnaryServerCallListener.onHalfClose(ServerCalls.java:182)
	at io.grpc.PartialForwardingServerCallListener.onHalfClose(PartialForwardingServerCallListener.java:35)
	at io.grpc.ForwardingServerCallListener.onHalfClose(ForwardingServerCallListener.java:23)
	at io.grpc.ForwardingServerCallListener$SimpleForwardingServerCallListener.onHalfClose(ForwardingServerCallListener.java:40)
	at io.grpc.Contexts$ContextualizedServerCallListener.onHalfClose(Contexts.java:86)
	at io.grpc.PartialForwardingServerCallListener.onHalfClose(PartialForwardingServerCallListener.java:35)
	at io.grpc.ForwardingServerCallListener.onHalfClose(ForwardingServerCallListener.java:23)
	at io.grpc.ForwardingServerCallListener$SimpleForwardingServerCallListener.onHalfClose(ForwardingServerCallListener.java:40)
	at io.grpc.Contexts$ContextualizedServerCallListener.onHalfClose(Contexts.java:86)
	at io.grpc.internal.ServerCallImpl$ServerStreamListenerImpl.halfClosed(ServerCallImpl.java:356)
	at io.grpc.internal.ServerImpl$JumpToApplicationThreadServerStreamListener$1HalfClosed.runInContext(ServerImpl.java:861)
	at io.grpc.internal.ContextRunnable.run(ContextRunnable.java:37)
	at io.grpc.internal.SerializingExecutor.run(SerializingExecutor.java:133)
	at java.base/java.util.concurrent.ThreadPoolExecutor.runWorker(ThreadPoolExecutor.java:1144)
	at java.base/java.util.concurrent.ThreadPoolExecutor$Worker.run(ThreadPoolExecutor.java:642)
	at java.base/java.lang.Thread.run(Thread.java:1583)

Sep 15, 2026 9:18:09 AM io.gapi.emulators.netty.HttpHandler$1 onError
INFO: Exception when handling request: NOT_FOUND: Document (projects/demo-lead-integration/databases/(default)/documents/leads/150147ed7a05364b87d1fd4218e611e8d9a943b5dab9da6f7664f7d57d56249f) not found.
Multiple projectIds are not recommended in single project mode. Requested project ID demo-lead-integration, but the emulator is configured for demo-not-the-rug. To opt-out of single project mode add/set the '"singleProjectMode": false' property in the firebase.json emulators config.
Multiple projectIds are not recommended in single project mode. Requested project ID demo-lead-integration, but the emulator is configured for demo-not-the-rug. To opt-out of single project mode add/set the '"singleProjectMode": false' property in the firebase.json emulators config.
Multiple projectIds are not recommended in single project mode. Requested project ID demo-lead-integration, but the emulator is configured for demo-not-the-rug. To opt-out of single project mode add/set the '"singleProjectMode": false' property in the firebase.json emulators config.
Multiple projectIds are not recommended in single project mode. Requested project ID demo-lead-integration, but the emulator is configured for demo-not-the-rug. To opt-out of single project mode add/set the '"singleProjectMode": false' property in the firebase.json emulators config.
Multiple projectIds are not recommended in single project mode. Requested project ID demo-lead-integration, but the emulator is configured for demo-not-the-rug. To opt-out of single project mode add/set the '"singleProjectMode": false' property in the firebase.json emulators config.
Multiple projectIds are not recommended in single project mode. Requested project ID demo-lead-integration, but the emulator is configured for demo-not-the-rug. To opt-out of single project mode add/set the '"singleProjectMode": false' property in the firebase.json emulators config.
Sep 15, 2026 9:18:09 AM com.google.cloud.datastore.emulator.impl.util.WrappedStreamObserver onError
WARNING: Operation failed: Document (projects/demo-lead-integration/databases/(default)/documents/leads/8763ea20c834844dd2d8c0ffc92815c13fe3c7514778c1b4706ac6a3ca3d0c3e) not found.
com.google.cloud.datastore.core.exception.DatastoreException: Document (projects/demo-lead-integration/databases/(default)/documents/leads/8763ea20c834844dd2d8c0ffc92815c13fe3c7514778c1b4706ac6a3ca3d0c3e) not found.
	at com.google.cloud.datastore.emulator.impl.firestore.CloudFirestoreV1.getDocument(CloudFirestoreV1.java:340)
	at com.google.cloud.datastore.emulator.impl.firestore.CloudFirestoreV1Router.getDocument(CloudFirestoreV1Router.java:132)
	at com.google.cloud.datastore.emulator.impl.firestore.CloudFirestoreV1Router.getOrListDocuments(CloudFirestoreV1Router.java:126)
	at com.google.cloud.datastore.emulator.firestore.v1.FirestoreV1GrpcAdapter$1.lambda$getOrListDocuments$0(FirestoreV1GrpcAdapter.java:108)
	at com.google.cloud.datastore.emulator.firestore.v1.FirestoreV1GrpcAdapter.unary(FirestoreV1GrpcAdapter.java:72)
	at com.google.cloud.datastore.emulator.firestore.v1.FirestoreV1GrpcAdapter$1.getOrListDocuments(FirestoreV1GrpcAdapter.java:108)
	at com.google.firestore.v1.FirestoreGrpc$MethodHandlers.invoke(FirestoreGrpc.java:1376)
	at io.grpc.stub.ServerCalls$UnaryServerCallHandler$UnaryServerCallListener.onHalfClose(ServerCalls.java:182)
	at io.grpc.PartialForwardingServerCallListener.onHalfClose(PartialForwardingServerCallListener.java:35)
	at io.grpc.ForwardingServerCallListener.onHalfClose(ForwardingServerCallListener.java:23)
	at io.grpc.ForwardingServerCallListener$SimpleForwardingServerCallListener.onHalfClose(ForwardingServerCallListener.java:40)
	at io.grpc.Contexts$ContextualizedServerCallListener.onHalfClose(Contexts.java:86)
	at io.grpc.PartialForwardingServerCallListener.onHalfClose(PartialForwardingServerCallListener.java:35)
	at io.grpc.ForwardingServerCallListener.onHalfClose(ForwardingServerCallListener.java:23)
	at io.grpc.ForwardingServerCallListener$SimpleForwardingServerCallListener.onHalfClose(ForwardingServerCallListener.java:40)
	at io.grpc.Contexts$ContextualizedServerCallListener.onHalfClose(Contexts.java:86)
	at io.grpc.internal.ServerCallImpl$ServerStreamListenerImpl.halfClosed(ServerCallImpl.java:356)
	at io.grpc.internal.ServerImpl$JumpToApplicationThreadServerStreamListener$1HalfClosed.runInContext(ServerImpl.java:861)
	at io.grpc.internal.ContextRunnable.run(ContextRunnable.java:37)
	at io.grpc.internal.SerializingExecutor.run(SerializingExecutor.java:133)
	at java.base/java.util.concurrent.ThreadPoolExecutor.runWorker(ThreadPoolExecutor.java:1144)
	at java.base/java.util.concurrent.ThreadPoolExecutor$Worker.run(ThreadPoolExecutor.java:642)
	at java.base/java.lang.Thread.run(Thread.java:1583)

Sep 15, 2026 9:18:09 AM io.gapi.emulators.netty.HttpHandler$1 onError
INFO: Exception when handling request: NOT_FOUND: Document (projects/demo-lead-integration/databases/(default)/documents/leads/8763ea20c834844dd2d8c0ffc92815c13fe3c7514778c1b4706ac6a3ca3d0c3e) not found.
Multiple projectIds are not recommended in single project mode. Requested project ID demo-lead-integration, but the emulator is configured for demo-not-the-rug. To opt-out of single project mode add/set the '"singleProjectMode": false' property in the firebase.json emulators config.
Multiple projectIds are not recommended in single project mode. Requested project ID demo-lead-integration, but the emulator is configured for demo-not-the-rug. To opt-out of single project mode add/set the '"singleProjectMode": false' property in the firebase.json emulators config.
Multiple projectIds are not recommended in single project mode. Requested project ID demo-lead-integration, but the emulator is configured for demo-not-the-rug. To opt-out of single project mode add/set the '"singleProjectMode": false' property in the firebase.json emulators config.
Multiple projectIds are not recommended in single project mode. Requested project ID demo-lead-integration, but the emulator is configured for demo-not-the-rug. To opt-out of single project mode add/set the '"singleProjectMode": false' property in the firebase.json emulators config.
Sep 15, 2026 9:18:09 AM com.google.cloud.datastore.emulator.impl.util.WrappedStreamObserver onError
WARNING: Operation failed: Document (projects/demo-lead-integration/databases/(default)/documents/leads/8763ea20c834844dd2d8c0ffc92815c13fe3c7514778c1b4706ac6a3ca3d0c3e) not found.
com.google.cloud.datastore.core.exception.DatastoreException: Document (projects/demo-lead-integration/databases/(default)/documents/leads/8763ea20c834844dd2d8c0ffc92815c13fe3c7514778c1b4706ac6a3ca3d0c3e) not found.
	at com.google.cloud.datastore.emulator.impl.firestore.CloudFirestoreV1.getDocument(CloudFirestoreV1.java:340)
	at com.google.cloud.datastore.emulator.impl.firestore.CloudFirestoreV1Router.getDocument(CloudFirestoreV1Router.java:132)
	at com.google.cloud.datastore.emulator.impl.firestore.CloudFirestoreV1Router.getOrListDocuments(CloudFirestoreV1Router.java:126)
	at com.google.cloud.datastore.emulator.firestore.v1.FirestoreV1GrpcAdapter$1.lambda$getOrListDocuments$0(FirestoreV1GrpcAdapter.java:108)
	at com.google.cloud.datastore.emulator.firestore.v1.FirestoreV1GrpcAdapter.unary(FirestoreV1GrpcAdapter.java:72)
	at com.google.cloud.datastore.emulator.firestore.v1.FirestoreV1GrpcAdapter$1.getOrListDocuments(FirestoreV1GrpcAdapter.java:108)
	at com.google.firestore.v1.FirestoreGrpc$MethodHandlers.invoke(FirestoreGrpc.java:1376)
	at io.grpc.stub.ServerCalls$UnaryServerCallHandler$UnaryServerCallListener.onHalfClose(ServerCalls.java:182)
	at io.grpc.PartialForwardingServerCallListener.onHalfClose(PartialForwardingServerCallListener.java:35)
	at io.grpc.ForwardingServerCallListener.onHalfClose(ForwardingServerCallListener.java:23)
	at io.grpc.ForwardingServerCallListener$SimpleForwardingServerCallListener.onHalfClose(ForwardingServerCallListener.java:40)
	at io.grpc.Contexts$ContextualizedServerCallListener.onHalfClose(Contexts.java:86)
	at io.grpc.PartialForwardingServerCallListener.onHalfClose(PartialForwardingServerCallListener.java:35)
	at io.grpc.ForwardingServerCallListener.onHalfClose(ForwardingServerCallListener.java:23)
	at io.grpc.ForwardingServerCallListener$SimpleForwardingServerCallListener.onHalfClose(ForwardingServerCallListener.java:40)
	at io.grpc.Contexts$ContextualizedServerCallListener.onHalfClose(Contexts.java:86)
	at io.grpc.internal.ServerCallImpl$ServerStreamListenerImpl.halfClosed(ServerCallImpl.java:356)
	at io.grpc.internal.ServerImpl$JumpToApplicationThreadServerStreamListener$1HalfClosed.runInContext(ServerImpl.java:861)
	at io.grpc.internal.ContextRunnable.run(ContextRunnable.java:37)
	at io.grpc.internal.SerializingExecutor.run(SerializingExecutor.java:133)
	at java.base/java.util.concurrent.ThreadPoolExecutor.runWorker(ThreadPoolExecutor.java:1144)
	at java.base/java.util.concurrent.ThreadPoolExecutor$Worker.run(ThreadPoolExecutor.java:642)
	at java.base/java.lang.Thread.run(Thread.java:1583)

Sep 15, 2026 9:18:09 AM io.gapi.emulators.netty.HttpHandler$1 onError
INFO: Exception when handling request: NOT_FOUND: Document (projects/demo-lead-integration/databases/(default)/documents/leads/8763ea20c834844dd2d8c0ffc92815c13fe3c7514778c1b4706ac6a3ca3d0c3e) not found.
Multiple projectIds are not recommended in single project mode. Requested project ID demo-lead-integration, but the emulator is configured for demo-not-the-rug. To opt-out of single project mode add/set the '"singleProjectMode": false' property in the firebase.json emulators config.
Sep 15, 2026 9:18:09 AM com.google.cloud.datastore.emulator.impl.util.WrappedStreamObserver onError
WARNING: Operation failed: entity already exists: EntityRef[partitionRef=dev~demo-lead-integration, path=/leads/cdc2b3ef7388374b22d4a13806ced0862b7f20caf13fc1d0b889674b50b91343]
com.google.cloud.datastore.core.exception.DatastoreException: entity already exists: EntityRef[partitionRef=dev~demo-lead-integration, path=/leads/cdc2b3ef7388374b22d4a13806ced0862b7f20caf13fc1d0b889674b50b91343]
	at com.google.cloud.datastore.core.exception.DatastoreException.withProblem(DatastoreException.java:352)
	at com.google.cloud.datastore.emulator.impl.util.FirestoreEmulatorConverters.alreadyExists(FirestoreEmulatorConverters.java:748)
	at com.google.cloud.datastore.emulator.impl.util.FirestoreEmulatorConverters.checkMutation(FirestoreEmulatorConverters.java:214)
	at com.google.cloud.datastore.emulator.impl.firestore.FirestoreEmulatorHelper.commitHelper(FirestoreEmulatorHelper.java:390)
	at com.google.cloud.datastore.emulator.impl.firestore.FirestoreEmulatorHelper.internalCommit(FirestoreEmulatorHelper.java:339)
	at com.google.cloud.datastore.emulator.impl.firestore.CloudFirestoreV1.internalCommit(CloudFirestoreV1.java:1243)
	at com.google.cloud.datastore.emulator.impl.firestore.CloudFirestoreV1.createDocument(CloudFirestoreV1.java:450)
	at com.google.cloud.datastore.emulator.impl.firestore.CloudFirestoreV1Router.createDocument(CloudFirestoreV1Router.java:146)
	at com.google.cloud.datastore.emulator.firestore.v1.FirestoreV1GrpcAdapter$1.lambda$createDocument$0(FirestoreV1GrpcAdapter.java:126)
	at com.google.cloud.datastore.emulator.firestore.v1.FirestoreV1GrpcAdapter.unary(FirestoreV1GrpcAdapter.java:72)
	at com.google.cloud.datastore.emulator.firestore.v1.FirestoreV1GrpcAdapter$1.createDocument(FirestoreV1GrpcAdapter.java:126)
	at com.google.firestore.v1.FirestoreGrpc$MethodHandlers.invoke(FirestoreGrpc.java:1436)
	at io.grpc.stub.ServerCalls$UnaryServerCallHandler$UnaryServerCallListener.onHalfClose(ServerCalls.java:182)
	at io.grpc.PartialForwardingServerCallListener.onHalfClose(PartialForwardingServerCallListener.java:35)
	at io.grpc.ForwardingServerCallListener.onHalfClose(ForwardingServerCallListener.java:23)
	at io.grpc.ForwardingServerCallListener$SimpleForwardingServerCallListener.onHalfClose(ForwardingServerCallListener.java:40)
	at io.grpc.Contexts$ContextualizedServerCallListener.onHalfClose(Contexts.java:86)
	at io.grpc.PartialForwardingServerCallListener.onHalfClose(PartialForwardingServerCallListener.java:35)
	at io.grpc.ForwardingServerCallListener.onHalfClose(ForwardingServerCallListener.java:23)
	at io.grpc.ForwardingServerCallListener$SimpleForwardingServerCallListener.onHalfClose(ForwardingServerCallListener.java:40)
	at io.grpc.Contexts$ContextualizedServerCallListener.onHalfClose(Contexts.java:86)
	at io.grpc.internal.ServerCallImpl$ServerStreamListenerImpl.halfClosed(ServerCallImpl.java:356)
	at io.grpc.internal.ServerImpl$JumpToApplicationThreadServerStreamListener$1HalfClosed.runInContext(ServerImpl.java:861)
	at io.grpc.internal.ContextRunnable.run(ContextRunnable.java:37)
	at io.grpc.internal.SerializingExecutor.run(SerializingExecutor.java:133)
	at java.base/java.util.concurrent.ThreadPoolExecutor.runWorker(ThreadPoolExecutor.java:1144)
	at java.base/java.util.concurrent.ThreadPoolExecutor$Worker.run(ThreadPoolExecutor.java:642)
	at java.base/java.lang.Thread.run(Thread.java:1583)

Sep 15, 2026 9:18:09 AM io.gapi.emulators.netty.HttpHandler$1 onError
INFO: Exception when handling request: ALREADY_EXISTS: entity already exists: EntityRef[partitionRef=dev~demo-lead-integration, path=/leads/cdc2b3ef7388374b22d4a13806ced0862b7f20caf13fc1d0b889674b50b91343]
Multiple projectIds are not recommended in single project mode. Requested project ID demo-lead-integration, but the emulator is configured for demo-not-the-rug. To opt-out of single project mode add/set the '"singleProjectMode": false' property in the firebase.json emulators config.
Multiple projectIds are not recommended in single project mode. Requested project ID demo-lead-integration, but the emulator is configured for demo-not-the-rug. To opt-out of single project mode add/set the '"singleProjectMode": false' property in the firebase.json emulators config.
Multiple projectIds are not recommended in single project mode. Requested project ID demo-lead-integration, but the emulator is configured for demo-not-the-rug. To opt-out of single project mode add/set the '"singleProjectMode": false' property in the firebase.json emulators config.
Sep 15, 2026 9:18:09 AM io.gapi.emulators.netty.HttpVersionRoutingHandler channelRead
INFO: Detected non-HTTP/2 connection.
Multiple projectIds are not recommended in single project mode. Requested project ID demo-lead-integration, but the emulator is configured for demo-not-the-rug. To opt-out of single project mode add/set the '"singleProjectMode": false' property in the firebase.json emulators config.
Multiple projectIds are not recommended in single project mode. Requested project ID demo-lead-integration, but the emulator is configured for demo-not-the-rug. To opt-out of single project mode add/set the '"singleProjectMode": false' property in the firebase.json emulators config.
Multiple projectIds are not recommended in single project mode. Requested project ID demo-lead-integration, but the emulator is configured for demo-not-the-rug. To opt-out of single project mode add/set the '"singleProjectMode": false' property in the firebase.json emulators config.
Multiple projectIds are not recommended in single project mode. Requested project ID demo-lead-integration, but the emulator is configured for demo-not-the-rug. To opt-out of single project mode add/set the '"singleProjectMode": false' property in the firebase.json emulators config.
Sep 15, 2026 9:18:09 AM com.google.cloud.datastore.emulator.impl.util.WrappedStreamObserver onError
WARNING: Operation failed: Document (projects/demo-lead-integration/databases/(default)/documents/leads/bc48692c44bde28ac6676d30524b391c81c2abb75db8e331870b24e1367d7693) not found.
com.google.cloud.datastore.core.exception.DatastoreException: Document (projects/demo-lead-integration/databases/(default)/documents/leads/bc48692c44bde28ac6676d30524b391c81c2abb75db8e331870b24e1367d7693) not found.
	at com.google.cloud.datastore.emulator.impl.firestore.CloudFirestoreV1.getDocument(CloudFirestoreV1.java:340)
	at com.google.cloud.datastore.emulator.impl.firestore.CloudFirestoreV1Router.getDocument(CloudFirestoreV1Router.java:132)
	at com.google.cloud.datastore.emulator.impl.firestore.CloudFirestoreV1Router.getOrListDocuments(CloudFirestoreV1Router.java:126)
	at com.google.cloud.datastore.emulator.firestore.v1.FirestoreV1GrpcAdapter$1.lambda$getOrListDocuments$0(FirestoreV1GrpcAdapter.java:108)
	at com.google.cloud.datastore.emulator.firestore.v1.FirestoreV1GrpcAdapter.unary(FirestoreV1GrpcAdapter.java:72)
	at com.google.cloud.datastore.emulator.firestore.v1.FirestoreV1GrpcAdapter$1.getOrListDocuments(FirestoreV1GrpcAdapter.java:108)
	at com.google.firestore.v1.FirestoreGrpc$MethodHandlers.invoke(FirestoreGrpc.java:1376)
	at io.grpc.stub.ServerCalls$UnaryServerCallHandler$UnaryServerCallListener.onHalfClose(ServerCalls.java:182)
	at io.grpc.PartialForwardingServerCallListener.onHalfClose(PartialForwardingServerCallListener.java:35)
	at io.grpc.ForwardingServerCallListener.onHalfClose(ForwardingServerCallListener.java:23)
	at io.grpc.ForwardingServerCallListener$SimpleForwardingServerCallListener.onHalfClose(ForwardingServerCallListener.java:40)
	at io.grpc.Contexts$ContextualizedServerCallListener.onHalfClose(Contexts.java:86)
	at io.grpc.PartialForwardingServerCallListener.onHalfClose(PartialForwardingServerCallListener.java:35)
	at io.grpc.ForwardingServerCallListener.onHalfClose(ForwardingServerCallListener.java:23)
	at io.grpc.ForwardingServerCallListener$SimpleForwardingServerCallListener.onHalfClose(ForwardingServerCallListener.java:40)
	at io.grpc.Contexts$ContextualizedServerCallListener.onHalfClose(Contexts.java:86)
	at io.grpc.internal.ServerCallImpl$ServerStreamListenerImpl.halfClosed(ServerCallImpl.java:356)
	at io.grpc.internal.ServerImpl$JumpToApplicationThreadServerStreamListener$1HalfClosed.runInContext(ServerImpl.java:861)
	at io.grpc.internal.ContextRunnable.run(ContextRunnable.java:37)
	at io.grpc.internal.SerializingExecutor.run(SerializingExecutor.java:133)
	at java.base/java.util.concurrent.ThreadPoolExecutor.runWorker(ThreadPoolExecutor.java:1144)
	at java.base/java.util.concurrent.ThreadPoolExecutor$Worker.run(ThreadPoolExecutor.java:642)
	at java.base/java.lang.Thread.run(Thread.java:1583)

Sep 15, 2026 9:18:09 AM com.google.cloud.datastore.emulator.impl.util.WrappedStreamObserver onError
WARNING: Operation failed: Document (projects/demo-lead-integration/databases/(default)/documents/leads/bc48692c44bde28ac6676d30524b391c81c2abb75db8e331870b24e1367d7693) not found.
com.google.cloud.datastore.core.exception.DatastoreException: Document (projects/demo-lead-integration/databases/(default)/documents/leads/bc48692c44bde28ac6676d30524b391c81c2abb75db8e331870b24e1367d7693) not found.
	at com.google.cloud.datastore.emulator.impl.firestore.CloudFirestoreV1.getDocument(CloudFirestoreV1.java:340)
	at com.google.cloud.datastore.emulator.impl.firestore.CloudFirestoreV1Router.getDocument(CloudFirestoreV1Router.java:132)
	at com.google.cloud.datastore.emulator.impl.firestore.CloudFirestoreV1Router.getOrListDocuments(CloudFirestoreV1Router.java:126)
	at com.google.cloud.datastore.emulator.firestore.v1.FirestoreV1GrpcAdapter$1.lambda$getOrListDocuments$0(FirestoreV1GrpcAdapter.java:108)
	at com.google.cloud.datastore.emulator.firestore.v1.FirestoreV1GrpcAdapter.unary(FirestoreV1GrpcAdapter.java:72)
	at com.google.cloud.datastore.emulator.firestore.v1.FirestoreV1GrpcAdapter$1.getOrListDocuments(FirestoreV1GrpcAdapter.java:108)
	at com.google.firestore.v1.FirestoreGrpc$MethodHandlers.invoke(FirestoreGrpc.java:1376)
	at io.grpc.stub.ServerCalls$UnaryServerCallHandler$UnaryServerCallListener.onHalfClose(ServerCalls.java:182)
	at io.grpc.PartialForwardingServerCallListener.onHalfClose(PartialForwardingServerCallListener.java:35)
	at io.grpc.ForwardingServerCallListener.onHalfClose(ForwardingServerCallListener.java:23)
	at io.grpc.ForwardingServerCallListener$SimpleForwardingServerCallListener.onHalfClose(ForwardingServerCallListener.java:40)
	at io.grpc.Contexts$ContextualizedServerCallListener.onHalfClose(Contexts.java:86)
	at io.grpc.PartialForwardingServerCallListener.onHalfClose(PartialForwardingServerCallListener.java:35)
	at io.grpc.ForwardingServerCallListener.onHalfClose(ForwardingServerCallListener.java:23)
	at io.grpc.ForwardingServerCallListener$SimpleForwardingServerCallListener.onHalfClose(ForwardingServerCallListener.java:40)
	at io.grpc.Contexts$ContextualizedServerCallListener.onHalfClose(Contexts.java:86)
	at io.grpc.internal.ServerCallImpl$ServerStreamListenerImpl.halfClosed(ServerCallImpl.java:356)
	at io.grpc.internal.ServerImpl$JumpToApplicationThreadServerStreamListener$1HalfClosed.runInContext(ServerImpl.java:861)
	at io.grpc.internal.ContextRunnable.run(ContextRunnable.java:37)
	at io.grpc.internal.SerializingExecutor.run(SerializingExecutor.java:133)
	at java.base/java.util.concurrent.ThreadPoolExecutor.runWorker(ThreadPoolExecutor.java:1144)
	at java.base/java.util.concurrent.ThreadPoolExecutor$Worker.run(ThreadPoolExecutor.java:642)
	at java.base/java.lang.Thread.run(Thread.java:1583)

Sep 15, 2026 9:18:09 AM io.gapi.emulators.netty.HttpHandler$1 onError
INFO: Exception when handling request: NOT_FOUND: Document (projects/demo-lead-integration/databases/(default)/documents/leads/bc48692c44bde28ac6676d30524b391c81c2abb75db8e331870b24e1367d7693) not found.
Sep 15, 2026 9:18:09 AM io.gapi.emulators.netty.HttpHandler$1 onError
INFO: Exception when handling request: NOT_FOUND: Document (projects/demo-lead-integration/databases/(default)/documents/leads/bc48692c44bde28ac6676d30524b391c81c2abb75db8e331870b24e1367d7693) not found.
Multiple projectIds are not recommended in single project mode. Requested project ID demo-lead-integration, but the emulator is configured for demo-not-the-rug. To opt-out of single project mode add/set the '"singleProjectMode": false' property in the firebase.json emulators config.
Multiple projectIds are not recommended in single project mode. Requested project ID demo-lead-integration, but the emulator is configured for demo-not-the-rug. To opt-out of single project mode add/set the '"singleProjectMode": false' property in the firebase.json emulators config.
Sep 15, 2026 9:18:09 AM com.google.cloud.datastore.emulator.impl.util.WrappedStreamObserver onError
WARNING: Operation failed: entity already exists: EntityRef[partitionRef=dev~demo-lead-integration, path=/leads/7556115e84fb1b8c5799d34414760b71b319480cd2c824d6bc4bb48867fb8ad5]
com.google.cloud.datastore.core.exception.DatastoreException: entity already exists: EntityRef[partitionRef=dev~demo-lead-integration, path=/leads/7556115e84fb1b8c5799d34414760b71b319480cd2c824d6bc4bb48867fb8ad5]
	at com.google.cloud.datastore.core.exception.DatastoreException.withProblem(DatastoreException.java:352)
	at com.google.cloud.datastore.emulator.impl.util.FirestoreEmulatorConverters.alreadyExists(FirestoreEmulatorConverters.java:748)
	at com.google.cloud.datastore.emulator.impl.util.FirestoreEmulatorConverters.checkMutation(FirestoreEmulatorConverters.java:214)
	at com.google.cloud.datastore.emulator.impl.firestore.FirestoreEmulatorHelper.commitHelper(FirestoreEmulatorHelper.java:390)
	at com.google.cloud.datastore.emulator.impl.firestore.FirestoreEmulatorHelper.internalCommit(FirestoreEmulatorHelper.java:339)
	at com.google.cloud.datastore.emulator.impl.firestore.CloudFirestoreV1.internalCommit(CloudFirestoreV1.java:1243)
	at com.google.cloud.datastore.emulator.impl.firestore.CloudFirestoreV1.createDocument(CloudFirestoreV1.java:450)
	at com.google.cloud.datastore.emulator.impl.firestore.CloudFirestoreV1Router.createDocument(CloudFirestoreV1Router.java:146)
	at com.google.cloud.datastore.emulator.firestore.v1.FirestoreV1GrpcAdapter$1.lambda$createDocument$0(FirestoreV1GrpcAdapter.java:126)
	at com.google.cloud.datastore.emulator.firestore.v1.FirestoreV1GrpcAdapter.unary(FirestoreV1GrpcAdapter.java:72)
	at com.google.cloud.datastore.emulator.firestore.v1.FirestoreV1GrpcAdapter$1.createDocument(FirestoreV1GrpcAdapter.java:126)
	at com.google.firestore.v1.FirestoreGrpc$MethodHandlers.invoke(FirestoreGrpc.java:1436)
	at io.grpc.stub.ServerCalls$UnaryServerCallHandler$UnaryServerCallListener.onHalfClose(ServerCalls.java:182)
	at io.grpc.PartialForwardingServerCallListener.onHalfClose(PartialForwardingServerCallListener.java:35)
	at io.grpc.ForwardingServerCallListener.onHalfClose(ForwardingServerCallListener.java:23)
	at io.grpc.ForwardingServerCallListener$SimpleForwardingServerCallListener.onHalfClose(ForwardingServerCallListener.java:40)
	at io.grpc.Contexts$ContextualizedServerCallListener.onHalfClose(Contexts.java:86)
	at io.grpc.PartialForwardingServerCallListener.onHalfClose(PartialForwardingServerCallListener.java:35)
	at io.grpc.ForwardingServerCallListener.onHalfClose(ForwardingServerCallListener.java:23)
	at io.grpc.ForwardingServerCallListener$SimpleForwardingServerCallListener.onHalfClose(ForwardingServerCallListener.java:40)
	at io.grpc.Contexts$ContextualizedServerCallListener.onHalfClose(Contexts.java:86)
	at io.grpc.internal.ServerCallImpl$ServerStreamListenerImpl.halfClosed(ServerCallImpl.java:356)
	at io.grpc.internal.ServerImpl$JumpToApplicationThreadServerStreamListener$1HalfClosed.runInContext(ServerImpl.java:861)
	at io.grpc.internal.ContextRunnable.run(ContextRunnable.java:37)
	at io.grpc.internal.SerializingExecutor.run(SerializingExecutor.java:133)
	at java.base/java.util.concurrent.ThreadPoolExecutor.runWorker(ThreadPoolExecutor.java:1144)
	at java.base/java.util.concurrent.ThreadPoolExecutor$Worker.run(ThreadPoolExecutor.java:642)
	at java.base/java.lang.Thread.run(Thread.java:1583)

Sep 15, 2026 9:18:09 AM io.gapi.emulators.netty.HttpHandler$1 onError
INFO: Exception when handling request: ALREADY_EXISTS: entity already exists: EntityRef[partitionRef=dev~demo-lead-integration, path=/leads/7556115e84fb1b8c5799d34414760b71b319480cd2c824d6bc4bb48867fb8ad5]
Multiple projectIds are not recommended in single project mode. Requested project ID demo-lead-integration, but the emulator is configured for demo-not-the-rug. To opt-out of single project mode add/set the '"singleProjectMode": false' property in the firebase.json emulators config.
Multiple projectIds are not recommended in single project mode. Requested project ID demo-lead-integration, but the emulator is configured for demo-not-the-rug. To opt-out of single project mode add/set the '"singleProjectMode": false' property in the firebase.json emulators config.
Multiple projectIds are not recommended in single project mode. Requested project ID demo-lead-integration, but the emulator is configured for demo-not-the-rug. To opt-out of single project mode add/set the '"singleProjectMode": false' property in the firebase.json emulators config.
Multiple projectIds are not recommended in single project mode. Requested project ID demo-lead-integration, but the emulator is configured for demo-not-the-rug. To opt-out of single project mode add/set the '"singleProjectMode": false' property in the firebase.json emulators config.
Multiple projectIds are not recommended in single project mode. Requested project ID demo-lead-integration, but the emulator is configured for demo-not-the-rug. To opt-out of single project mode add/set the '"singleProjectMode": false' property in the firebase.json emulators config.
Multiple projectIds are not recommended in single project mode. Requested project ID demo-lead-integration, but the emulator is configured for demo-not-the-rug. To opt-out of single project mode add/set the '"singleProjectMode": false' property in the firebase.json emulators config.
Sep 15, 2026 9:18:09 AM com.google.cloud.datastore.emulator.impl.util.WrappedStreamObserver onError
WARNING: Operation failed: Document (projects/demo-lead-integration/databases/(default)/documents/leads/b083f32cf82501f613821a5418d74e8bb6793192a52be26f7cab136dc752e0c5) not found.
com.google.cloud.datastore.core.exception.DatastoreException: Document (projects/demo-lead-integration/databases/(default)/documents/leads/b083f32cf82501f613821a5418d74e8bb6793192a52be26f7cab136dc752e0c5) not found.
	at com.google.cloud.datastore.emulator.impl.firestore.CloudFirestoreV1.getDocument(CloudFirestoreV1.java:340)
	at com.google.cloud.datastore.emulator.impl.firestore.CloudFirestoreV1Router.getDocument(CloudFirestoreV1Router.java:132)
	at com.google.cloud.datastore.emulator.impl.firestore.CloudFirestoreV1Router.getOrListDocuments(CloudFirestoreV1Router.java:126)
	at com.google.cloud.datastore.emulator.firestore.v1.FirestoreV1GrpcAdapter$1.lambda$getOrListDocuments$0(FirestoreV1GrpcAdapter.java:108)
	at com.google.cloud.datastore.emulator.firestore.v1.FirestoreV1GrpcAdapter.unary(FirestoreV1GrpcAdapter.java:72)
	at com.google.cloud.datastore.emulator.firestore.v1.FirestoreV1GrpcAdapter$1.getOrListDocuments(FirestoreV1GrpcAdapter.java:108)
	at com.google.firestore.v1.FirestoreGrpc$MethodHandlers.invoke(FirestoreGrpc.java:1376)
	at io.grpc.stub.ServerCalls$UnaryServerCallHandler$UnaryServerCallListener.onHalfClose(ServerCalls.java:182)
	at io.grpc.PartialForwardingServerCallListener.onHalfClose(PartialForwardingServerCallListener.java:35)
	at io.grpc.ForwardingServerCallListener.onHalfClose(ForwardingServerCallListener.java:23)
	at io.grpc.ForwardingServerCallListener$SimpleForwardingServerCallListener.onHalfClose(ForwardingServerCallListener.java:40)
	at io.grpc.Contexts$ContextualizedServerCallListener.onHalfClose(Contexts.java:86)
	at io.grpc.PartialForwardingServerCallListener.onHalfClose(PartialForwardingServerCallListener.java:35)
	at io.grpc.ForwardingServerCallListener.onHalfClose(ForwardingServerCallListener.java:23)
	at io.grpc.ForwardingServerCallListener$SimpleForwardingServerCallListener.onHalfClose(ForwardingServerCallListener.java:40)
	at io.grpc.Contexts$ContextualizedServerCallListener.onHalfClose(Contexts.java:86)
	at io.grpc.internal.ServerCallImpl$ServerStreamListenerImpl.halfClosed(ServerCallImpl.java:356)
	at io.grpc.internal.ServerImpl$JumpToApplicationThreadServerStreamListener$1HalfClosed.runInContext(ServerImpl.java:861)
	at io.grpc.internal.ContextRunnable.run(ContextRunnable.java:37)
	at io.grpc.internal.SerializingExecutor.run(SerializingExecutor.java:133)
	at java.base/java.util.concurrent.ThreadPoolExecutor.runWorker(ThreadPoolExecutor.java:1144)
	at java.base/java.util.concurrent.ThreadPoolExecutor$Worker.run(ThreadPoolExecutor.java:642)
	at java.base/java.lang.Thread.run(Thread.java:1583)

Sep 15, 2026 9:18:09 AM io.gapi.emulators.netty.HttpHandler$1 onError
INFO: Exception when handling request: NOT_FOUND: Document (projects/demo-lead-integration/databases/(default)/documents/leads/b083f32cf82501f613821a5418d74e8bb6793192a52be26f7cab136dc752e0c5) not found.
Multiple projectIds are not recommended in single project mode. Requested project ID demo-lead-integration, but the emulator is configured for demo-not-the-rug. To opt-out of single project mode add/set the '"singleProjectMode": false' property in the firebase.json emulators config.
Multiple projectIds are not recommended in single project mode. Requested project ID demo-lead-integration, but the emulator is configured for demo-not-the-rug. To opt-out of single project mode add/set the '"singleProjectMode": false' property in the firebase.json emulators config.
Multiple projectIds are not recommended in single project mode. Requested project ID demo-lead-integration, but the emulator is configured for demo-not-the-rug. To opt-out of single project mode add/set the '"singleProjectMode": false' property in the firebase.json emulators config.
Multiple projectIds are not recommended in single project mode. Requested project ID demo-lead-integration, but the emulator is configured for demo-not-the-rug. To opt-out of single project mode add/set the '"singleProjectMode": false' property in the firebase.json emulators config.
Sep 15, 2026 9:18:09 AM com.google.cloud.datastore.emulator.impl.util.WrappedStreamObserver onError
WARNING: Operation failed: Document (projects/demo-lead-integration/databases/(default)/documents/leads/466fa42f5ecf22e9257dec478ba76543985bb784bfd9f7661cc7811c4affaa83) not found.
com.google.cloud.datastore.core.exception.DatastoreException: Document (projects/demo-lead-integration/databases/(default)/documents/leads/466fa42f5ecf22e9257dec478ba76543985bb784bfd9f7661cc7811c4affaa83) not found.
	at com.google.cloud.datastore.emulator.impl.firestore.CloudFirestoreV1.getDocument(CloudFirestoreV1.java:340)
	at com.google.cloud.datastore.emulator.impl.firestore.CloudFirestoreV1Router.getDocument(CloudFirestoreV1Router.java:132)
	at com.google.cloud.datastore.emulator.impl.firestore.CloudFirestoreV1Router.getOrListDocuments(CloudFirestoreV1Router.java:126)
	at com.google.cloud.datastore.emulator.firestore.v1.FirestoreV1GrpcAdapter$1.lambda$getOrListDocuments$0(FirestoreV1GrpcAdapter.java:108)
	at com.google.cloud.datastore.emulator.firestore.v1.FirestoreV1GrpcAdapter.unary(FirestoreV1GrpcAdapter.java:72)
	at com.google.cloud.datastore.emulator.firestore.v1.FirestoreV1GrpcAdapter$1.getOrListDocuments(FirestoreV1GrpcAdapter.java:108)
	at com.google.firestore.v1.FirestoreGrpc$MethodHandlers.invoke(FirestoreGrpc.java:1376)
	at io.grpc.stub.ServerCalls$UnaryServerCallHandler$UnaryServerCallListener.onHalfClose(ServerCalls.java:182)
	at io.grpc.PartialForwardingServerCallListener.onHalfClose(PartialForwardingServerCallListener.java:35)
	at io.grpc.ForwardingServerCallListener.onHalfClose(ForwardingServerCallListener.java:23)
	at io.grpc.ForwardingServerCallListener$SimpleForwardingServerCallListener.onHalfClose(ForwardingServerCallListener.java:40)
	at io.grpc.Contexts$ContextualizedServerCallListener.onHalfClose(Contexts.java:86)
	at io.grpc.PartialForwardingServerCallListener.onHalfClose(PartialForwardingServerCallListener.java:35)
	at io.grpc.ForwardingServerCallListener.onHalfClose(ForwardingServerCallListener.java:23)
	at io.grpc.ForwardingServerCallListener$SimpleForwardingServerCallListener.onHalfClose(ForwardingServerCallListener.java:40)
	at io.grpc.Contexts$ContextualizedServerCallListener.onHalfClose(Contexts.java:86)
	at io.grpc.internal.ServerCallImpl$ServerStreamListenerImpl.halfClosed(ServerCallImpl.java:356)
	at io.grpc.internal.ServerImpl$JumpToApplicationThreadServerStreamListener$1HalfClosed.runInContext(ServerImpl.java:861)
	at io.grpc.internal.ContextRunnable.run(ContextRunnable.java:37)
	at io.grpc.internal.SerializingExecutor.run(SerializingExecutor.java:133)
	at java.base/java.util.concurrent.ThreadPoolExecutor.runWorker(ThreadPoolExecutor.java:1144)
	at java.base/java.util.concurrent.ThreadPoolExecutor$Worker.run(ThreadPoolExecutor.java:642)
	at java.base/java.lang.Thread.run(Thread.java:1583)

Sep 15, 2026 9:18:09 AM io.gapi.emulators.netty.HttpHandler$1 onError
INFO: Exception when handling request: NOT_FOUND: Document (projects/demo-lead-integration/databases/(default)/documents/leads/466fa42f5ecf22e9257dec478ba76543985bb784bfd9f7661cc7811c4affaa83) not found.
Multiple projectIds are not recommended in single project mode. Requested project ID demo-lead-integration, but the emulator is configured for demo-not-the-rug. To opt-out of single project mode add/set the '"singleProjectMode": false' property in the firebase.json emulators config.
Multiple projectIds are not recommended in single project mode. Requested project ID demo-lead-integration, but the emulator is configured for demo-not-the-rug. To opt-out of single project mode add/set the '"singleProjectMode": false' property in the firebase.json emulators config.
Multiple projectIds are not recommended in single project mode. Requested project ID demo-lead-integration, but the emulator is configured for demo-not-the-rug. To opt-out of single project mode add/set the '"singleProjectMode": false' property in the firebase.json emulators config.
Multiple projectIds are not recommended in single project mode. Requested project ID demo-lead-integration, but the emulator is configured for demo-not-the-rug. To opt-out of single project mode add/set the '"singleProjectMode": false' property in the firebase.json emulators config.
Multiple projectIds are not recommended in single project mode. Requested project ID demo-lead-integration, but the emulator is configured for demo-not-the-rug. To opt-out of single project mode add/set the '"singleProjectMode": false' property in the firebase.json emulators config.
Multiple projectIds are not recommended in single project mode. Requested project ID demo-lead-integration, but the emulator is configured for demo-not-the-rug. To opt-out of single project mode add/set the '"singleProjectMode": false' property in the firebase.json emulators config.
Multiple projectIds are not recommended in single project mode. Requested project ID demo-lead-integration, but the emulator is configured for demo-not-the-rug. To opt-out of single project mode add/set the '"singleProjectMode": false' property in the firebase.json emulators config.
Sep 15, 2026 9:18:09 AM io.gapi.emulators.netty.HttpVersionRoutingHandler channelRead
INFO: Detected non-HTTP/2 connection.
Sep 15, 2026 9:18:09 AM io.gapi.emulators.netty.HttpVersionRoutingHandler channelRead
INFO: Detected non-HTTP/2 connection.
Sep 15, 2026 9:18:09 AM io.gapi.emulators.netty.HttpVersionRoutingHandler channelRead
INFO: Detected non-HTTP/2 connection.
Sep 15, 2026 9:18:09 AM io.gapi.emulators.netty.HttpVersionRoutingHandler channelRead
INFO: Detected non-HTTP/2 connection.
Sep 15, 2026 9:18:09 AM io.gapi.emulators.netty.HttpVersionRoutingHandler channelRead
INFO: Detected non-HTTP/2 connection.
Sep 15, 2026 9:18:09 AM io.gapi.emulators.netty.HttpVersionRoutingHandler channelRead
INFO: Detected non-HTTP/2 connection.
Sep 15, 2026 9:18:09 AM io.gapi.emulators.netty.HttpVersionRoutingHandler channelRead
INFO: Detected non-HTTP/2 connection.
Multiple projectIds are not recommended in single project mode. Requested project ID demo-lead-integration, but the emulator is configured for demo-not-the-rug. To opt-out of single project mode add/set the '"singleProjectMode": false' property in the firebase.json emulators config.
Sep 15, 2026 9:18:09 AM io.gapi.emulators.netty.HttpVersionRoutingHandler channelRead
INFO: Detected non-HTTP/2 connection.
Multiple projectIds are not recommended in single project mode. Requested project ID demo-lead-integration, but the emulator is configured for demo-not-the-rug. To opt-out of single project mode add/set the '"singleProjectMode": false' property in the firebase.json emulators config.
Multiple projectIds are not recommended in single project mode. Requested project ID demo-lead-integration, but the emulator is configured for demo-not-the-rug. To opt-out of single project mode add/set the '"singleProjectMode": false' property in the firebase.json emulators config.
Multiple projectIds are not recommended in single project mode. Requested project ID demo-lead-integration, but the emulator is configured for demo-not-the-rug. To opt-out of single project mode add/set the '"singleProjectMode": false' property in the firebase.json emulators config.
Multiple projectIds are not recommended in single project mode. Requested project ID demo-lead-integration, but the emulator is configured for demo-not-the-rug. To opt-out of single project mode add/set the '"singleProjectMode": false' property in the firebase.json emulators config.
Multiple projectIds are not recommended in single project mode. Requested project ID demo-lead-integration, but the emulator is configured for demo-not-the-rug. To opt-out of single project mode add/set the '"singleProjectMode": false' property in the firebase.json emulators config.
Multiple projectIds are not recommended in single project mode. Requested project ID demo-lead-integration, but the emulator is configured for demo-not-the-rug. To opt-out of single project mode add/set the '"singleProjectMode": false' property in the firebase.json emulators config.
Multiple projectIds are not recommended in single project mode. Requested project ID demo-lead-integration, but the emulator is configured for demo-not-the-rug. To opt-out of single project mode add/set the '"singleProjectMode": false' property in the firebase.json emulators config.
Multiple projectIds are not recommended in single project mode. Requested project ID demo-lead-integration, but the emulator is configured for demo-not-the-rug. To opt-out of single project mode add/set the '"singleProjectMode": false' property in the firebase.json emulators config.
Multiple projectIds are not recommended in single project mode. Requested project ID demo-lead-integration, but the emulator is configured for demo-not-the-rug. To opt-out of single project mode add/set the '"singleProjectMode": false' property in the firebase.json emulators config.
Multiple projectIds are not recommended in single project mode. Requested project ID demo-lead-integration, but the emulator is configured for demo-not-the-rug. To opt-out of single project mode add/set the '"singleProjectMode": false' property in the firebase.json emulators config.
Multiple projectIds are not recommended in single project mode. Requested project ID demo-lead-integration, but the emulator is configured for demo-not-the-rug. To opt-out of single project mode add/set the '"singleProjectMode": false' property in the firebase.json emulators config.
Sep 15, 2026 9:18:09 AM com.google.cloud.datastore.emulator.impl.util.WrappedStreamObserver onError
WARNING: Operation failed: Document (projects/demo-lead-integration/databases/(default)/documents/leads/82ef4de1acee6a2c9530bb956599d736bd8e45f9d7dfd26b0af2be4a0cc4ab49) not found.
com.google.cloud.datastore.core.exception.DatastoreException: Document (projects/demo-lead-integration/databases/(default)/documents/leads/82ef4de1acee6a2c9530bb956599d736bd8e45f9d7dfd26b0af2be4a0cc4ab49) not found.
	at com.google.cloud.datastore.emulator.impl.firestore.CloudFirestoreV1.getDocument(CloudFirestoreV1.java:340)
	at com.google.cloud.datastore.emulator.impl.firestore.CloudFirestoreV1Router.getDocument(CloudFirestoreV1Router.java:132)
	at com.google.cloud.datastore.emulator.impl.firestore.CloudFirestoreV1Router.getOrListDocuments(CloudFirestoreV1Router.java:126)
	at com.google.cloud.datastore.emulator.firestore.v1.FirestoreV1GrpcAdapter$1.lambda$getOrListDocuments$0(FirestoreV1GrpcAdapter.java:108)
	at com.google.cloud.datastore.emulator.firestore.v1.FirestoreV1GrpcAdapter.unary(FirestoreV1GrpcAdapter.java:72)
	at com.google.cloud.datastore.emulator.firestore.v1.FirestoreV1GrpcAdapter$1.getOrListDocuments(FirestoreV1GrpcAdapter.java:108)
	at com.google.firestore.v1.FirestoreGrpc$MethodHandlers.invoke(FirestoreGrpc.java:1376)
	at io.grpc.stub.ServerCalls$UnaryServerCallHandler$UnaryServerCallListener.onHalfClose(ServerCalls.java:182)
	at io.grpc.PartialForwardingServerCallListener.onHalfClose(PartialForwardingServerCallListener.java:35)
	at io.grpc.ForwardingServerCallListener.onHalfClose(ForwardingServerCallListener.java:23)
	at io.grpc.ForwardingServerCallListener$SimpleForwardingServerCallListener.onHalfClose(ForwardingServerCallListener.java:40)
	at io.grpc.Contexts$ContextualizedServerCallListener.onHalfClose(Contexts.java:86)
	at io.grpc.PartialForwardingServerCallListener.onHalfClose(PartialForwardingServerCallListener.java:35)
	at io.grpc.ForwardingServerCallListener.onHalfClose(ForwardingServerCallListener.java:23)
	at io.grpc.ForwardingServerCallListener$SimpleForwardingServerCallListener.onHalfClose(ForwardingServerCallListener.java:40)
	at io.grpc.Contexts$ContextualizedServerCallListener.onHalfClose(Contexts.java:86)
	at io.grpc.internal.ServerCallImpl$ServerStreamListenerImpl.halfClosed(ServerCallImpl.java:356)
	at io.grpc.internal.ServerImpl$JumpToApplicationThreadServerStreamListener$1HalfClosed.runInContext(ServerImpl.java:861)
	at io.grpc.internal.ContextRunnable.run(ContextRunnable.java:37)
	at io.grpc.internal.SerializingExecutor.run(SerializingExecutor.java:133)
	at java.base/java.util.concurrent.ThreadPoolExecutor.runWorker(ThreadPoolExecutor.java:1144)
	at java.base/java.util.concurrent.ThreadPoolExecutor$Worker.run(ThreadPoolExecutor.java:642)
	at java.base/java.lang.Thread.run(Thread.java:1583)

Sep 15, 2026 9:18:09 AM io.gapi.emulators.netty.HttpHandler$1 onError
INFO: Exception when handling request: NOT_FOUND: Document (projects/demo-lead-integration/databases/(default)/documents/leads/82ef4de1acee6a2c9530bb956599d736bd8e45f9d7dfd26b0af2be4a0cc4ab49) not found.
Multiple projectIds are not recommended in single project mode. Requested project ID demo-lead-integration, but the emulator is configured for demo-not-the-rug. To opt-out of single project mode add/set the '"singleProjectMode": false' property in the firebase.json emulators config.
Multiple projectIds are not recommended in single project mode. Requested project ID demo-lead-integration, but the emulator is configured for demo-not-the-rug. To opt-out of single project mode add/set the '"singleProjectMode": false' property in the firebase.json emulators config.
Multiple projectIds are not recommended in single project mode. Requested project ID demo-lead-integration, but the emulator is configured for demo-not-the-rug. To opt-out of single project mode add/set the '"singleProjectMode": false' property in the firebase.json emulators config.
Multiple projectIds are not recommended in single project mode. Requested project ID demo-lead-integration, but the emulator is configured for demo-not-the-rug. To opt-out of single project mode add/set the '"singleProjectMode": false' property in the firebase.json emulators config.
Sep 15, 2026 9:18:09 AM com.google.cloud.datastore.emulator.impl.util.WrappedStreamObserver onError
WARNING: Operation failed: Document (projects/demo-lead-integration/databases/(default)/documents/leads/3e2aff4c09d97b8549acb122b6e7ba9d8de9f24efde4bd15a2140c95a1ea57e6) not found.
com.google.cloud.datastore.core.exception.DatastoreException: Document (projects/demo-lead-integration/databases/(default)/documents/leads/3e2aff4c09d97b8549acb122b6e7ba9d8de9f24efde4bd15a2140c95a1ea57e6) not found.
	at com.google.cloud.datastore.emulator.impl.firestore.CloudFirestoreV1.getDocument(CloudFirestoreV1.java:340)
	at com.google.cloud.datastore.emulator.impl.firestore.CloudFirestoreV1Router.getDocument(CloudFirestoreV1Router.java:132)
	at com.google.cloud.datastore.emulator.impl.firestore.CloudFirestoreV1Router.getOrListDocuments(CloudFirestoreV1Router.java:126)
	at com.google.cloud.datastore.emulator.firestore.v1.FirestoreV1GrpcAdapter$1.lambda$getOrListDocuments$0(FirestoreV1GrpcAdapter.java:108)
	at com.google.cloud.datastore.emulator.firestore.v1.FirestoreV1GrpcAdapter.unary(FirestoreV1GrpcAdapter.java:72)
	at com.google.cloud.datastore.emulator.firestore.v1.FirestoreV1GrpcAdapter$1.getOrListDocuments(FirestoreV1GrpcAdapter.java:108)
	at com.google.firestore.v1.FirestoreGrpc$MethodHandlers.invoke(FirestoreGrpc.java:1376)
	at io.grpc.stub.ServerCalls$UnaryServerCallHandler$UnaryServerCallListener.onHalfClose(ServerCalls.java:182)
	at io.grpc.PartialForwardingServerCallListener.onHalfClose(PartialForwardingServerCallListener.java:35)
	at io.grpc.ForwardingServerCallListener.onHalfClose(ForwardingServerCallListener.java:23)
	at io.grpc.ForwardingServerCallListener$SimpleForwardingServerCallListener.onHalfClose(ForwardingServerCallListener.java:40)
	at io.grpc.Contexts$ContextualizedServerCallListener.onHalfClose(Contexts.java:86)
	at io.grpc.PartialForwardingServerCallListener.onHalfClose(PartialForwardingServerCallListener.java:35)
	at io.grpc.ForwardingServerCallListener.onHalfClose(ForwardingServerCallListener.java:23)
	at io.grpc.ForwardingServerCallListener$SimpleForwardingServerCallListener.onHalfClose(ForwardingServerCallListener.java:40)
	at io.grpc.Contexts$ContextualizedServerCallListener.onHalfClose(Contexts.java:86)
	at io.grpc.internal.ServerCallImpl$ServerStreamListenerImpl.halfClosed(ServerCallImpl.java:356)
	at io.grpc.internal.ServerImpl$JumpToApplicationThreadServerStreamListener$1HalfClosed.runInContext(ServerImpl.java:861)
	at io.grpc.internal.ContextRunnable.run(ContextRunnable.java:37)
	at io.grpc.internal.SerializingExecutor.run(SerializingExecutor.java:133)
	at java.base/java.util.concurrent.ThreadPoolExecutor.runWorker(ThreadPoolExecutor.java:1144)
	at java.base/java.util.concurrent.ThreadPoolExecutor$Worker.run(ThreadPoolExecutor.java:642)
	at java.base/java.lang.Thread.run(Thread.java:1583)

Sep 15, 2026 9:18:09 AM io.gapi.emulators.netty.HttpHandler$1 onError
INFO: Exception when handling request: NOT_FOUND: Document (projects/demo-lead-integration/databases/(default)/documents/leads/3e2aff4c09d97b8549acb122b6e7ba9d8de9f24efde4bd15a2140c95a1ea57e6) not found.
Multiple projectIds are not recommended in single project mode. Requested project ID demo-lead-integration, but the emulator is configured for demo-not-the-rug. To opt-out of single project mode add/set the '"singleProjectMode": false' property in the firebase.json emulators config.
Multiple projectIds are not recommended in single project mode. Requested project ID demo-lead-integration, but the emulator is configured for demo-not-the-rug. To opt-out of single project mode add/set the '"singleProjectMode": false' property in the firebase.json emulators config.
Multiple projectIds are not recommended in single project mode. Requested project ID demo-lead-integration, but the emulator is configured for demo-not-the-rug. To opt-out of single project mode add/set the '"singleProjectMode": false' property in the firebase.json emulators config.
Multiple projectIds are not recommended in single project mode. Requested project ID demo-lead-integration, but the emulator is configured for demo-not-the-rug. To opt-out of single project mode add/set the '"singleProjectMode": false' property in the firebase.json emulators config.
Sep 15, 2026 9:18:09 AM com.google.cloud.datastore.emulator.impl.util.WrappedStreamObserver onError
WARNING: Operation failed: Document (projects/demo-lead-integration/databases/(default)/documents/leads/318643c832d5709e835da2872c46232cf6d9b6b9698d769d0425eb01daa69b5e) not found.
com.google.cloud.datastore.core.exception.DatastoreException: Document (projects/demo-lead-integration/databases/(default)/documents/leads/318643c832d5709e835da2872c46232cf6d9b6b9698d769d0425eb01daa69b5e) not found.
	at com.google.cloud.datastore.emulator.impl.firestore.CloudFirestoreV1.getDocument(CloudFirestoreV1.java:340)
	at com.google.cloud.datastore.emulator.impl.firestore.CloudFirestoreV1Router.getDocument(CloudFirestoreV1Router.java:132)
	at com.google.cloud.datastore.emulator.impl.firestore.CloudFirestoreV1Router.getOrListDocuments(CloudFirestoreV1Router.java:126)
	at com.google.cloud.datastore.emulator.firestore.v1.FirestoreV1GrpcAdapter$1.lambda$getOrListDocuments$0(FirestoreV1GrpcAdapter.java:108)
	at com.google.cloud.datastore.emulator.firestore.v1.FirestoreV1GrpcAdapter.unary(FirestoreV1GrpcAdapter.java:72)
	at com.google.cloud.datastore.emulator.firestore.v1.FirestoreV1GrpcAdapter$1.getOrListDocuments(FirestoreV1GrpcAdapter.java:108)
	at com.google.firestore.v1.FirestoreGrpc$MethodHandlers.invoke(FirestoreGrpc.java:1376)
	at io.grpc.stub.ServerCalls$UnaryServerCallHandler$UnaryServerCallListener.onHalfClose(ServerCalls.java:182)
	at io.grpc.PartialForwardingServerCallListener.onHalfClose(PartialForwardingServerCallListener.java:35)
	at io.grpc.ForwardingServerCallListener.onHalfClose(ForwardingServerCallListener.java:23)
	at io.grpc.ForwardingServerCallListener$SimpleForwardingServerCallListener.onHalfClose(ForwardingServerCallListener.java:40)
	at io.grpc.Contexts$ContextualizedServerCallListener.onHalfClose(Contexts.java:86)
	at io.grpc.PartialForwardingServerCallListener.onHalfClose(PartialForwardingServerCallListener.java:35)
	at io.grpc.ForwardingServerCallListener.onHalfClose(ForwardingServerCallListener.java:23)
	at io.grpc.ForwardingServerCallListener$SimpleForwardingServerCallListener.onHalfClose(ForwardingServerCallListener.java:40)
	at io.grpc.Contexts$ContextualizedServerCallListener.onHalfClose(Contexts.java:86)
	at io.grpc.internal.ServerCallImpl$ServerStreamListenerImpl.halfClosed(ServerCallImpl.java:356)
	at io.grpc.internal.ServerImpl$JumpToApplicationThreadServerStreamListener$1HalfClosed.runInContext(ServerImpl.java:861)
	at io.grpc.internal.ContextRunnable.run(ContextRunnable.java:37)
	at io.grpc.internal.SerializingExecutor.run(SerializingExecutor.java:133)
	at java.base/java.util.concurrent.ThreadPoolExecutor.runWorker(ThreadPoolExecutor.java:1144)
	at java.base/java.util.concurrent.ThreadPoolExecutor$Worker.run(ThreadPoolExecutor.java:642)
	at java.base/java.lang.Thread.run(Thread.java:1583)

Sep 15, 2026 9:18:09 AM io.gapi.emulators.netty.HttpHandler$1 onError
INFO: Exception when handling request: NOT_FOUND: Document (projects/demo-lead-integration/databases/(default)/documents/leads/318643c832d5709e835da2872c46232cf6d9b6b9698d769d0425eb01daa69b5e) not found.
Multiple projectIds are not recommended in single project mode. Requested project ID demo-lead-integration, but the emulator is configured for demo-not-the-rug. To opt-out of single project mode add/set the '"singleProjectMode": false' property in the firebase.json emulators config.
Multiple projectIds are not recommended in single project mode. Requested project ID demo-lead-integration, but the emulator is configured for demo-not-the-rug. To opt-out of single project mode add/set the '"singleProjectMode": false' property in the firebase.json emulators config.
Multiple projectIds are not recommended in single project mode. Requested project ID demo-lead-integration, but the emulator is configured for demo-not-the-rug. To opt-out of single project mode add/set the '"singleProjectMode": false' property in the firebase.json emulators config.
Multiple projectIds are not recommended in single project mode. Requested project ID demo-lead-integration, but the emulator is configured for demo-not-the-rug. To opt-out of single project mode add/set the '"singleProjectMode": false' property in the firebase.json emulators config.
Sep 15, 2026 9:18:09 AM com.google.cloud.datastore.emulator.impl.util.WrappedStreamObserver onError
WARNING: Operation failed: Document (projects/demo-lead-integration/databases/(default)/documents/leads/1e73280cb035806df9713c9bdda9f081090d4f65153230227de8f89743f99f9c) not found.
com.google.cloud.datastore.core.exception.DatastoreException: Document (projects/demo-lead-integration/databases/(default)/documents/leads/1e73280cb035806df9713c9bdda9f081090d4f65153230227de8f89743f99f9c) not found.
	at com.google.cloud.datastore.emulator.impl.firestore.CloudFirestoreV1.getDocument(CloudFirestoreV1.java:340)
	at com.google.cloud.datastore.emulator.impl.firestore.CloudFirestoreV1Router.getDocument(CloudFirestoreV1Router.java:132)
	at com.google.cloud.datastore.emulator.impl.firestore.CloudFirestoreV1Router.getOrListDocuments(CloudFirestoreV1Router.java:126)
	at com.google.cloud.datastore.emulator.firestore.v1.FirestoreV1GrpcAdapter$1.lambda$getOrListDocuments$0(FirestoreV1GrpcAdapter.java:108)
	at com.google.cloud.datastore.emulator.firestore.v1.FirestoreV1GrpcAdapter.unary(FirestoreV1GrpcAdapter.java:72)
	at com.google.cloud.datastore.emulator.firestore.v1.FirestoreV1GrpcAdapter$1.getOrListDocuments(FirestoreV1GrpcAdapter.java:108)
	at com.google.firestore.v1.FirestoreGrpc$MethodHandlers.invoke(FirestoreGrpc.java:1376)
	at io.grpc.stub.ServerCalls$UnaryServerCallHandler$UnaryServerCallListener.onHalfClose(ServerCalls.java:182)
	at io.grpc.PartialForwardingServerCallListener.onHalfClose(PartialForwardingServerCallListener.java:35)
	at io.grpc.ForwardingServerCallListener.onHalfClose(ForwardingServerCallListener.java:23)
	at io.grpc.ForwardingServerCallListener$SimpleForwardingServerCallListener.onHalfClose(ForwardingServerCallListener.java:40)
	at io.grpc.Contexts$ContextualizedServerCallListener.onHalfClose(Contexts.java:86)
	at io.grpc.PartialForwardingServerCallListener.onHalfClose(PartialForwardingServerCallListener.java:35)
	at io.grpc.ForwardingServerCallListener.onHalfClose(ForwardingServerCallListener.java:23)
	at io.grpc.ForwardingServerCallListener$SimpleForwardingServerCallListener.onHalfClose(ForwardingServerCallListener.java:40)
	at io.grpc.Contexts$ContextualizedServerCallListener.onHalfClose(Contexts.java:86)
	at io.grpc.internal.ServerCallImpl$ServerStreamListenerImpl.halfClosed(ServerCallImpl.java:356)
	at io.grpc.internal.ServerImpl$JumpToApplicationThreadServerStreamListener$1HalfClosed.runInContext(ServerImpl.java:861)
	at io.grpc.internal.ContextRunnable.run(ContextRunnable.java:37)
	at io.grpc.internal.SerializingExecutor.run(SerializingExecutor.java:133)
	at java.base/java.util.concurrent.ThreadPoolExecutor.runWorker(ThreadPoolExecutor.java:1144)
	at java.base/java.util.concurrent.ThreadPoolExecutor$Worker.run(ThreadPoolExecutor.java:642)
	at java.base/java.lang.Thread.run(Thread.java:1583)

Sep 15, 2026 9:18:09 AM io.gapi.emulators.netty.HttpHandler$1 onError
INFO: Exception when handling request: NOT_FOUND: Document (projects/demo-lead-integration/databases/(default)/documents/leads/1e73280cb035806df9713c9bdda9f081090d4f65153230227de8f89743f99f9c) not found.
Multiple projectIds are not recommended in single project mode. Requested project ID demo-lead-integration, but the emulator is configured for demo-not-the-rug. To opt-out of single project mode add/set the '"singleProjectMode": false' property in the firebase.json emulators config.
Multiple projectIds are not recommended in single project mode. Requested project ID demo-lead-integration, but the emulator is configured for demo-not-the-rug. To opt-out of single project mode add/set the '"singleProjectMode": false' property in the firebase.json emulators config.
Multiple projectIds are not recommended in single project mode. Requested project ID demo-lead-integration, but the emulator is configured for demo-not-the-rug. To opt-out of single project mode add/set the '"singleProjectMode": false' property in the firebase.json emulators config.
Multiple projectIds are not recommended in single project mode. Requested project ID demo-lead-integration, but the emulator is configured for demo-not-the-rug. To opt-out of single project mode add/set the '"singleProjectMode": false' property in the firebase.json emulators config.
Sep 15, 2026 9:18:09 AM com.google.cloud.datastore.emulator.impl.util.WrappedStreamObserver onError
WARNING: Operation failed: Document (projects/demo-lead-integration/databases/(default)/documents/leads/e9a3f493e89cc39499f70fcf93857ef175bd89f1bcaffe213a1fe338f6a89e6e) not found.
com.google.cloud.datastore.core.exception.DatastoreException: Document (projects/demo-lead-integration/databases/(default)/documents/leads/e9a3f493e89cc39499f70fcf93857ef175bd89f1bcaffe213a1fe338f6a89e6e) not found.
	at com.google.cloud.datastore.emulator.impl.firestore.CloudFirestoreV1.getDocument(CloudFirestoreV1.java:340)
	at com.google.cloud.datastore.emulator.impl.firestore.CloudFirestoreV1Router.getDocument(CloudFirestoreV1Router.java:132)
	at com.google.cloud.datastore.emulator.impl.firestore.CloudFirestoreV1Router.getOrListDocuments(CloudFirestoreV1Router.java:126)
	at com.google.cloud.datastore.emulator.firestore.v1.FirestoreV1GrpcAdapter$1.lambda$getOrListDocuments$0(FirestoreV1GrpcAdapter.java:108)
	at com.google.cloud.datastore.emulator.firestore.v1.FirestoreV1GrpcAdapter.unary(FirestoreV1GrpcAdapter.java:72)
	at com.google.cloud.datastore.emulator.firestore.v1.FirestoreV1GrpcAdapter$1.getOrListDocuments(FirestoreV1GrpcAdapter.java:108)
	at com.google.firestore.v1.FirestoreGrpc$MethodHandlers.invoke(FirestoreGrpc.java:1376)
	at io.grpc.stub.ServerCalls$UnaryServerCallHandler$UnaryServerCallListener.onHalfClose(ServerCalls.java:182)
	at io.grpc.PartialForwardingServerCallListener.onHalfClose(PartialForwardingServerCallListener.java:35)
	at io.grpc.ForwardingServerCallListener.onHalfClose(ForwardingServerCallListener.java:23)
	at io.grpc.ForwardingServerCallListener$SimpleForwardingServerCallListener.onHalfClose(ForwardingServerCallListener.java:40)
	at io.grpc.Contexts$ContextualizedServerCallListener.onHalfClose(Contexts.java:86)
	at io.grpc.PartialForwardingServerCallListener.onHalfClose(PartialForwardingServerCallListener.java:35)
	at io.grpc.ForwardingServerCallListener.onHalfClose(ForwardingServerCallListener.java:23)
	at io.grpc.ForwardingServerCallListener$SimpleForwardingServerCallListener.onHalfClose(ForwardingServerCallListener.java:40)
	at io.grpc.Contexts$ContextualizedServerCallListener.onHalfClose(Contexts.java:86)
	at io.grpc.internal.ServerCallImpl$ServerStreamListenerImpl.halfClosed(ServerCallImpl.java:356)
	at io.grpc.internal.ServerImpl$JumpToApplicationThreadServerStreamListener$1HalfClosed.runInContext(ServerImpl.java:861)
	at io.grpc.internal.ContextRunnable.run(ContextRunnable.java:37)
	at io.grpc.internal.SerializingExecutor.run(SerializingExecutor.java:133)
	at java.base/java.util.concurrent.ThreadPoolExecutor.runWorker(ThreadPoolExecutor.java:1144)
	at java.base/java.util.concurrent.ThreadPoolExecutor$Worker.run(ThreadPoolExecutor.java:642)
	at java.base/java.lang.Thread.run(Thread.java:1583)

Sep 15, 2026 9:18:09 AM io.gapi.emulators.netty.HttpHandler$1 onError
INFO: Exception when handling request: NOT_FOUND: Document (projects/demo-lead-integration/databases/(default)/documents/leads/e9a3f493e89cc39499f70fcf93857ef175bd89f1bcaffe213a1fe338f6a89e6e) not found.
Multiple projectIds are not recommended in single project mode. Requested project ID demo-lead-integration, but the emulator is configured for demo-not-the-rug. To opt-out of single project mode add/set the '"singleProjectMode": false' property in the firebase.json emulators config.
Multiple projectIds are not recommended in single project mode. Requested project ID demo-lead-integration, but the emulator is configured for demo-not-the-rug. To opt-out of single project mode add/set the '"singleProjectMode": false' property in the firebase.json emulators config.
Multiple projectIds are not recommended in single project mode. Requested project ID demo-lead-integration, but the emulator is configured for demo-not-the-rug. To opt-out of single project mode add/set the '"singleProjectMode": false' property in the firebase.json emulators config.
Multiple projectIds are not recommended in single project mode. Requested project ID demo-lead-integration, but the emulator is configured for demo-not-the-rug. To opt-out of single project mode add/set the '"singleProjectMode": false' property in the firebase.json emulators config.
Multiple projectIds are not recommended in single project mode. Requested project ID demo-lead-integration, but the emulator is configured for demo-not-the-rug. To opt-out of single project mode add/set the '"singleProjectMode": false' property in the firebase.json emulators config.
Multiple projectIds are not recommended in single project mode. Requested project ID demo-lead-integration, but the emulator is configured for demo-not-the-rug. To opt-out of single project mode add/set the '"singleProjectMode": false' property in the firebase.json emulators config.
Multiple projectIds are not recommended in single project mode. Requested project ID demo-lead-integration, but the emulator is configured for demo-not-the-rug. To opt-out of single project mode add/set the '"singleProjectMode": false' property in the firebase.json emulators config.
Multiple projectIds are not recommended in single project mode. Requested project ID demo-lead-integration, but the emulator is configured for demo-not-the-rug. To opt-out of single project mode add/set the '"singleProjectMode": false' property in the firebase.json emulators config.
Multiple projectIds are not recommended in single project mode. Requested project ID demo-lead-integration, but the emulator is configured for demo-not-the-rug. To opt-out of single project mode add/set the '"singleProjectMode": false' property in the firebase.json emulators config.
Multiple projectIds are not recommended in single project mode. Requested project ID demo-lead-integration, but the emulator is configured for demo-not-the-rug. To opt-out of single project mode add/set the '"singleProjectMode": false' property in the firebase.json emulators config.
Multiple projectIds are not recommended in single project mode. Requested project ID demo-lead-integration, but the emulator is configured for demo-not-the-rug. To opt-out of single project mode add/set the '"singleProjectMode": false' property in the firebase.json emulators config.
Sep 15, 2026 9:18:09 AM com.google.cloud.datastore.emulator.impl.util.WrappedStreamObserver onError
WARNING: Operation failed: Document (projects/demo-lead-integration/databases/(default)/documents/leads/c471a4176b198479eb99a58c3197b91b96388c38103d7f188cac8bea62b237d8) not found.
com.google.cloud.datastore.core.exception.DatastoreException: Document (projects/demo-lead-integration/databases/(default)/documents/leads/c471a4176b198479eb99a58c3197b91b96388c38103d7f188cac8bea62b237d8) not found.
	at com.google.cloud.datastore.emulator.impl.firestore.CloudFirestoreV1.getDocument(CloudFirestoreV1.java:340)
	at com.google.cloud.datastore.emulator.impl.firestore.CloudFirestoreV1Router.getDocument(CloudFirestoreV1Router.java:132)
	at com.google.cloud.datastore.emulator.impl.firestore.CloudFirestoreV1Router.getOrListDocuments(CloudFirestoreV1Router.java:126)
	at com.google.cloud.datastore.emulator.firestore.v1.FirestoreV1GrpcAdapter$1.lambda$getOrListDocuments$0(FirestoreV1GrpcAdapter.java:108)
	at com.google.cloud.datastore.emulator.firestore.v1.FirestoreV1GrpcAdapter.unary(FirestoreV1GrpcAdapter.java:72)
	at com.google.cloud.datastore.emulator.firestore.v1.FirestoreV1GrpcAdapter$1.getOrListDocuments(FirestoreV1GrpcAdapter.java:108)
	at com.google.firestore.v1.FirestoreGrpc$MethodHandlers.invoke(FirestoreGrpc.java:1376)
	at io.grpc.stub.ServerCalls$UnaryServerCallHandler$UnaryServerCallListener.onHalfClose(ServerCalls.java:182)
	at io.grpc.PartialForwardingServerCallListener.onHalfClose(PartialForwardingServerCallListener.java:35)
	at io.grpc.ForwardingServerCallListener.onHalfClose(ForwardingServerCallListener.java:23)
	at io.grpc.ForwardingServerCallListener$SimpleForwardingServerCallListener.onHalfClose(ForwardingServerCallListener.java:40)
	at io.grpc.Contexts$ContextualizedServerCallListener.onHalfClose(Contexts.java:86)
	at io.grpc.PartialForwardingServerCallListener.onHalfClose(PartialForwardingServerCallListener.java:35)
	at io.grpc.ForwardingServerCallListener.onHalfClose(ForwardingServerCallListener.java:23)
	at io.grpc.ForwardingServerCallListener$SimpleForwardingServerCallListener.onHalfClose(ForwardingServerCallListener.java:40)
	at io.grpc.Contexts$ContextualizedServerCallListener.onHalfClose(Contexts.java:86)
	at io.grpc.internal.ServerCallImpl$ServerStreamListenerImpl.halfClosed(ServerCallImpl.java:356)
	at io.grpc.internal.ServerImpl$JumpToApplicationThreadServerStreamListener$1HalfClosed.runInContext(ServerImpl.java:861)
	at io.grpc.internal.ContextRunnable.run(ContextRunnable.java:37)
	at io.grpc.internal.SerializingExecutor.run(SerializingExecutor.java:133)
	at java.base/java.util.concurrent.ThreadPoolExecutor.runWorker(ThreadPoolExecutor.java:1144)
	at java.base/java.util.concurrent.ThreadPoolExecutor$Worker.run(ThreadPoolExecutor.java:642)
	at java.base/java.lang.Thread.run(Thread.java:1583)

Sep 15, 2026 9:18:09 AM io.gapi.emulators.netty.HttpHandler$1 onError
INFO: Exception when handling request: NOT_FOUND: Document (projects/demo-lead-integration/databases/(default)/documents/leads/c471a4176b198479eb99a58c3197b91b96388c38103d7f188cac8bea62b237d8) not found.
Multiple projectIds are not recommended in single project mode. Requested project ID demo-lead-integration, but the emulator is configured for demo-not-the-rug. To opt-out of single project mode add/set the '"singleProjectMode": false' property in the firebase.json emulators config.
Multiple projectIds are not recommended in single project mode. Requested project ID demo-lead-integration, but the emulator is configured for demo-not-the-rug. To opt-out of single project mode add/set the '"singleProjectMode": false' property in the firebase.json emulators config.
Multiple projectIds are not recommended in single project mode. Requested project ID demo-lead-integration, but the emulator is configured for demo-not-the-rug. To opt-out of single project mode add/set the '"singleProjectMode": false' property in the firebase.json emulators config.
Sep 15, 2026 9:18:27 AM io.gapi.emulators.netty.HttpVersionRoutingHandler channelRead
INFO: Detected non-HTTP/2 connection.
Sep 15, 2026 9:18:27 AM io.gapi.emulators.netty.HttpVersionRoutingHandler channelRead
INFO: Detected non-HTTP/2 connection.
Multiple projectIds are not recommended in single project mode. Requested project ID demo-lead-integration, but the emulator is configured for demo-not-the-rug. To opt-out of single project mode add/set the '"singleProjectMode": false' property in the firebase.json emulators config.
Multiple projectIds are not recommended in single project mode. Requested project ID demo-lead-integration, but the emulator is configured for demo-not-the-rug. To opt-out of single project mode add/set the '"singleProjectMode": false' property in the firebase.json emulators config.
Multiple projectIds are not recommended in single project mode. Requested project ID demo-lead-integration, but the emulator is configured for demo-not-the-rug. To opt-out of single project mode add/set the '"singleProjectMode": false' property in the firebase.json emulators config.
Sep 15, 2026 9:18:27 AM com.google.cloud.datastore.emulator.impl.util.WrappedStreamObserver onError
WARNING: Operation failed: Document (projects/demo-lead-integration/databases/(default)/documents/leads/ac49bf6a86deb2f01dd4ffbbf9b796281e326cd586cc97fc6f59d82194c10f45) not found.
com.google.cloud.datastore.core.exception.DatastoreException: Document (projects/demo-lead-integration/databases/(default)/documents/leads/ac49bf6a86deb2f01dd4ffbbf9b796281e326cd586cc97fc6f59d82194c10f45) not found.
	at com.google.cloud.datastore.emulator.impl.firestore.CloudFirestoreV1.getDocument(CloudFirestoreV1.java:340)
	at com.google.cloud.datastore.emulator.impl.firestore.CloudFirestoreV1Router.getDocument(CloudFirestoreV1Router.java:132)
	at com.google.cloud.datastore.emulator.impl.firestore.CloudFirestoreV1Router.getOrListDocuments(CloudFirestoreV1Router.java:126)
	at com.google.cloud.datastore.emulator.firestore.v1.FirestoreV1GrpcAdapter$1.lambda$getOrListDocuments$0(FirestoreV1GrpcAdapter.java:108)
	at com.google.cloud.datastore.emulator.firestore.v1.FirestoreV1GrpcAdapter.unary(FirestoreV1GrpcAdapter.java:72)
	at com.google.cloud.datastore.emulator.firestore.v1.FirestoreV1GrpcAdapter$1.getOrListDocuments(FirestoreV1GrpcAdapter.java:108)
	at com.google.firestore.v1.FirestoreGrpc$MethodHandlers.invoke(FirestoreGrpc.java:1376)
	at io.grpc.stub.ServerCalls$UnaryServerCallHandler$UnaryServerCallListener.onHalfClose(ServerCalls.java:182)
	at io.grpc.PartialForwardingServerCallListener.onHalfClose(PartialForwardingServerCallListener.java:35)
	at io.grpc.ForwardingServerCallListener.onHalfClose(ForwardingServerCallListener.java:23)
	at io.grpc.ForwardingServerCallListener$SimpleForwardingServerCallListener.onHalfClose(ForwardingServerCallListener.java:40)
	at io.grpc.Contexts$ContextualizedServerCallListener.onHalfClose(Contexts.java:86)
	at io.grpc.PartialForwardingServerCallListener.onHalfClose(PartialForwardingServerCallListener.java:35)
	at io.grpc.ForwardingServerCallListener.onHalfClose(ForwardingServerCallListener.java:23)
	at io.grpc.ForwardingServerCallListener$SimpleForwardingServerCallListener.onHalfClose(ForwardingServerCallListener.java:40)
	at io.grpc.Contexts$ContextualizedServerCallListener.onHalfClose(Contexts.java:86)
	at io.grpc.internal.ServerCallImpl$ServerStreamListenerImpl.halfClosed(ServerCallImpl.java:356)
	at io.grpc.internal.ServerImpl$JumpToApplicationThreadServerStreamListener$1HalfClosed.runInContext(ServerImpl.java:861)
	at io.grpc.internal.ContextRunnable.run(ContextRunnable.java:37)
	at io.grpc.internal.SerializingExecutor.run(SerializingExecutor.java:133)
	at java.base/java.util.concurrent.ThreadPoolExecutor.runWorker(ThreadPoolExecutor.java:1144)
	at java.base/java.util.concurrent.ThreadPoolExecutor$Worker.run(ThreadPoolExecutor.java:642)
	at java.base/java.lang.Thread.run(Thread.java:1583)

Sep 15, 2026 9:18:27 AM io.gapi.emulators.netty.HttpHandler$1 onError
INFO: Exception when handling request: NOT_FOUND: Document (projects/demo-lead-integration/databases/(default)/documents/leads/ac49bf6a86deb2f01dd4ffbbf9b796281e326cd586cc97fc6f59d82194c10f45) not found.
Multiple projectIds are not recommended in single project mode. Requested project ID demo-lead-integration, but the emulator is configured for demo-not-the-rug. To opt-out of single project mode add/set the '"singleProjectMode": false' property in the firebase.json emulators config.
Multiple projectIds are not recommended in single project mode. Requested project ID demo-lead-integration, but the emulator is configured for demo-not-the-rug. To opt-out of single project mode add/set the '"singleProjectMode": false' property in the firebase.json emulators config.
Multiple projectIds are not recommended in single project mode. Requested project ID demo-lead-integration, but the emulator is configured for demo-not-the-rug. To opt-out of single project mode add/set the '"singleProjectMode": false' property in the firebase.json emulators config.
Multiple projectIds are not recommended in single project mode. Requested project ID demo-lead-integration, but the emulator is configured for demo-not-the-rug. To opt-out of single project mode add/set the '"singleProjectMode": false' property in the firebase.json emulators config.
Multiple projectIds are not recommended in single project mode. Requested project ID demo-lead-integration, but the emulator is configured for demo-not-the-rug. To opt-out of single project mode add/set the '"singleProjectMode": false' property in the firebase.json emulators config.
Multiple projectIds are not recommended in single project mode. Requested project ID demo-lead-integration, but the emulator is configured for demo-not-the-rug. To opt-out of single project mode add/set the '"singleProjectMode": false' property in the firebase.json emulators config.
Sep 15, 2026 9:18:27 AM com.google.cloud.datastore.emulator.impl.util.WrappedStreamObserver onError
WARNING: Operation failed: Document (projects/demo-lead-integration/databases/(default)/documents/leads/f805d04d1bd72a6401a11d5643a0b8d0fe4aeb7808c4b0c7e908d9a58ce468f2) not found.
com.google.cloud.datastore.core.exception.DatastoreException: Document (projects/demo-lead-integration/databases/(default)/documents/leads/f805d04d1bd72a6401a11d5643a0b8d0fe4aeb7808c4b0c7e908d9a58ce468f2) not found.
	at com.google.cloud.datastore.emulator.impl.firestore.CloudFirestoreV1.getDocument(CloudFirestoreV1.java:340)
	at com.google.cloud.datastore.emulator.impl.firestore.CloudFirestoreV1Router.getDocument(CloudFirestoreV1Router.java:132)
	at com.google.cloud.datastore.emulator.impl.firestore.CloudFirestoreV1Router.getOrListDocuments(CloudFirestoreV1Router.java:126)
	at com.google.cloud.datastore.emulator.firestore.v1.FirestoreV1GrpcAdapter$1.lambda$getOrListDocuments$0(FirestoreV1GrpcAdapter.java:108)
	at com.google.cloud.datastore.emulator.firestore.v1.FirestoreV1GrpcAdapter.unary(FirestoreV1GrpcAdapter.java:72)
	at com.google.cloud.datastore.emulator.firestore.v1.FirestoreV1GrpcAdapter$1.getOrListDocuments(FirestoreV1GrpcAdapter.java:108)
	at com.google.firestore.v1.FirestoreGrpc$MethodHandlers.invoke(FirestoreGrpc.java:1376)
	at io.grpc.stub.ServerCalls$UnaryServerCallHandler$UnaryServerCallListener.onHalfClose(ServerCalls.java:182)
	at io.grpc.PartialForwardingServerCallListener.onHalfClose(PartialForwardingServerCallListener.java:35)
	at io.grpc.ForwardingServerCallListener.onHalfClose(ForwardingServerCallListener.java:23)
	at io.grpc.ForwardingServerCallListener$SimpleForwardingServerCallListener.onHalfClose(ForwardingServerCallListener.java:40)
	at io.grpc.Contexts$ContextualizedServerCallListener.onHalfClose(Contexts.java:86)
	at io.grpc.PartialForwardingServerCallListener.onHalfClose(PartialForwardingServerCallListener.java:35)
	at io.grpc.ForwardingServerCallListener.onHalfClose(ForwardingServerCallListener.java:23)
	at io.grpc.ForwardingServerCallListener$SimpleForwardingServerCallListener.onHalfClose(ForwardingServerCallListener.java:40)
	at io.grpc.Contexts$ContextualizedServerCallListener.onHalfClose(Contexts.java:86)
	at io.grpc.internal.ServerCallImpl$ServerStreamListenerImpl.halfClosed(ServerCallImpl.java:356)
	at io.grpc.internal.ServerImpl$JumpToApplicationThreadServerStreamListener$1HalfClosed.runInContext(ServerImpl.java:861)
	at io.grpc.internal.ContextRunnable.run(ContextRunnable.java:37)
	at io.grpc.internal.SerializingExecutor.run(SerializingExecutor.java:133)
	at java.base/java.util.concurrent.ThreadPoolExecutor.runWorker(ThreadPoolExecutor.java:1144)
	at java.base/java.util.concurrent.ThreadPoolExecutor$Worker.run(ThreadPoolExecutor.java:642)
	at java.base/java.lang.Thread.run(Thread.java:1583)

Sep 15, 2026 9:18:27 AM io.gapi.emulators.netty.HttpHandler$1 onError
INFO: Exception when handling request: NOT_FOUND: Document (projects/demo-lead-integration/databases/(default)/documents/leads/f805d04d1bd72a6401a11d5643a0b8d0fe4aeb7808c4b0c7e908d9a58ce468f2) not found.
Multiple projectIds are not recommended in single project mode. Requested project ID demo-lead-integration, but the emulator is configured for demo-not-the-rug. To opt-out of single project mode add/set the '"singleProjectMode": false' property in the firebase.json emulators config.
Multiple projectIds are not recommended in single project mode. Requested project ID demo-lead-integration, but the emulator is configured for demo-not-the-rug. To opt-out of single project mode add/set the '"singleProjectMode": false' property in the firebase.json emulators config.
Multiple projectIds are not recommended in single project mode. Requested project ID demo-lead-integration, but the emulator is configured for demo-not-the-rug. To opt-out of single project mode add/set the '"singleProjectMode": false' property in the firebase.json emulators config.
Multiple projectIds are not recommended in single project mode. Requested project ID demo-lead-integration, but the emulator is configured for demo-not-the-rug. To opt-out of single project mode add/set the '"singleProjectMode": false' property in the firebase.json emulators config.
Multiple projectIds are not recommended in single project mode. Requested project ID demo-lead-integration, but the emulator is configured for demo-not-the-rug. To opt-out of single project mode add/set the '"singleProjectMode": false' property in the firebase.json emulators config.
Multiple projectIds are not recommended in single project mode. Requested project ID demo-lead-integration, but the emulator is configured for demo-not-the-rug. To opt-out of single project mode add/set the '"singleProjectMode": false' property in the firebase.json emulators config.
Sep 15, 2026 9:18:27 AM com.google.cloud.datastore.emulator.impl.util.WrappedStreamObserver onError
WARNING: Operation failed: Document (projects/demo-lead-integration/databases/(default)/documents/leads/150147ed7a05364b87d1fd4218e611e8d9a943b5dab9da6f7664f7d57d56249f) not found.
com.google.cloud.datastore.core.exception.DatastoreException: Document (projects/demo-lead-integration/databases/(default)/documents/leads/150147ed7a05364b87d1fd4218e611e8d9a943b5dab9da6f7664f7d57d56249f) not found.
	at com.google.cloud.datastore.emulator.impl.firestore.CloudFirestoreV1.getDocument(CloudFirestoreV1.java:340)
	at com.google.cloud.datastore.emulator.impl.firestore.CloudFirestoreV1Router.getDocument(CloudFirestoreV1Router.java:132)
	at com.google.cloud.datastore.emulator.impl.firestore.CloudFirestoreV1Router.getOrListDocuments(CloudFirestoreV1Router.java:126)
	at com.google.cloud.datastore.emulator.firestore.v1.FirestoreV1GrpcAdapter$1.lambda$getOrListDocuments$0(FirestoreV1GrpcAdapter.java:108)
	at com.google.cloud.datastore.emulator.firestore.v1.FirestoreV1GrpcAdapter.unary(FirestoreV1GrpcAdapter.java:72)
	at com.google.cloud.datastore.emulator.firestore.v1.FirestoreV1GrpcAdapter$1.getOrListDocuments(FirestoreV1GrpcAdapter.java:108)
	at com.google.firestore.v1.FirestoreGrpc$MethodHandlers.invoke(FirestoreGrpc.java:1376)
	at io.grpc.stub.ServerCalls$UnaryServerCallHandler$UnaryServerCallListener.onHalfClose(ServerCalls.java:182)
	at io.grpc.PartialForwardingServerCallListener.onHalfClose(PartialForwardingServerCallListener.java:35)
	at io.grpc.ForwardingServerCallListener.onHalfClose(ForwardingServerCallListener.java:23)
	at io.grpc.ForwardingServerCallListener$SimpleForwardingServerCallListener.onHalfClose(ForwardingServerCallListener.java:40)
	at io.grpc.Contexts$ContextualizedServerCallListener.onHalfClose(Contexts.java:86)
	at io.grpc.PartialForwardingServerCallListener.onHalfClose(PartialForwardingServerCallListener.java:35)
	at io.grpc.ForwardingServerCallListener.onHalfClose(ForwardingServerCallListener.java:23)
	at io.grpc.ForwardingServerCallListener$SimpleForwardingServerCallListener.onHalfClose(ForwardingServerCallListener.java:40)
	at io.grpc.Contexts$ContextualizedServerCallListener.onHalfClose(Contexts.java:86)
	at io.grpc.internal.ServerCallImpl$ServerStreamListenerImpl.halfClosed(ServerCallImpl.java:356)
	at io.grpc.internal.ServerImpl$JumpToApplicationThreadServerStreamListener$1HalfClosed.runInContext(ServerImpl.java:861)
	at io.grpc.internal.ContextRunnable.run(ContextRunnable.java:37)
	at io.grpc.internal.SerializingExecutor.run(SerializingExecutor.java:133)
	at java.base/java.util.concurrent.ThreadPoolExecutor.runWorker(ThreadPoolExecutor.java:1144)
	at java.base/java.util.concurrent.ThreadPoolExecutor$Worker.run(ThreadPoolExecutor.java:642)
	at java.base/java.lang.Thread.run(Thread.java:1583)

Sep 15, 2026 9:18:27 AM io.gapi.emulators.netty.HttpHandler$1 onError
INFO: Exception when handling request: NOT_FOUND: Document (projects/demo-lead-integration/databases/(default)/documents/leads/150147ed7a05364b87d1fd4218e611e8d9a943b5dab9da6f7664f7d57d56249f) not found.
Multiple projectIds are not recommended in single project mode. Requested project ID demo-lead-integration, but the emulator is configured for demo-not-the-rug. To opt-out of single project mode add/set the '"singleProjectMode": false' property in the firebase.json emulators config.
Multiple projectIds are not recommended in single project mode. Requested project ID demo-lead-integration, but the emulator is configured for demo-not-the-rug. To opt-out of single project mode add/set the '"singleProjectMode": false' property in the firebase.json emulators config.
Multiple projectIds are not recommended in single project mode. Requested project ID demo-lead-integration, but the emulator is configured for demo-not-the-rug. To opt-out of single project mode add/set the '"singleProjectMode": false' property in the firebase.json emulators config.
Multiple projectIds are not recommended in single project mode. Requested project ID demo-lead-integration, but the emulator is configured for demo-not-the-rug. To opt-out of single project mode add/set the '"singleProjectMode": false' property in the firebase.json emulators config.
Multiple projectIds are not recommended in single project mode. Requested project ID demo-lead-integration, but the emulator is configured for demo-not-the-rug. To opt-out of single project mode add/set the '"singleProjectMode": false' property in the firebase.json emulators config.
Multiple projectIds are not recommended in single project mode. Requested project ID demo-lead-integration, but the emulator is configured for demo-not-the-rug. To opt-out of single project mode add/set the '"singleProjectMode": false' property in the firebase.json emulators config.
Sep 15, 2026 9:18:27 AM com.google.cloud.datastore.emulator.impl.util.WrappedStreamObserver onError
WARNING: Operation failed: Document (projects/demo-lead-integration/databases/(default)/documents/leads/8763ea20c834844dd2d8c0ffc92815c13fe3c7514778c1b4706ac6a3ca3d0c3e) not found.
com.google.cloud.datastore.core.exception.DatastoreException: Document (projects/demo-lead-integration/databases/(default)/documents/leads/8763ea20c834844dd2d8c0ffc92815c13fe3c7514778c1b4706ac6a3ca3d0c3e) not found.
	at com.google.cloud.datastore.emulator.impl.firestore.CloudFirestoreV1.getDocument(CloudFirestoreV1.java:340)
	at com.google.cloud.datastore.emulator.impl.firestore.CloudFirestoreV1Router.getDocument(CloudFirestoreV1Router.java:132)
	at com.google.cloud.datastore.emulator.impl.firestore.CloudFirestoreV1Router.getOrListDocuments(CloudFirestoreV1Router.java:126)
	at com.google.cloud.datastore.emulator.firestore.v1.FirestoreV1GrpcAdapter$1.lambda$getOrListDocuments$0(FirestoreV1GrpcAdapter.java:108)
	at com.google.cloud.datastore.emulator.firestore.v1.FirestoreV1GrpcAdapter.unary(FirestoreV1GrpcAdapter.java:72)
	at com.google.cloud.datastore.emulator.firestore.v1.FirestoreV1GrpcAdapter$1.getOrListDocuments(FirestoreV1GrpcAdapter.java:108)
	at com.google.firestore.v1.FirestoreGrpc$MethodHandlers.invoke(FirestoreGrpc.java:1376)
	at io.grpc.stub.ServerCalls$UnaryServerCallHandler$UnaryServerCallListener.onHalfClose(ServerCalls.java:182)
	at io.grpc.PartialForwardingServerCallListener.onHalfClose(PartialForwardingServerCallListener.java:35)
	at io.grpc.ForwardingServerCallListener.onHalfClose(ForwardingServerCallListener.java:23)
	at io.grpc.ForwardingServerCallListener$SimpleForwardingServerCallListener.onHalfClose(ForwardingServerCallListener.java:40)
	at io.grpc.Contexts$ContextualizedServerCallListener.onHalfClose(Contexts.java:86)
	at io.grpc.PartialForwardingServerCallListener.onHalfClose(PartialForwardingServerCallListener.java:35)
	at io.grpc.ForwardingServerCallListener.onHalfClose(ForwardingServerCallListener.java:23)
	at io.grpc.ForwardingServerCallListener$SimpleForwardingServerCallListener.onHalfClose(ForwardingServerCallListener.java:40)
	at io.grpc.Contexts$ContextualizedServerCallListener.onHalfClose(Contexts.java:86)
	at io.grpc.internal.ServerCallImpl$ServerStreamListenerImpl.halfClosed(ServerCallImpl.java:356)
	at io.grpc.internal.ServerImpl$JumpToApplicationThreadServerStreamListener$1HalfClosed.runInContext(ServerImpl.java:861)
	at io.grpc.internal.ContextRunnable.run(ContextRunnable.java:37)
	at io.grpc.internal.SerializingExecutor.run(SerializingExecutor.java:133)
	at java.base/java.util.concurrent.ThreadPoolExecutor.runWorker(ThreadPoolExecutor.java:1144)
	at java.base/java.util.concurrent.ThreadPoolExecutor$Worker.run(ThreadPoolExecutor.java:642)
	at java.base/java.lang.Thread.run(Thread.java:1583)

Sep 15, 2026 9:18:27 AM io.gapi.emulators.netty.HttpHandler$1 onError
INFO: Exception when handling request: NOT_FOUND: Document (projects/demo-lead-integration/databases/(default)/documents/leads/8763ea20c834844dd2d8c0ffc92815c13fe3c7514778c1b4706ac6a3ca3d0c3e) not found.
Multiple projectIds are not recommended in single project mode. Requested project ID demo-lead-integration, but the emulator is configured for demo-not-the-rug. To opt-out of single project mode add/set the '"singleProjectMode": false' property in the firebase.json emulators config.
Multiple projectIds are not recommended in single project mode. Requested project ID demo-lead-integration, but the emulator is configured for demo-not-the-rug. To opt-out of single project mode add/set the '"singleProjectMode": false' property in the firebase.json emulators config.
Multiple projectIds are not recommended in single project mode. Requested project ID demo-lead-integration, but the emulator is configured for demo-not-the-rug. To opt-out of single project mode add/set the '"singleProjectMode": false' property in the firebase.json emulators config.
Multiple projectIds are not recommended in single project mode. Requested project ID demo-lead-integration, but the emulator is configured for demo-not-the-rug. To opt-out of single project mode add/set the '"singleProjectMode": false' property in the firebase.json emulators config.
Sep 15, 2026 9:18:27 AM com.google.cloud.datastore.emulator.impl.util.WrappedStreamObserver onError
WARNING: Operation failed: Document (projects/demo-lead-integration/databases/(default)/documents/leads/8763ea20c834844dd2d8c0ffc92815c13fe3c7514778c1b4706ac6a3ca3d0c3e) not found.
com.google.cloud.datastore.core.exception.DatastoreException: Document (projects/demo-lead-integration/databases/(default)/documents/leads/8763ea20c834844dd2d8c0ffc92815c13fe3c7514778c1b4706ac6a3ca3d0c3e) not found.
	at com.google.cloud.datastore.emulator.impl.firestore.CloudFirestoreV1.getDocument(CloudFirestoreV1.java:340)
	at com.google.cloud.datastore.emulator.impl.firestore.CloudFirestoreV1Router.getDocument(CloudFirestoreV1Router.java:132)
	at com.google.cloud.datastore.emulator.impl.firestore.CloudFirestoreV1Router.getOrListDocuments(CloudFirestoreV1Router.java:126)
	at com.google.cloud.datastore.emulator.firestore.v1.FirestoreV1GrpcAdapter$1.lambda$getOrListDocuments$0(FirestoreV1GrpcAdapter.java:108)
	at com.google.cloud.datastore.emulator.firestore.v1.FirestoreV1GrpcAdapter.unary(FirestoreV1GrpcAdapter.java:72)
	at com.google.cloud.datastore.emulator.firestore.v1.FirestoreV1GrpcAdapter$1.getOrListDocuments(FirestoreV1GrpcAdapter.java:108)
	at com.google.firestore.v1.FirestoreGrpc$MethodHandlers.invoke(FirestoreGrpc.java:1376)
	at io.grpc.stub.ServerCalls$UnaryServerCallHandler$UnaryServerCallListener.onHalfClose(ServerCalls.java:182)
	at io.grpc.PartialForwardingServerCallListener.onHalfClose(PartialForwardingServerCallListener.java:35)
	at io.grpc.ForwardingServerCallListener.onHalfClose(ForwardingServerCallListener.java:23)
	at io.grpc.ForwardingServerCallListener$SimpleForwardingServerCallListener.onHalfClose(ForwardingServerCallListener.java:40)
	at io.grpc.Contexts$ContextualizedServerCallListener.onHalfClose(Contexts.java:86)
	at io.grpc.PartialForwardingServerCallListener.onHalfClose(PartialForwardingServerCallListener.java:35)
	at io.grpc.ForwardingServerCallListener.onHalfClose(ForwardingServerCallListener.java:23)
	at io.grpc.ForwardingServerCallListener$SimpleForwardingServerCallListener.onHalfClose(ForwardingServerCallListener.java:40)
	at io.grpc.Contexts$ContextualizedServerCallListener.onHalfClose(Contexts.java:86)
	at io.grpc.internal.ServerCallImpl$ServerStreamListenerImpl.halfClosed(ServerCallImpl.java:356)
	at io.grpc.internal.ServerImpl$JumpToApplicationThreadServerStreamListener$1HalfClosed.runInContext(ServerImpl.java:861)
	at io.grpc.internal.ContextRunnable.run(ContextRunnable.java:37)
	at io.grpc.internal.SerializingExecutor.run(SerializingExecutor.java:133)
	at java.base/java.util.concurrent.ThreadPoolExecutor.runWorker(ThreadPoolExecutor.java:1144)
	at java.base/java.util.concurrent.ThreadPoolExecutor$Worker.run(ThreadPoolExecutor.java:642)
	at java.base/java.lang.Thread.run(Thread.java:1583)

Sep 15, 2026 9:18:27 AM io.gapi.emulators.netty.HttpHandler$1 onError
INFO: Exception when handling request: NOT_FOUND: Document (projects/demo-lead-integration/databases/(default)/documents/leads/8763ea20c834844dd2d8c0ffc92815c13fe3c7514778c1b4706ac6a3ca3d0c3e) not found.
Multiple projectIds are not recommended in single project mode. Requested project ID demo-lead-integration, but the emulator is configured for demo-not-the-rug. To opt-out of single project mode add/set the '"singleProjectMode": false' property in the firebase.json emulators config.
Sep 15, 2026 9:18:27 AM com.google.cloud.datastore.emulator.impl.util.WrappedStreamObserver onError
WARNING: Operation failed: entity already exists: EntityRef[partitionRef=dev~demo-lead-integration, path=/leads/cdc2b3ef7388374b22d4a13806ced0862b7f20caf13fc1d0b889674b50b91343]
com.google.cloud.datastore.core.exception.DatastoreException: entity already exists: EntityRef[partitionRef=dev~demo-lead-integration, path=/leads/cdc2b3ef7388374b22d4a13806ced0862b7f20caf13fc1d0b889674b50b91343]
	at com.google.cloud.datastore.core.exception.DatastoreException.withProblem(DatastoreException.java:352)
	at com.google.cloud.datastore.emulator.impl.util.FirestoreEmulatorConverters.alreadyExists(FirestoreEmulatorConverters.java:748)
	at com.google.cloud.datastore.emulator.impl.util.FirestoreEmulatorConverters.checkMutation(FirestoreEmulatorConverters.java:214)
	at com.google.cloud.datastore.emulator.impl.firestore.FirestoreEmulatorHelper.commitHelper(FirestoreEmulatorHelper.java:390)
	at com.google.cloud.datastore.emulator.impl.firestore.FirestoreEmulatorHelper.internalCommit(FirestoreEmulatorHelper.java:339)
	at com.google.cloud.datastore.emulator.impl.firestore.CloudFirestoreV1.internalCommit(CloudFirestoreV1.java:1243)
	at com.google.cloud.datastore.emulator.impl.firestore.CloudFirestoreV1.createDocument(CloudFirestoreV1.java:450)
	at com.google.cloud.datastore.emulator.impl.firestore.CloudFirestoreV1Router.createDocument(CloudFirestoreV1Router.java:146)
	at com.google.cloud.datastore.emulator.firestore.v1.FirestoreV1GrpcAdapter$1.lambda$createDocument$0(FirestoreV1GrpcAdapter.java:126)
	at com.google.cloud.datastore.emulator.firestore.v1.FirestoreV1GrpcAdapter.unary(FirestoreV1GrpcAdapter.java:72)
	at com.google.cloud.datastore.emulator.firestore.v1.FirestoreV1GrpcAdapter$1.createDocument(FirestoreV1GrpcAdapter.java:126)
	at com.google.firestore.v1.FirestoreGrpc$MethodHandlers.invoke(FirestoreGrpc.java:1436)
	at io.grpc.stub.ServerCalls$UnaryServerCallHandler$UnaryServerCallListener.onHalfClose(ServerCalls.java:182)
	at io.grpc.PartialForwardingServerCallListener.onHalfClose(PartialForwardingServerCallListener.java:35)
	at io.grpc.ForwardingServerCallListener.onHalfClose(ForwardingServerCallListener.java:23)
	at io.grpc.ForwardingServerCallListener$SimpleForwardingServerCallListener.onHalfClose(ForwardingServerCallListener.java:40)
	at io.grpc.Contexts$ContextualizedServerCallListener.onHalfClose(Contexts.java:86)
	at io.grpc.PartialForwardingServerCallListener.onHalfClose(PartialForwardingServerCallListener.java:35)
	at io.grpc.ForwardingServerCallListener.onHalfClose(ForwardingServerCallListener.java:23)
	at io.grpc.ForwardingServerCallListener$SimpleForwardingServerCallListener.onHalfClose(ForwardingServerCallListener.java:40)
	at io.grpc.Contexts$ContextualizedServerCallListener.onHalfClose(Contexts.java:86)
	at io.grpc.internal.ServerCallImpl$ServerStreamListenerImpl.halfClosed(ServerCallImpl.java:356)
	at io.grpc.internal.ServerImpl$JumpToApplicationThreadServerStreamListener$1HalfClosed.runInContext(ServerImpl.java:861)
	at io.grpc.internal.ContextRunnable.run(ContextRunnable.java:37)
	at io.grpc.internal.SerializingExecutor.run(SerializingExecutor.java:133)
	at java.base/java.util.concurrent.ThreadPoolExecutor.runWorker(ThreadPoolExecutor.java:1144)
	at java.base/java.util.concurrent.ThreadPoolExecutor$Worker.run(ThreadPoolExecutor.java:642)
	at java.base/java.lang.Thread.run(Thread.java:1583)

Sep 15, 2026 9:18:27 AM io.gapi.emulators.netty.HttpHandler$1 onError
INFO: Exception when handling request: ALREADY_EXISTS: entity already exists: EntityRef[partitionRef=dev~demo-lead-integration, path=/leads/cdc2b3ef7388374b22d4a13806ced0862b7f20caf13fc1d0b889674b50b91343]
Multiple projectIds are not recommended in single project mode. Requested project ID demo-lead-integration, but the emulator is configured for demo-not-the-rug. To opt-out of single project mode add/set the '"singleProjectMode": false' property in the firebase.json emulators config.
Multiple projectIds are not recommended in single project mode. Requested project ID demo-lead-integration, but the emulator is configured for demo-not-the-rug. To opt-out of single project mode add/set the '"singleProjectMode": false' property in the firebase.json emulators config.
Multiple projectIds are not recommended in single project mode. Requested project ID demo-lead-integration, but the emulator is configured for demo-not-the-rug. To opt-out of single project mode add/set the '"singleProjectMode": false' property in the firebase.json emulators config.
Sep 15, 2026 9:18:27 AM io.gapi.emulators.netty.HttpVersionRoutingHandler channelRead
INFO: Detected non-HTTP/2 connection.
Multiple projectIds are not recommended in single project mode. Requested project ID demo-lead-integration, but the emulator is configured for demo-not-the-rug. To opt-out of single project mode add/set the '"singleProjectMode": false' property in the firebase.json emulators config.
Multiple projectIds are not recommended in single project mode. Requested project ID demo-lead-integration, but the emulator is configured for demo-not-the-rug. To opt-out of single project mode add/set the '"singleProjectMode": false' property in the firebase.json emulators config.
Multiple projectIds are not recommended in single project mode. Requested project ID demo-lead-integration, but the emulator is configured for demo-not-the-rug. To opt-out of single project mode add/set the '"singleProjectMode": false' property in the firebase.json emulators config.
Sep 15, 2026 9:18:27 AM com.google.cloud.datastore.emulator.impl.util.WrappedStreamObserver onError
WARNING: Operation failed: Document (projects/demo-lead-integration/databases/(default)/documents/leads/bc48692c44bde28ac6676d30524b391c81c2abb75db8e331870b24e1367d7693) not found.
com.google.cloud.datastore.core.exception.DatastoreException: Document (projects/demo-lead-integration/databases/(default)/documents/leads/bc48692c44bde28ac6676d30524b391c81c2abb75db8e331870b24e1367d7693) not found.
	at com.google.cloud.datastore.emulator.impl.firestore.CloudFirestoreV1.getDocument(CloudFirestoreV1.java:340)
	at com.google.cloud.datastore.emulator.impl.firestore.CloudFirestoreV1Router.getDocument(CloudFirestoreV1Router.java:132)
	at com.google.cloud.datastore.emulator.impl.firestore.CloudFirestoreV1Router.getOrListDocuments(CloudFirestoreV1Router.java:126)
	at com.google.cloud.datastore.emulator.firestore.v1.FirestoreV1GrpcAdapter$1.lambda$getOrListDocuments$0(FirestoreV1GrpcAdapter.java:108)
	at com.google.cloud.datastore.emulator.firestore.v1.FirestoreV1GrpcAdapter.unary(FirestoreV1GrpcAdapter.java:72)
	at com.google.cloud.datastore.emulator.firestore.v1.FirestoreV1GrpcAdapter$1.getOrListDocuments(FirestoreV1GrpcAdapter.java:108)
	at com.google.firestore.v1.FirestoreGrpc$MethodHandlers.invoke(FirestoreGrpc.java:1376)
	at io.grpc.stub.ServerCalls$UnaryServerCallHandler$UnaryServerCallListener.onHalfClose(ServerCalls.java:182)
	at io.grpc.PartialForwardingServerCallListener.onHalfClose(PartialForwardingServerCallListener.java:35)
	at io.grpc.ForwardingServerCallListener.onHalfClose(ForwardingServerCallListener.java:23)
	at io.grpc.ForwardingServerCallListener$SimpleForwardingServerCallListener.onHalfClose(ForwardingServerCallListener.java:40)
	at io.grpc.Contexts$ContextualizedServerCallListener.onHalfClose(Contexts.java:86)
	at io.grpc.PartialForwardingServerCallListener.onHalfClose(PartialForwardingServerCallListener.java:35)
	at io.grpc.ForwardingServerCallListener.onHalfClose(ForwardingServerCallListener.java:23)
	at io.grpc.ForwardingServerCallListener$SimpleForwardingServerCallListener.onHalfClose(ForwardingServerCallListener.java:40)
	at io.grpc.Contexts$ContextualizedServerCallListener.onHalfClose(Contexts.java:86)
	at io.grpc.internal.ServerCallImpl$ServerStreamListenerImpl.halfClosed(ServerCallImpl.java:356)
	at io.grpc.internal.ServerImpl$JumpToApplicationThreadServerStreamListener$1HalfClosed.runInContext(ServerImpl.java:861)
	at io.grpc.internal.ContextRunnable.run(ContextRunnable.java:37)
	at io.grpc.internal.SerializingExecutor.run(SerializingExecutor.java:133)
	at java.base/java.util.concurrent.ThreadPoolExecutor.runWorker(ThreadPoolExecutor.java:1144)
	at java.base/java.util.concurrent.ThreadPoolExecutor$Worker.run(ThreadPoolExecutor.java:642)
	at java.base/java.lang.Thread.run(Thread.java:1583)

Sep 15, 2026 9:18:27 AM io.gapi.emulators.netty.HttpHandler$1 onError
INFO: Exception when handling request: NOT_FOUND: Document (projects/demo-lead-integration/databases/(default)/documents/leads/bc48692c44bde28ac6676d30524b391c81c2abb75db8e331870b24e1367d7693) not found.
Multiple projectIds are not recommended in single project mode. Requested project ID demo-lead-integration, but the emulator is configured for demo-not-the-rug. To opt-out of single project mode add/set the '"singleProjectMode": false' property in the firebase.json emulators config.
Sep 15, 2026 9:18:27 AM com.google.cloud.datastore.emulator.impl.util.WrappedStreamObserver onError
WARNING: Operation failed: Document (projects/demo-lead-integration/databases/(default)/documents/leads/bc48692c44bde28ac6676d30524b391c81c2abb75db8e331870b24e1367d7693) not found.
com.google.cloud.datastore.core.exception.DatastoreException: Document (projects/demo-lead-integration/databases/(default)/documents/leads/bc48692c44bde28ac6676d30524b391c81c2abb75db8e331870b24e1367d7693) not found.
	at com.google.cloud.datastore.emulator.impl.firestore.CloudFirestoreV1.getDocument(CloudFirestoreV1.java:340)
	at com.google.cloud.datastore.emulator.impl.firestore.CloudFirestoreV1Router.getDocument(CloudFirestoreV1Router.java:132)
	at com.google.cloud.datastore.emulator.impl.firestore.CloudFirestoreV1Router.getOrListDocuments(CloudFirestoreV1Router.java:126)
	at com.google.cloud.datastore.emulator.firestore.v1.FirestoreV1GrpcAdapter$1.lambda$getOrListDocuments$0(FirestoreV1GrpcAdapter.java:108)
	at com.google.cloud.datastore.emulator.firestore.v1.FirestoreV1GrpcAdapter.unary(FirestoreV1GrpcAdapter.java:72)
	at com.google.cloud.datastore.emulator.firestore.v1.FirestoreV1GrpcAdapter$1.getOrListDocuments(FirestoreV1GrpcAdapter.java:108)
	at com.google.firestore.v1.FirestoreGrpc$MethodHandlers.invoke(FirestoreGrpc.java:1376)
	at io.grpc.stub.ServerCalls$UnaryServerCallHandler$UnaryServerCallListener.onHalfClose(ServerCalls.java:182)
	at io.grpc.PartialForwardingServerCallListener.onHalfClose(PartialForwardingServerCallListener.java:35)
	at io.grpc.ForwardingServerCallListener.onHalfClose(ForwardingServerCallListener.java:23)
	at io.grpc.ForwardingServerCallListener$SimpleForwardingServerCallListener.onHalfClose(ForwardingServerCallListener.java:40)
	at io.grpc.Contexts$ContextualizedServerCallListener.onHalfClose(Contexts.java:86)
	at io.grpc.PartialForwardingServerCallListener.onHalfClose(PartialForwardingServerCallListener.java:35)
	at io.grpc.ForwardingServerCallListener.onHalfClose(ForwardingServerCallListener.java:23)
	at io.grpc.ForwardingServerCallListener$SimpleForwardingServerCallListener.onHalfClose(ForwardingServerCallListener.java:40)
	at io.grpc.Contexts$ContextualizedServerCallListener.onHalfClose(Contexts.java:86)
	at io.grpc.internal.ServerCallImpl$ServerStreamListenerImpl.halfClosed(ServerCallImpl.java:356)
	at io.grpc.internal.ServerImpl$JumpToApplicationThreadServerStreamListener$1HalfClosed.runInContext(ServerImpl.java:861)
	at io.grpc.internal.ContextRunnable.run(ContextRunnable.java:37)
	at io.grpc.internal.SerializingExecutor.run(SerializingExecutor.java:133)
	at java.base/java.util.concurrent.ThreadPoolExecutor.runWorker(ThreadPoolExecutor.java:1144)
	at java.base/java.util.concurrent.ThreadPoolExecutor$Worker.run(ThreadPoolExecutor.java:642)
	at java.base/java.lang.Thread.run(Thread.java:1583)

Sep 15, 2026 9:18:27 AM io.gapi.emulators.netty.HttpHandler$1 onError
INFO: Exception when handling request: NOT_FOUND: Document (projects/demo-lead-integration/databases/(default)/documents/leads/bc48692c44bde28ac6676d30524b391c81c2abb75db8e331870b24e1367d7693) not found.
Multiple projectIds are not recommended in single project mode. Requested project ID demo-lead-integration, but the emulator is configured for demo-not-the-rug. To opt-out of single project mode add/set the '"singleProjectMode": false' property in the firebase.json emulators config.
Multiple projectIds are not recommended in single project mode. Requested project ID demo-lead-integration, but the emulator is configured for demo-not-the-rug. To opt-out of single project mode add/set the '"singleProjectMode": false' property in the firebase.json emulators config.
Sep 15, 2026 9:18:27 AM com.google.cloud.datastore.emulator.impl.util.WrappedStreamObserver onError
WARNING: Operation failed: entity already exists: EntityRef[partitionRef=dev~demo-lead-integration, path=/leads/7556115e84fb1b8c5799d34414760b71b319480cd2c824d6bc4bb48867fb8ad5]
com.google.cloud.datastore.core.exception.DatastoreException: entity already exists: EntityRef[partitionRef=dev~demo-lead-integration, path=/leads/7556115e84fb1b8c5799d34414760b71b319480cd2c824d6bc4bb48867fb8ad5]
	at com.google.cloud.datastore.core.exception.DatastoreException.withProblem(DatastoreException.java:352)
	at com.google.cloud.datastore.emulator.impl.util.FirestoreEmulatorConverters.alreadyExists(FirestoreEmulatorConverters.java:748)
	at com.google.cloud.datastore.emulator.impl.util.FirestoreEmulatorConverters.checkMutation(FirestoreEmulatorConverters.java:214)
	at com.google.cloud.datastore.emulator.impl.firestore.FirestoreEmulatorHelper.commitHelper(FirestoreEmulatorHelper.java:390)
	at com.google.cloud.datastore.emulator.impl.firestore.FirestoreEmulatorHelper.internalCommit(FirestoreEmulatorHelper.java:339)
	at com.google.cloud.datastore.emulator.impl.firestore.CloudFirestoreV1.internalCommit(CloudFirestoreV1.java:1243)
	at com.google.cloud.datastore.emulator.impl.firestore.CloudFirestoreV1.createDocument(CloudFirestoreV1.java:450)
	at com.google.cloud.datastore.emulator.impl.firestore.CloudFirestoreV1Router.createDocument(CloudFirestoreV1Router.java:146)
	at com.google.cloud.datastore.emulator.firestore.v1.FirestoreV1GrpcAdapter$1.lambda$createDocument$0(FirestoreV1GrpcAdapter.java:126)
	at com.google.cloud.datastore.emulator.firestore.v1.FirestoreV1GrpcAdapter.unary(FirestoreV1GrpcAdapter.java:72)
	at com.google.cloud.datastore.emulator.firestore.v1.FirestoreV1GrpcAdapter$1.createDocument(FirestoreV1GrpcAdapter.java:126)
	at com.google.firestore.v1.FirestoreGrpc$MethodHandlers.invoke(FirestoreGrpc.java:1436)
	at io.grpc.stub.ServerCalls$UnaryServerCallHandler$UnaryServerCallListener.onHalfClose(ServerCalls.java:182)
	at io.grpc.PartialForwardingServerCallListener.onHalfClose(PartialForwardingServerCallListener.java:35)
	at io.grpc.ForwardingServerCallListener.onHalfClose(ForwardingServerCallListener.java:23)
	at io.grpc.ForwardingServerCallListener$SimpleForwardingServerCallListener.onHalfClose(ForwardingServerCallListener.java:40)
	at io.grpc.Contexts$ContextualizedServerCallListener.onHalfClose(Contexts.java:86)
	at io.grpc.PartialForwardingServerCallListener.onHalfClose(PartialForwardingServerCallListener.java:35)
	at io.grpc.ForwardingServerCallListener.onHalfClose(ForwardingServerCallListener.java:23)
	at io.grpc.ForwardingServerCallListener$SimpleForwardingServerCallListener.onHalfClose(ForwardingServerCallListener.java:40)
	at io.grpc.Contexts$ContextualizedServerCallListener.onHalfClose(Contexts.java:86)
	at io.grpc.internal.ServerCallImpl$ServerStreamListenerImpl.halfClosed(ServerCallImpl.java:356)
	at io.grpc.internal.ServerImpl$JumpToApplicationThreadServerStreamListener$1HalfClosed.runInContext(ServerImpl.java:861)
	at io.grpc.internal.ContextRunnable.run(ContextRunnable.java:37)
	at io.grpc.internal.SerializingExecutor.run(SerializingExecutor.java:133)
	at java.base/java.util.concurrent.ThreadPoolExecutor.runWorker(ThreadPoolExecutor.java:1144)
	at java.base/java.util.concurrent.ThreadPoolExecutor$Worker.run(ThreadPoolExecutor.java:642)
	at java.base/java.lang.Thread.run(Thread.java:1583)

Sep 15, 2026 9:18:27 AM io.gapi.emulators.netty.HttpHandler$1 onError
INFO: Exception when handling request: ALREADY_EXISTS: entity already exists: EntityRef[partitionRef=dev~demo-lead-integration, path=/leads/7556115e84fb1b8c5799d34414760b71b319480cd2c824d6bc4bb48867fb8ad5]
Multiple projectIds are not recommended in single project mode. Requested project ID demo-lead-integration, but the emulator is configured for demo-not-the-rug. To opt-out of single project mode add/set the '"singleProjectMode": false' property in the firebase.json emulators config.
Multiple projectIds are not recommended in single project mode. Requested project ID demo-lead-integration, but the emulator is configured for demo-not-the-rug. To opt-out of single project mode add/set the '"singleProjectMode": false' property in the firebase.json emulators config.
Multiple projectIds are not recommended in single project mode. Requested project ID demo-lead-integration, but the emulator is configured for demo-not-the-rug. To opt-out of single project mode add/set the '"singleProjectMode": false' property in the firebase.json emulators config.
Multiple projectIds are not recommended in single project mode. Requested project ID demo-lead-integration, but the emulator is configured for demo-not-the-rug. To opt-out of single project mode add/set the '"singleProjectMode": false' property in the firebase.json emulators config.
Multiple projectIds are not recommended in single project mode. Requested project ID demo-lead-integration, but the emulator is configured for demo-not-the-rug. To opt-out of single project mode add/set the '"singleProjectMode": false' property in the firebase.json emulators config.
Multiple projectIds are not recommended in single project mode. Requested project ID demo-lead-integration, but the emulator is configured for demo-not-the-rug. To opt-out of single project mode add/set the '"singleProjectMode": false' property in the firebase.json emulators config.
Sep 15, 2026 9:18:27 AM com.google.cloud.datastore.emulator.impl.util.WrappedStreamObserver onError
WARNING: Operation failed: Document (projects/demo-lead-integration/databases/(default)/documents/leads/b083f32cf82501f613821a5418d74e8bb6793192a52be26f7cab136dc752e0c5) not found.
com.google.cloud.datastore.core.exception.DatastoreException: Document (projects/demo-lead-integration/databases/(default)/documents/leads/b083f32cf82501f613821a5418d74e8bb6793192a52be26f7cab136dc752e0c5) not found.
	at com.google.cloud.datastore.emulator.impl.firestore.CloudFirestoreV1.getDocument(CloudFirestoreV1.java:340)
	at com.google.cloud.datastore.emulator.impl.firestore.CloudFirestoreV1Router.getDocument(CloudFirestoreV1Router.java:132)
	at com.google.cloud.datastore.emulator.impl.firestore.CloudFirestoreV1Router.getOrListDocuments(CloudFirestoreV1Router.java:126)
	at com.google.cloud.datastore.emulator.firestore.v1.FirestoreV1GrpcAdapter$1.lambda$getOrListDocuments$0(FirestoreV1GrpcAdapter.java:108)
	at com.google.cloud.datastore.emulator.firestore.v1.FirestoreV1GrpcAdapter.unary(FirestoreV1GrpcAdapter.java:72)
	at com.google.cloud.datastore.emulator.firestore.v1.FirestoreV1GrpcAdapter$1.getOrListDocuments(FirestoreV1GrpcAdapter.java:108)
	at com.google.firestore.v1.FirestoreGrpc$MethodHandlers.invoke(FirestoreGrpc.java:1376)
	at io.grpc.stub.ServerCalls$UnaryServerCallHandler$UnaryServerCallListener.onHalfClose(ServerCalls.java:182)
	at io.grpc.PartialForwardingServerCallListener.onHalfClose(PartialForwardingServerCallListener.java:35)
	at io.grpc.ForwardingServerCallListener.onHalfClose(ForwardingServerCallListener.java:23)
	at io.grpc.ForwardingServerCallListener$SimpleForwardingServerCallListener.onHalfClose(ForwardingServerCallListener.java:40)
	at io.grpc.Contexts$ContextualizedServerCallListener.onHalfClose(Contexts.java:86)
	at io.grpc.PartialForwardingServerCallListener.onHalfClose(PartialForwardingServerCallListener.java:35)
	at io.grpc.ForwardingServerCallListener.onHalfClose(ForwardingServerCallListener.java:23)
	at io.grpc.ForwardingServerCallListener$SimpleForwardingServerCallListener.onHalfClose(ForwardingServerCallListener.java:40)
	at io.grpc.Contexts$ContextualizedServerCallListener.onHalfClose(Contexts.java:86)
	at io.grpc.internal.ServerCallImpl$ServerStreamListenerImpl.halfClosed(ServerCallImpl.java:356)
	at io.grpc.internal.ServerImpl$JumpToApplicationThreadServerStreamListener$1HalfClosed.runInContext(ServerImpl.java:861)
	at io.grpc.internal.ContextRunnable.run(ContextRunnable.java:37)
	at io.grpc.internal.SerializingExecutor.run(SerializingExecutor.java:133)
	at java.base/java.util.concurrent.ThreadPoolExecutor.runWorker(ThreadPoolExecutor.java:1144)
	at java.base/java.util.concurrent.ThreadPoolExecutor$Worker.run(ThreadPoolExecutor.java:642)
	at java.base/java.lang.Thread.run(Thread.java:1583)

Sep 15, 2026 9:18:27 AM io.gapi.emulators.netty.HttpHandler$1 onError
INFO: Exception when handling request: NOT_FOUND: Document (projects/demo-lead-integration/databases/(default)/documents/leads/b083f32cf82501f613821a5418d74e8bb6793192a52be26f7cab136dc752e0c5) not found.
Multiple projectIds are not recommended in single project mode. Requested project ID demo-lead-integration, but the emulator is configured for demo-not-the-rug. To opt-out of single project mode add/set the '"singleProjectMode": false' property in the firebase.json emulators config.
Multiple projectIds are not recommended in single project mode. Requested project ID demo-lead-integration, but the emulator is configured for demo-not-the-rug. To opt-out of single project mode add/set the '"singleProjectMode": false' property in the firebase.json emulators config.
Multiple projectIds are not recommended in single project mode. Requested project ID demo-lead-integration, but the emulator is configured for demo-not-the-rug. To opt-out of single project mode add/set the '"singleProjectMode": false' property in the firebase.json emulators config.
Multiple projectIds are not recommended in single project mode. Requested project ID demo-lead-integration, but the emulator is configured for demo-not-the-rug. To opt-out of single project mode add/set the '"singleProjectMode": false' property in the firebase.json emulators config.
Sep 15, 2026 9:18:27 AM com.google.cloud.datastore.emulator.impl.util.WrappedStreamObserver onError
WARNING: Operation failed: Document (projects/demo-lead-integration/databases/(default)/documents/leads/466fa42f5ecf22e9257dec478ba76543985bb784bfd9f7661cc7811c4affaa83) not found.
com.google.cloud.datastore.core.exception.DatastoreException: Document (projects/demo-lead-integration/databases/(default)/documents/leads/466fa42f5ecf22e9257dec478ba76543985bb784bfd9f7661cc7811c4affaa83) not found.
	at com.google.cloud.datastore.emulator.impl.firestore.CloudFirestoreV1.getDocument(CloudFirestoreV1.java:340)
	at com.google.cloud.datastore.emulator.impl.firestore.CloudFirestoreV1Router.getDocument(CloudFirestoreV1Router.java:132)
	at com.google.cloud.datastore.emulator.impl.firestore.CloudFirestoreV1Router.getOrListDocuments(CloudFirestoreV1Router.java:126)
	at com.google.cloud.datastore.emulator.firestore.v1.FirestoreV1GrpcAdapter$1.lambda$getOrListDocuments$0(FirestoreV1GrpcAdapter.java:108)
	at com.google.cloud.datastore.emulator.firestore.v1.FirestoreV1GrpcAdapter.unary(FirestoreV1GrpcAdapter.java:72)
	at com.google.cloud.datastore.emulator.firestore.v1.FirestoreV1GrpcAdapter$1.getOrListDocuments(FirestoreV1GrpcAdapter.java:108)
	at com.google.firestore.v1.FirestoreGrpc$MethodHandlers.invoke(FirestoreGrpc.java:1376)
	at io.grpc.stub.ServerCalls$UnaryServerCallHandler$UnaryServerCallListener.onHalfClose(ServerCalls.java:182)
	at io.grpc.PartialForwardingServerCallListener.onHalfClose(PartialForwardingServerCallListener.java:35)
	at io.grpc.ForwardingServerCallListener.onHalfClose(ForwardingServerCallListener.java:23)
	at io.grpc.ForwardingServerCallListener$SimpleForwardingServerCallListener.onHalfClose(ForwardingServerCallListener.java:40)
	at io.grpc.Contexts$ContextualizedServerCallListener.onHalfClose(Contexts.java:86)
	at io.grpc.PartialForwardingServerCallListener.onHalfClose(PartialForwardingServerCallListener.java:35)
	at io.grpc.ForwardingServerCallListener.onHalfClose(ForwardingServerCallListener.java:23)
	at io.grpc.ForwardingServerCallListener$SimpleForwardingServerCallListener.onHalfClose(ForwardingServerCallListener.java:40)
	at io.grpc.Contexts$ContextualizedServerCallListener.onHalfClose(Contexts.java:86)
	at io.grpc.internal.ServerCallImpl$ServerStreamListenerImpl.halfClosed(ServerCallImpl.java:356)
	at io.grpc.internal.ServerImpl$JumpToApplicationThreadServerStreamListener$1HalfClosed.runInContext(ServerImpl.java:861)
	at io.grpc.internal.ContextRunnable.run(ContextRunnable.java:37)
	at io.grpc.internal.SerializingExecutor.run(SerializingExecutor.java:133)
	at java.base/java.util.concurrent.ThreadPoolExecutor.runWorker(ThreadPoolExecutor.java:1144)
	at java.base/java.util.concurrent.ThreadPoolExecutor$Worker.run(ThreadPoolExecutor.java:642)
	at java.base/java.lang.Thread.run(Thread.java:1583)

Sep 15, 2026 9:18:27 AM io.gapi.emulators.netty.HttpHandler$1 onError
INFO: Exception when handling request: NOT_FOUND: Document (projects/demo-lead-integration/databases/(default)/documents/leads/466fa42f5ecf22e9257dec478ba76543985bb784bfd9f7661cc7811c4affaa83) not found.
Multiple projectIds are not recommended in single project mode. Requested project ID demo-lead-integration, but the emulator is configured for demo-not-the-rug. To opt-out of single project mode add/set the '"singleProjectMode": false' property in the firebase.json emulators config.
Multiple projectIds are not recommended in single project mode. Requested project ID demo-lead-integration, but the emulator is configured for demo-not-the-rug. To opt-out of single project mode add/set the '"singleProjectMode": false' property in the firebase.json emulators config.
Multiple projectIds are not recommended in single project mode. Requested project ID demo-lead-integration, but the emulator is configured for demo-not-the-rug. To opt-out of single project mode add/set the '"singleProjectMode": false' property in the firebase.json emulators config.
Multiple projectIds are not recommended in single project mode. Requested project ID demo-lead-integration, but the emulator is configured for demo-not-the-rug. To opt-out of single project mode add/set the '"singleProjectMode": false' property in the firebase.json emulators config.
Multiple projectIds are not recommended in single project mode. Requested project ID demo-lead-integration, but the emulator is configured for demo-not-the-rug. To opt-out of single project mode add/set the '"singleProjectMode": false' property in the firebase.json emulators config.
Multiple projectIds are not recommended in single project mode. Requested project ID demo-lead-integration, but the emulator is configured for demo-not-the-rug. To opt-out of single project mode add/set the '"singleProjectMode": false' property in the firebase.json emulators config.
Sep 15, 2026 9:18:27 AM io.gapi.emulators.netty.HttpVersionRoutingHandler channelRead
INFO: Detected non-HTTP/2 connection.
Sep 15, 2026 9:18:27 AM io.gapi.emulators.netty.HttpVersionRoutingHandler channelRead
INFO: Detected non-HTTP/2 connection.
Sep 15, 2026 9:18:27 AM io.gapi.emulators.netty.HttpVersionRoutingHandler channelRead
INFO: Detected non-HTTP/2 connection.
Sep 15, 2026 9:18:27 AM io.gapi.emulators.netty.HttpVersionRoutingHandler channelRead
INFO: Detected non-HTTP/2 connection.
Sep 15, 2026 9:18:27 AM io.gapi.emulators.netty.HttpVersionRoutingHandler channelRead
INFO: Detected non-HTTP/2 connection.
Sep 15, 2026 9:18:27 AM io.gapi.emulators.netty.HttpVersionRoutingHandler channelRead
INFO: Detected non-HTTP/2 connection.
Sep 15, 2026 9:18:27 AM io.gapi.emulators.netty.HttpVersionRoutingHandler channelRead
INFO: Detected non-HTTP/2 connection.
Sep 15, 2026 9:18:27 AM io.gapi.emulators.netty.HttpVersionRoutingHandler channelRead
INFO: Detected non-HTTP/2 connection.
Multiple projectIds are not recommended in single project mode. Requested project ID demo-lead-integration, but the emulator is configured for demo-not-the-rug. To opt-out of single project mode add/set the '"singleProjectMode": false' property in the firebase.json emulators config.
Multiple projectIds are not recommended in single project mode. Requested project ID demo-lead-integration, but the emulator is configured for demo-not-the-rug. To opt-out of single project mode add/set the '"singleProjectMode": false' property in the firebase.json emulators config.
Multiple projectIds are not recommended in single project mode. Requested project ID demo-lead-integration, but the emulator is configured for demo-not-the-rug. To opt-out of single project mode add/set the '"singleProjectMode": false' property in the firebase.json emulators config.
Multiple projectIds are not recommended in single project mode. Requested project ID demo-lead-integration, but the emulator is configured for demo-not-the-rug. To opt-out of single project mode add/set the '"singleProjectMode": false' property in the firebase.json emulators config.
Multiple projectIds are not recommended in single project mode. Requested project ID demo-lead-integration, but the emulator is configured for demo-not-the-rug. To opt-out of single project mode add/set the '"singleProjectMode": false' property in the firebase.json emulators config.
Multiple projectIds are not recommended in single project mode. Requested project ID demo-lead-integration, but the emulator is configured for demo-not-the-rug. To opt-out of single project mode add/set the '"singleProjectMode": false' property in the firebase.json emulators config.
Multiple projectIds are not recommended in single project mode. Requested project ID demo-lead-integration, but the emulator is configured for demo-not-the-rug. To opt-out of single project mode add/set the '"singleProjectMode": false' property in the firebase.json emulators config.
Multiple projectIds are not recommended in single project mode. Requested project ID demo-lead-integration, but the emulator is configured for demo-not-the-rug. To opt-out of single project mode add/set the '"singleProjectMode": false' property in the firebase.json emulators config.
Multiple projectIds are not recommended in single project mode. Requested project ID demo-lead-integration, but the emulator is configured for demo-not-the-rug. To opt-out of single project mode add/set the '"singleProjectMode": false' property in the firebase.json emulators config.
Multiple projectIds are not recommended in single project mode. Requested project ID demo-lead-integration, but the emulator is configured for demo-not-the-rug. To opt-out of single project mode add/set the '"singleProjectMode": false' property in the firebase.json emulators config.
Multiple projectIds are not recommended in single project mode. Requested project ID demo-lead-integration, but the emulator is configured for demo-not-the-rug. To opt-out of single project mode add/set the '"singleProjectMode": false' property in the firebase.json emulators config.
Multiple projectIds are not recommended in single project mode. Requested project ID demo-lead-integration, but the emulator is configured for demo-not-the-rug. To opt-out of single project mode add/set the '"singleProjectMode": false' property in the firebase.json emulators config.
Multiple projectIds are not recommended in single project mode. Requested project ID demo-lead-integration, but the emulator is configured for demo-not-the-rug. To opt-out of single project mode add/set the '"singleProjectMode": false' property in the firebase.json emulators config.
Sep 15, 2026 9:18:27 AM com.google.cloud.datastore.emulator.impl.util.WrappedStreamObserver onError
WARNING: Operation failed: Document (projects/demo-lead-integration/databases/(default)/documents/leads/82ef4de1acee6a2c9530bb956599d736bd8e45f9d7dfd26b0af2be4a0cc4ab49) not found.
com.google.cloud.datastore.core.exception.DatastoreException: Document (projects/demo-lead-integration/databases/(default)/documents/leads/82ef4de1acee6a2c9530bb956599d736bd8e45f9d7dfd26b0af2be4a0cc4ab49) not found.
	at com.google.cloud.datastore.emulator.impl.firestore.CloudFirestoreV1.getDocument(CloudFirestoreV1.java:340)
	at com.google.cloud.datastore.emulator.impl.firestore.CloudFirestoreV1Router.getDocument(CloudFirestoreV1Router.java:132)
	at com.google.cloud.datastore.emulator.impl.firestore.CloudFirestoreV1Router.getOrListDocuments(CloudFirestoreV1Router.java:126)
	at com.google.cloud.datastore.emulator.firestore.v1.FirestoreV1GrpcAdapter$1.lambda$getOrListDocuments$0(FirestoreV1GrpcAdapter.java:108)
	at com.google.cloud.datastore.emulator.firestore.v1.FirestoreV1GrpcAdapter.unary(FirestoreV1GrpcAdapter.java:72)
	at com.google.cloud.datastore.emulator.firestore.v1.FirestoreV1GrpcAdapter$1.getOrListDocuments(FirestoreV1GrpcAdapter.java:108)
	at com.google.firestore.v1.FirestoreGrpc$MethodHandlers.invoke(FirestoreGrpc.java:1376)
	at io.grpc.stub.ServerCalls$UnaryServerCallHandler$UnaryServerCallListener.onHalfClose(ServerCalls.java:182)
	at io.grpc.PartialForwardingServerCallListener.onHalfClose(PartialForwardingServerCallListener.java:35)
	at io.grpc.ForwardingServerCallListener.onHalfClose(ForwardingServerCallListener.java:23)
	at io.grpc.ForwardingServerCallListener$SimpleForwardingServerCallListener.onHalfClose(ForwardingServerCallListener.java:40)
	at io.grpc.Contexts$ContextualizedServerCallListener.onHalfClose(Contexts.java:86)
	at io.grpc.PartialForwardingServerCallListener.onHalfClose(PartialForwardingServerCallListener.java:35)
	at io.grpc.ForwardingServerCallListener.onHalfClose(ForwardingServerCallListener.java:23)
	at io.grpc.ForwardingServerCallListener$SimpleForwardingServerCallListener.onHalfClose(ForwardingServerCallListener.java:40)
	at io.grpc.Contexts$ContextualizedServerCallListener.onHalfClose(Contexts.java:86)
	at io.grpc.internal.ServerCallImpl$ServerStreamListenerImpl.halfClosed(ServerCallImpl.java:356)
	at io.grpc.internal.ServerImpl$JumpToApplicationThreadServerStreamListener$1HalfClosed.runInContext(ServerImpl.java:861)
	at io.grpc.internal.ContextRunnable.run(ContextRunnable.java:37)
	at io.grpc.internal.SerializingExecutor.run(SerializingExecutor.java:133)
	at java.base/java.util.concurrent.ThreadPoolExecutor.runWorker(ThreadPoolExecutor.java:1144)
	at java.base/java.util.concurrent.ThreadPoolExecutor$Worker.run(ThreadPoolExecutor.java:642)
	at java.base/java.lang.Thread.run(Thread.java:1583)

Sep 15, 2026 9:18:27 AM io.gapi.emulators.netty.HttpHandler$1 onError
INFO: Exception when handling request: NOT_FOUND: Document (projects/demo-lead-integration/databases/(default)/documents/leads/82ef4de1acee6a2c9530bb956599d736bd8e45f9d7dfd26b0af2be4a0cc4ab49) not found.
Multiple projectIds are not recommended in single project mode. Requested project ID demo-lead-integration, but the emulator is configured for demo-not-the-rug. To opt-out of single project mode add/set the '"singleProjectMode": false' property in the firebase.json emulators config.
Multiple projectIds are not recommended in single project mode. Requested project ID demo-lead-integration, but the emulator is configured for demo-not-the-rug. To opt-out of single project mode add/set the '"singleProjectMode": false' property in the firebase.json emulators config.
Multiple projectIds are not recommended in single project mode. Requested project ID demo-lead-integration, but the emulator is configured for demo-not-the-rug. To opt-out of single project mode add/set the '"singleProjectMode": false' property in the firebase.json emulators config.
Multiple projectIds are not recommended in single project mode. Requested project ID demo-lead-integration, but the emulator is configured for demo-not-the-rug. To opt-out of single project mode add/set the '"singleProjectMode": false' property in the firebase.json emulators config.
Sep 15, 2026 9:18:27 AM com.google.cloud.datastore.emulator.impl.util.WrappedStreamObserver onError
WARNING: Operation failed: Document (projects/demo-lead-integration/databases/(default)/documents/leads/3e2aff4c09d97b8549acb122b6e7ba9d8de9f24efde4bd15a2140c95a1ea57e6) not found.
com.google.cloud.datastore.core.exception.DatastoreException: Document (projects/demo-lead-integration/databases/(default)/documents/leads/3e2aff4c09d97b8549acb122b6e7ba9d8de9f24efde4bd15a2140c95a1ea57e6) not found.
	at com.google.cloud.datastore.emulator.impl.firestore.CloudFirestoreV1.getDocument(CloudFirestoreV1.java:340)
	at com.google.cloud.datastore.emulator.impl.firestore.CloudFirestoreV1Router.getDocument(CloudFirestoreV1Router.java:132)
	at com.google.cloud.datastore.emulator.impl.firestore.CloudFirestoreV1Router.getOrListDocuments(CloudFirestoreV1Router.java:126)
	at com.google.cloud.datastore.emulator.firestore.v1.FirestoreV1GrpcAdapter$1.lambda$getOrListDocuments$0(FirestoreV1GrpcAdapter.java:108)
	at com.google.cloud.datastore.emulator.firestore.v1.FirestoreV1GrpcAdapter.unary(FirestoreV1GrpcAdapter.java:72)
	at com.google.cloud.datastore.emulator.firestore.v1.FirestoreV1GrpcAdapter$1.getOrListDocuments(FirestoreV1GrpcAdapter.java:108)
	at com.google.firestore.v1.FirestoreGrpc$MethodHandlers.invoke(FirestoreGrpc.java:1376)
	at io.grpc.stub.ServerCalls$UnaryServerCallHandler$UnaryServerCallListener.onHalfClose(ServerCalls.java:182)
	at io.grpc.PartialForwardingServerCallListener.onHalfClose(PartialForwardingServerCallListener.java:35)
	at io.grpc.ForwardingServerCallListener.onHalfClose(ForwardingServerCallListener.java:23)
	at io.grpc.ForwardingServerCallListener$SimpleForwardingServerCallListener.onHalfClose(ForwardingServerCallListener.java:40)
	at io.grpc.Contexts$ContextualizedServerCallListener.onHalfClose(Contexts.java:86)
	at io.grpc.PartialForwardingServerCallListener.onHalfClose(PartialForwardingServerCallListener.java:35)
	at io.grpc.ForwardingServerCallListener.onHalfClose(ForwardingServerCallListener.java:23)
	at io.grpc.ForwardingServerCallListener$SimpleForwardingServerCallListener.onHalfClose(ForwardingServerCallListener.java:40)
	at io.grpc.Contexts$ContextualizedServerCallListener.onHalfClose(Contexts.java:86)
	at io.grpc.internal.ServerCallImpl$ServerStreamListenerImpl.halfClosed(ServerCallImpl.java:356)
	at io.grpc.internal.ServerImpl$JumpToApplicationThreadServerStreamListener$1HalfClosed.runInContext(ServerImpl.java:861)
	at io.grpc.internal.ContextRunnable.run(ContextRunnable.java:37)
	at io.grpc.internal.SerializingExecutor.run(SerializingExecutor.java:133)
	at java.base/java.util.concurrent.ThreadPoolExecutor.runWorker(ThreadPoolExecutor.java:1144)
	at java.base/java.util.concurrent.ThreadPoolExecutor$Worker.run(ThreadPoolExecutor.java:642)
	at java.base/java.lang.Thread.run(Thread.java:1583)

Sep 15, 2026 9:18:27 AM io.gapi.emulators.netty.HttpHandler$1 onError
INFO: Exception when handling request: NOT_FOUND: Document (projects/demo-lead-integration/databases/(default)/documents/leads/3e2aff4c09d97b8549acb122b6e7ba9d8de9f24efde4bd15a2140c95a1ea57e6) not found.
Multiple projectIds are not recommended in single project mode. Requested project ID demo-lead-integration, but the emulator is configured for demo-not-the-rug. To opt-out of single project mode add/set the '"singleProjectMode": false' property in the firebase.json emulators config.
Multiple projectIds are not recommended in single project mode. Requested project ID demo-lead-integration, but the emulator is configured for demo-not-the-rug. To opt-out of single project mode add/set the '"singleProjectMode": false' property in the firebase.json emulators config.
Multiple projectIds are not recommended in single project mode. Requested project ID demo-lead-integration, but the emulator is configured for demo-not-the-rug. To opt-out of single project mode add/set the '"singleProjectMode": false' property in the firebase.json emulators config.
Multiple projectIds are not recommended in single project mode. Requested project ID demo-lead-integration, but the emulator is configured for demo-not-the-rug. To opt-out of single project mode add/set the '"singleProjectMode": false' property in the firebase.json emulators config.
Sep 15, 2026 9:18:27 AM com.google.cloud.datastore.emulator.impl.util.WrappedStreamObserver onError
WARNING: Operation failed: Document (projects/demo-lead-integration/databases/(default)/documents/leads/318643c832d5709e835da2872c46232cf6d9b6b9698d769d0425eb01daa69b5e) not found.
com.google.cloud.datastore.core.exception.DatastoreException: Document (projects/demo-lead-integration/databases/(default)/documents/leads/318643c832d5709e835da2872c46232cf6d9b6b9698d769d0425eb01daa69b5e) not found.
	at com.google.cloud.datastore.emulator.impl.firestore.CloudFirestoreV1.getDocument(CloudFirestoreV1.java:340)
	at com.google.cloud.datastore.emulator.impl.firestore.CloudFirestoreV1Router.getDocument(CloudFirestoreV1Router.java:132)
	at com.google.cloud.datastore.emulator.impl.firestore.CloudFirestoreV1Router.getOrListDocuments(CloudFirestoreV1Router.java:126)
	at com.google.cloud.datastore.emulator.firestore.v1.FirestoreV1GrpcAdapter$1.lambda$getOrListDocuments$0(FirestoreV1GrpcAdapter.java:108)
	at com.google.cloud.datastore.emulator.firestore.v1.FirestoreV1GrpcAdapter.unary(FirestoreV1GrpcAdapter.java:72)
	at com.google.cloud.datastore.emulator.firestore.v1.FirestoreV1GrpcAdapter$1.getOrListDocuments(FirestoreV1GrpcAdapter.java:108)
	at com.google.firestore.v1.FirestoreGrpc$MethodHandlers.invoke(FirestoreGrpc.java:1376)
	at io.grpc.stub.ServerCalls$UnaryServerCallHandler$UnaryServerCallListener.onHalfClose(ServerCalls.java:182)
	at io.grpc.PartialForwardingServerCallListener.onHalfClose(PartialForwardingServerCallListener.java:35)
	at io.grpc.ForwardingServerCallListener.onHalfClose(ForwardingServerCallListener.java:23)
	at io.grpc.ForwardingServerCallListener$SimpleForwardingServerCallListener.onHalfClose(ForwardingServerCallListener.java:40)
	at io.grpc.Contexts$ContextualizedServerCallListener.onHalfClose(Contexts.java:86)
	at io.grpc.PartialForwardingServerCallListener.onHalfClose(PartialForwardingServerCallListener.java:35)
	at io.grpc.ForwardingServerCallListener.onHalfClose(ForwardingServerCallListener.java:23)
	at io.grpc.ForwardingServerCallListener$SimpleForwardingServerCallListener.onHalfClose(ForwardingServerCallListener.java:40)
	at io.grpc.Contexts$ContextualizedServerCallListener.onHalfClose(Contexts.java:86)
	at io.grpc.internal.ServerCallImpl$ServerStreamListenerImpl.halfClosed(ServerCallImpl.java:356)
	at io.grpc.internal.ServerImpl$JumpToApplicationThreadServerStreamListener$1HalfClosed.runInContext(ServerImpl.java:861)
	at io.grpc.internal.ContextRunnable.run(ContextRunnable.java:37)
	at io.grpc.internal.SerializingExecutor.run(SerializingExecutor.java:133)
	at java.base/java.util.concurrent.ThreadPoolExecutor.runWorker(ThreadPoolExecutor.java:1144)
	at java.base/java.util.concurrent.ThreadPoolExecutor$Worker.run(ThreadPoolExecutor.java:642)
	at java.base/java.lang.Thread.run(Thread.java:1583)

Sep 15, 2026 9:18:27 AM io.gapi.emulators.netty.HttpHandler$1 onError
INFO: Exception when handling request: NOT_FOUND: Document (projects/demo-lead-integration/databases/(default)/documents/leads/318643c832d5709e835da2872c46232cf6d9b6b9698d769d0425eb01daa69b5e) not found.
Multiple projectIds are not recommended in single project mode. Requested project ID demo-lead-integration, but the emulator is configured for demo-not-the-rug. To opt-out of single project mode add/set the '"singleProjectMode": false' property in the firebase.json emulators config.
Multiple projectIds are not recommended in single project mode. Requested project ID demo-lead-integration, but the emulator is configured for demo-not-the-rug. To opt-out of single project mode add/set the '"singleProjectMode": false' property in the firebase.json emulators config.
Multiple projectIds are not recommended in single project mode. Requested project ID demo-lead-integration, but the emulator is configured for demo-not-the-rug. To opt-out of single project mode add/set the '"singleProjectMode": false' property in the firebase.json emulators config.
Multiple projectIds are not recommended in single project mode. Requested project ID demo-lead-integration, but the emulator is configured for demo-not-the-rug. To opt-out of single project mode add/set the '"singleProjectMode": false' property in the firebase.json emulators config.
Sep 15, 2026 9:18:27 AM com.google.cloud.datastore.emulator.impl.util.WrappedStreamObserver onError
WARNING: Operation failed: Document (projects/demo-lead-integration/databases/(default)/documents/leads/1e73280cb035806df9713c9bdda9f081090d4f65153230227de8f89743f99f9c) not found.
com.google.cloud.datastore.core.exception.DatastoreException: Document (projects/demo-lead-integration/databases/(default)/documents/leads/1e73280cb035806df9713c9bdda9f081090d4f65153230227de8f89743f99f9c) not found.
	at com.google.cloud.datastore.emulator.impl.firestore.CloudFirestoreV1.getDocument(CloudFirestoreV1.java:340)
	at com.google.cloud.datastore.emulator.impl.firestore.CloudFirestoreV1Router.getDocument(CloudFirestoreV1Router.java:132)
	at com.google.cloud.datastore.emulator.impl.firestore.CloudFirestoreV1Router.getOrListDocuments(CloudFirestoreV1Router.java:126)
	at com.google.cloud.datastore.emulator.firestore.v1.FirestoreV1GrpcAdapter$1.lambda$getOrListDocuments$0(FirestoreV1GrpcAdapter.java:108)
	at com.google.cloud.datastore.emulator.firestore.v1.FirestoreV1GrpcAdapter.unary(FirestoreV1GrpcAdapter.java:72)
	at com.google.cloud.datastore.emulator.firestore.v1.FirestoreV1GrpcAdapter$1.getOrListDocuments(FirestoreV1GrpcAdapter.java:108)
	at com.google.firestore.v1.FirestoreGrpc$MethodHandlers.invoke(FirestoreGrpc.java:1376)
	at io.grpc.stub.ServerCalls$UnaryServerCallHandler$UnaryServerCallListener.onHalfClose(ServerCalls.java:182)
	at io.grpc.PartialForwardingServerCallListener.onHalfClose(PartialForwardingServerCallListener.java:35)
	at io.grpc.ForwardingServerCallListener.onHalfClose(ForwardingServerCallListener.java:23)
	at io.grpc.ForwardingServerCallListener$SimpleForwardingServerCallListener.onHalfClose(ForwardingServerCallListener.java:40)
	at io.grpc.Contexts$ContextualizedServerCallListener.onHalfClose(Contexts.java:86)
	at io.grpc.PartialForwardingServerCallListener.onHalfClose(PartialForwardingServerCallListener.java:35)
	at io.grpc.ForwardingServerCallListener.onHalfClose(ForwardingServerCallListener.java:23)
	at io.grpc.ForwardingServerCallListener$SimpleForwardingServerCallListener.onHalfClose(ForwardingServerCallListener.java:40)
	at io.grpc.Contexts$ContextualizedServerCallListener.onHalfClose(Contexts.java:86)
	at io.grpc.internal.ServerCallImpl$ServerStreamListenerImpl.halfClosed(ServerCallImpl.java:356)
	at io.grpc.internal.ServerImpl$JumpToApplicationThreadServerStreamListener$1HalfClosed.runInContext(ServerImpl.java:861)
	at io.grpc.internal.ContextRunnable.run(ContextRunnable.java:37)
	at io.grpc.internal.SerializingExecutor.run(SerializingExecutor.java:133)
	at java.base/java.util.concurrent.ThreadPoolExecutor.runWorker(ThreadPoolExecutor.java:1144)
	at java.base/java.util.concurrent.ThreadPoolExecutor$Worker.run(ThreadPoolExecutor.java:642)
	at java.base/java.lang.Thread.run(Thread.java:1583)

Sep 15, 2026 9:18:27 AM io.gapi.emulators.netty.HttpHandler$1 onError
INFO: Exception when handling request: NOT_FOUND: Document (projects/demo-lead-integration/databases/(default)/documents/leads/1e73280cb035806df9713c9bdda9f081090d4f65153230227de8f89743f99f9c) not found.
Multiple projectIds are not recommended in single project mode. Requested project ID demo-lead-integration, but the emulator is configured for demo-not-the-rug. To opt-out of single project mode add/set the '"singleProjectMode": false' property in the firebase.json emulators config.
Multiple projectIds are not recommended in single project mode. Requested project ID demo-lead-integration, but the emulator is configured for demo-not-the-rug. To opt-out of single project mode add/set the '"singleProjectMode": false' property in the firebase.json emulators config.
Multiple projectIds are not recommended in single project mode. Requested project ID demo-lead-integration, but the emulator is configured for demo-not-the-rug. To opt-out of single project mode add/set the '"singleProjectMode": false' property in the firebase.json emulators config.
Multiple projectIds are not recommended in single project mode. Requested project ID demo-lead-integration, but the emulator is configured for demo-not-the-rug. To opt-out of single project mode add/set the '"singleProjectMode": false' property in the firebase.json emulators config.
Sep 15, 2026 9:18:27 AM com.google.cloud.datastore.emulator.impl.util.WrappedStreamObserver onError
WARNING: Operation failed: Document (projects/demo-lead-integration/databases/(default)/documents/leads/e9a3f493e89cc39499f70fcf93857ef175bd89f1bcaffe213a1fe338f6a89e6e) not found.
com.google.cloud.datastore.core.exception.DatastoreException: Document (projects/demo-lead-integration/databases/(default)/documents/leads/e9a3f493e89cc39499f70fcf93857ef175bd89f1bcaffe213a1fe338f6a89e6e) not found.
	at com.google.cloud.datastore.emulator.impl.firestore.CloudFirestoreV1.getDocument(CloudFirestoreV1.java:340)
	at com.google.cloud.datastore.emulator.impl.firestore.CloudFirestoreV1Router.getDocument(CloudFirestoreV1Router.java:132)
	at com.google.cloud.datastore.emulator.impl.firestore.CloudFirestoreV1Router.getOrListDocuments(CloudFirestoreV1Router.java:126)
	at com.google.cloud.datastore.emulator.firestore.v1.FirestoreV1GrpcAdapter$1.lambda$getOrListDocuments$0(FirestoreV1GrpcAdapter.java:108)
	at com.google.cloud.datastore.emulator.firestore.v1.FirestoreV1GrpcAdapter.unary(FirestoreV1GrpcAdapter.java:72)
	at com.google.cloud.datastore.emulator.firestore.v1.FirestoreV1GrpcAdapter$1.getOrListDocuments(FirestoreV1GrpcAdapter.java:108)
	at com.google.firestore.v1.FirestoreGrpc$MethodHandlers.invoke(FirestoreGrpc.java:1376)
	at io.grpc.stub.ServerCalls$UnaryServerCallHandler$UnaryServerCallListener.onHalfClose(ServerCalls.java:182)
	at io.grpc.PartialForwardingServerCallListener.onHalfClose(PartialForwardingServerCallListener.java:35)
	at io.grpc.ForwardingServerCallListener.onHalfClose(ForwardingServerCallListener.java:23)
	at io.grpc.ForwardingServerCallListener$SimpleForwardingServerCallListener.onHalfClose(ForwardingServerCallListener.java:40)
	at io.grpc.Contexts$ContextualizedServerCallListener.onHalfClose(Contexts.java:86)
	at io.grpc.PartialForwardingServerCallListener.onHalfClose(PartialForwardingServerCallListener.java:35)
	at io.grpc.ForwardingServerCallListener.onHalfClose(ForwardingServerCallListener.java:23)
	at io.grpc.ForwardingServerCallListener$SimpleForwardingServerCallListener.onHalfClose(ForwardingServerCallListener.java:40)
	at io.grpc.Contexts$ContextualizedServerCallListener.onHalfClose(Contexts.java:86)
	at io.grpc.internal.ServerCallImpl$ServerStreamListenerImpl.halfClosed(ServerCallImpl.java:356)
	at io.grpc.internal.ServerImpl$JumpToApplicationThreadServerStreamListener$1HalfClosed.runInContext(ServerImpl.java:861)
	at io.grpc.internal.ContextRunnable.run(ContextRunnable.java:37)
	at io.grpc.internal.SerializingExecutor.run(SerializingExecutor.java:133)
	at java.base/java.util.concurrent.ThreadPoolExecutor.runWorker(ThreadPoolExecutor.java:1144)
	at java.base/java.util.concurrent.ThreadPoolExecutor$Worker.run(ThreadPoolExecutor.java:642)
	at java.base/java.lang.Thread.run(Thread.java:1583)

Sep 15, 2026 9:18:27 AM io.gapi.emulators.netty.HttpHandler$1 onError
INFO: Exception when handling request: NOT_FOUND: Document (projects/demo-lead-integration/databases/(default)/documents/leads/e9a3f493e89cc39499f70fcf93857ef175bd89f1bcaffe213a1fe338f6a89e6e) not found.
Multiple projectIds are not recommended in single project mode. Requested project ID demo-lead-integration, but the emulator is configured for demo-not-the-rug. To opt-out of single project mode add/set the '"singleProjectMode": false' property in the firebase.json emulators config.
Multiple projectIds are not recommended in single project mode. Requested project ID demo-lead-integration, but the emulator is configured for demo-not-the-rug. To opt-out of single project mode add/set the '"singleProjectMode": false' property in the firebase.json emulators config.
Multiple projectIds are not recommended in single project mode. Requested project ID demo-lead-integration, but the emulator is configured for demo-not-the-rug. To opt-out of single project mode add/set the '"singleProjectMode": false' property in the firebase.json emulators config.
Multiple projectIds are not recommended in single project mode. Requested project ID demo-lead-integration, but the emulator is configured for demo-not-the-rug. To opt-out of single project mode add/set the '"singleProjectMode": false' property in the firebase.json emulators config.
Multiple projectIds are not recommended in single project mode. Requested project ID demo-lead-integration, but the emulator is configured for demo-not-the-rug. To opt-out of single project mode add/set the '"singleProjectMode": false' property in the firebase.json emulators config.
Multiple projectIds are not recommended in single project mode. Requested project ID demo-lead-integration, but the emulator is configured for demo-not-the-rug. To opt-out of single project mode add/set the '"singleProjectMode": false' property in the firebase.json emulators config.
Multiple projectIds are not recommended in single project mode. Requested project ID demo-lead-integration, but the emulator is configured for demo-not-the-rug. To opt-out of single project mode add/set the '"singleProjectMode": false' property in the firebase.json emulators config.
Multiple projectIds are not recommended in single project mode. Requested project ID demo-lead-integration, but the emulator is configured for demo-not-the-rug. To opt-out of single project mode add/set the '"singleProjectMode": false' property in the firebase.json emulators config.
Multiple projectIds are not recommended in single project mode. Requested project ID demo-lead-integration, but the emulator is configured for demo-not-the-rug. To opt-out of single project mode add/set the '"singleProjectMode": false' property in the firebase.json emulators config.
Multiple projectIds are not recommended in single project mode. Requested project ID demo-lead-integration, but the emulator is configured for demo-not-the-rug. To opt-out of single project mode add/set the '"singleProjectMode": false' property in the firebase.json emulators config.
Multiple projectIds are not recommended in single project mode. Requested project ID demo-lead-integration, but the emulator is configured for demo-not-the-rug. To opt-out of single project mode add/set the '"singleProjectMode": false' property in the firebase.json emulators config.
Sep 15, 2026 9:18:27 AM com.google.cloud.datastore.emulator.impl.util.WrappedStreamObserver onError
WARNING: Operation failed: Document (projects/demo-lead-integration/databases/(default)/documents/leads/c471a4176b198479eb99a58c3197b91b96388c38103d7f188cac8bea62b237d8) not found.
com.google.cloud.datastore.core.exception.DatastoreException: Document (projects/demo-lead-integration/databases/(default)/documents/leads/c471a4176b198479eb99a58c3197b91b96388c38103d7f188cac8bea62b237d8) not found.
	at com.google.cloud.datastore.emulator.impl.firestore.CloudFirestoreV1.getDocument(CloudFirestoreV1.java:340)
	at com.google.cloud.datastore.emulator.impl.firestore.CloudFirestoreV1Router.getDocument(CloudFirestoreV1Router.java:132)
	at com.google.cloud.datastore.emulator.impl.firestore.CloudFirestoreV1Router.getOrListDocuments(CloudFirestoreV1Router.java:126)
	at com.google.cloud.datastore.emulator.firestore.v1.FirestoreV1GrpcAdapter$1.lambda$getOrListDocuments$0(FirestoreV1GrpcAdapter.java:108)
	at com.google.cloud.datastore.emulator.firestore.v1.FirestoreV1GrpcAdapter.unary(FirestoreV1GrpcAdapter.java:72)
	at com.google.cloud.datastore.emulator.firestore.v1.FirestoreV1GrpcAdapter$1.getOrListDocuments(FirestoreV1GrpcAdapter.java:108)
	at com.google.firestore.v1.FirestoreGrpc$MethodHandlers.invoke(FirestoreGrpc.java:1376)
	at io.grpc.stub.ServerCalls$UnaryServerCallHandler$UnaryServerCallListener.onHalfClose(ServerCalls.java:182)
	at io.grpc.PartialForwardingServerCallListener.onHalfClose(PartialForwardingServerCallListener.java:35)
	at io.grpc.ForwardingServerCallListener.onHalfClose(ForwardingServerCallListener.java:23)
	at io.grpc.ForwardingServerCallListener$SimpleForwardingServerCallListener.onHalfClose(ForwardingServerCallListener.java:40)
	at io.grpc.Contexts$ContextualizedServerCallListener.onHalfClose(Contexts.java:86)
	at io.grpc.PartialForwardingServerCallListener.onHalfClose(PartialForwardingServerCallListener.java:35)
	at io.grpc.ForwardingServerCallListener.onHalfClose(ForwardingServerCallListener.java:23)
	at io.grpc.ForwardingServerCallListener$SimpleForwardingServerCallListener.onHalfClose(ForwardingServerCallListener.java:40)
	at io.grpc.Contexts$ContextualizedServerCallListener.onHalfClose(Contexts.java:86)
	at io.grpc.internal.ServerCallImpl$ServerStreamListenerImpl.halfClosed(ServerCallImpl.java:356)
	at io.grpc.internal.ServerImpl$JumpToApplicationThreadServerStreamListener$1HalfClosed.runInContext(ServerImpl.java:861)
	at io.grpc.internal.ContextRunnable.run(ContextRunnable.java:37)
	at io.grpc.internal.SerializingExecutor.run(SerializingExecutor.java:133)
	at java.base/java.util.concurrent.ThreadPoolExecutor.runWorker(ThreadPoolExecutor.java:1144)
	at java.base/java.util.concurrent.ThreadPoolExecutor$Worker.run(ThreadPoolExecutor.java:642)
	at java.base/java.lang.Thread.run(Thread.java:1583)

Sep 15, 2026 9:18:27 AM io.gapi.emulators.netty.HttpHandler$1 onError
INFO: Exception when handling request: NOT_FOUND: Document (projects/demo-lead-integration/databases/(default)/documents/leads/c471a4176b198479eb99a58c3197b91b96388c38103d7f188cac8bea62b237d8) not found.
Multiple projectIds are not recommended in single project mode. Requested project ID demo-lead-integration, but the emulator is configured for demo-not-the-rug. To opt-out of single project mode add/set the '"singleProjectMode": false' property in the firebase.json emulators config.
Multiple projectIds are not recommended in single project mode. Requested project ID demo-lead-integration, but the emulator is configured for demo-not-the-rug. To opt-out of single project mode add/set the '"singleProjectMode": false' property in the firebase.json emulators config.
Multiple projectIds are not recommended in single project mode. Requested project ID demo-lead-integration, but the emulator is configured for demo-not-the-rug. To opt-out of single project mode add/set the '"singleProjectMode": false' property in the firebase.json emulators config.
Sep 15, 2026 9:18:27 AM io.gapi.emulators.netty.HttpVersionRoutingHandler channelRead
INFO: Detected non-HTTP/2 connection.
Multiple projectIds are not recommended in single project mode. Requested project ID demo-not-the-rug-firestore-rules, but the emulator is configured for demo-not-the-rug. To opt-out of single project mode add/set the '"singleProjectMode": false' property in the firebase.json emulators config.
Sep 15, 2026 9:18:27 AM io.gapi.emulators.netty.HttpVersionRoutingHandler channelRead
INFO: Detected HTTP/2 connection.
Multiple projectIds are not recommended in single project mode. Requested project ID demo-not-the-rug-firestore-rules, but the emulator is configured for demo-not-the-rug. To opt-out of single project mode add/set the '"singleProjectMode": false' property in the firebase.json emulators config.
Multiple projectIds are not recommended in single project mode. Requested project ID demo-not-the-rug-firestore-rules, but the emulator is configured for demo-not-the-rug. To opt-out of single project mode add/set the '"singleProjectMode": false' property in the firebase.json emulators config.
Multiple projectIds are not recommended in single project mode. Requested project ID demo-not-the-rug-firestore-rules, but the emulator is configured for demo-not-the-rug. To opt-out of single project mode add/set the '"singleProjectMode": false' property in the firebase.json emulators config.
Multiple projectIds are not recommended in single project mode. Requested project ID demo-not-the-rug-firestore-rules, but the emulator is configured for demo-not-the-rug. To opt-out of single project mode add/set the '"singleProjectMode": false' property in the firebase.json emulators config.
Multiple projectIds are not recommended in single project mode. Requested project ID demo-not-the-rug-firestore-rules, but the emulator is configured for demo-not-the-rug. To opt-out of single project mode add/set the '"singleProjectMode": false' property in the firebase.json emulators config.
Sep 15, 2026 9:18:27 AM com.google.cloud.datastore.emulator.impl.util.WrappedStreamObserver onError
WARNING: Operation failed: 
false for 'create' @ L19, false for 'create' @ L49, false for 'update' @ L19, false for 'update' @ L49
com.google.cloud.datastore.core.exception.DatastoreException: 
false for 'create' @ L19, false for 'create' @ L49, false for 'update' @ L19, false for 'update' @ L49
	at com.google.cloud.datastore.core.exception.DatastoreException$Builder.build(DatastoreException.java:152)
	at com.google.cloud.datastore.emulator.impl.rules.DefaultEmulatorRulesAuthorizer.verboseError(DefaultEmulatorRulesAuthorizer.java:349)
	at com.google.cloud.datastore.emulator.impl.rules.DefaultEmulatorRulesAuthorizer.withVerboseErrors(DefaultEmulatorRulesAuthorizer.java:326)
	at com.google.cloud.datastore.emulator.impl.rules.DefaultEmulatorRulesAuthorizer.checkCommit(DefaultEmulatorRulesAuthorizer.java:114)
	at com.google.cloud.datastore.emulator.impl.firestore.FirestoreEmulatorHelper.commitHelper(FirestoreEmulatorHelper.java:385)
	at com.google.cloud.datastore.emulator.impl.firestore.FirestoreEmulatorHelper.internalCommit(FirestoreEmulatorHelper.java:339)
	at com.google.cloud.datastore.emulator.impl.firestore.CloudFirestoreV1.internalCommit(CloudFirestoreV1.java:1243)
	at com.google.cloud.datastore.emulator.impl.firestore.CloudFirestoreV1.write(CloudFirestoreV1.java:1231)
	at com.google.cloud.datastore.emulator.impl.firestore.CloudFirestoreV1WriteStream.handleRequest(CloudFirestoreV1WriteStream.java:222)
	at com.google.cloud.datastore.emulator.impl.firestore.CloudFirestoreV1WriteStream.write(CloudFirestoreV1WriteStream.java:144)
	at com.google.cloud.datastore.emulator.impl.firestore.CloudFirestoreV1WriteStream.onNext(CloudFirestoreV1WriteStream.java:99)
	at com.google.cloud.datastore.emulator.impl.firestore.CloudFirestoreV1WriteStream.onNext(CloudFirestoreV1WriteStream.java:27)
	at io.grpc.stub.ServerCalls$StreamingServerCallHandler$StreamingServerCallListener.onMessage(ServerCalls.java:262)
	at io.grpc.ForwardingServerCallListener.onMessage(ForwardingServerCallListener.java:33)
	at io.grpc.Contexts$ContextualizedServerCallListener.onMessage(Contexts.java:76)
	at io.grpc.ForwardingServerCallListener.onMessage(ForwardingServerCallListener.java:33)
	at io.grpc.Contexts$ContextualizedServerCallListener.onMessage(Contexts.java:76)
	at io.grpc.internal.ServerCallImpl$ServerStreamListenerImpl.messagesAvailableInternal(ServerCallImpl.java:334)
	at io.grpc.internal.ServerCallImpl$ServerStreamListenerImpl.messagesAvailable(ServerCallImpl.java:319)
	at io.grpc.internal.ServerImpl$JumpToApplicationThreadServerStreamListener$1MessagesAvailable.runInContext(ServerImpl.java:834)
	at io.grpc.internal.ContextRunnable.run(ContextRunnable.java:37)
	at io.grpc.internal.SerializingExecutor.run(SerializingExecutor.java:133)
	at java.base/java.util.concurrent.ThreadPoolExecutor.runWorker(ThreadPoolExecutor.java:1144)
	at java.base/java.util.concurrent.ThreadPoolExecutor$Worker.run(ThreadPoolExecutor.java:642)
	at java.base/java.lang.Thread.run(Thread.java:1583)

Multiple projectIds are not recommended in single project mode. Requested project ID demo-not-the-rug-firestore-rules, but the emulator is configured for demo-not-the-rug. To opt-out of single project mode add/set the '"singleProjectMode": false' property in the firebase.json emulators config.
Multiple projectIds are not recommended in single project mode. Requested project ID demo-not-the-rug-firestore-rules, but the emulator is configured for demo-not-the-rug. To opt-out of single project mode add/set the '"singleProjectMode": false' property in the firebase.json emulators config.
Multiple projectIds are not recommended in single project mode. Requested project ID demo-not-the-rug-firestore-rules, but the emulator is configured for demo-not-the-rug. To opt-out of single project mode add/set the '"singleProjectMode": false' property in the firebase.json emulators config.
Multiple projectIds are not recommended in single project mode. Requested project ID demo-not-the-rug-firestore-rules, but the emulator is configured for demo-not-the-rug. To opt-out of single project mode add/set the '"singleProjectMode": false' property in the firebase.json emulators config.
Multiple projectIds are not recommended in single project mode. Requested project ID demo-not-the-rug-firestore-rules, but the emulator is configured for demo-not-the-rug. To opt-out of single project mode add/set the '"singleProjectMode": false' property in the firebase.json emulators config.
Sep 15, 2026 9:18:27 AM com.google.cloud.datastore.emulator.impl.util.WrappedStreamObserver onError
WARNING: Operation failed: 
false for 'create' @ L25, false for 'create' @ L49, false for 'update' @ L25, false for 'update' @ L49
com.google.cloud.datastore.core.exception.DatastoreException: 
false for 'create' @ L25, false for 'create' @ L49, false for 'update' @ L25, false for 'update' @ L49
	at com.google.cloud.datastore.core.exception.DatastoreException$Builder.build(DatastoreException.java:152)
	at com.google.cloud.datastore.emulator.impl.rules.DefaultEmulatorRulesAuthorizer.verboseError(DefaultEmulatorRulesAuthorizer.java:349)
	at com.google.cloud.datastore.emulator.impl.rules.DefaultEmulatorRulesAuthorizer.withVerboseErrors(DefaultEmulatorRulesAuthorizer.java:326)
	at com.google.cloud.datastore.emulator.impl.rules.DefaultEmulatorRulesAuthorizer.checkCommit(DefaultEmulatorRulesAuthorizer.java:114)
	at com.google.cloud.datastore.emulator.impl.firestore.FirestoreEmulatorHelper.commitHelper(FirestoreEmulatorHelper.java:385)
	at com.google.cloud.datastore.emulator.impl.firestore.FirestoreEmulatorHelper.internalCommit(FirestoreEmulatorHelper.java:339)
	at com.google.cloud.datastore.emulator.impl.firestore.CloudFirestoreV1.internalCommit(CloudFirestoreV1.java:1243)
	at com.google.cloud.datastore.emulator.impl.firestore.CloudFirestoreV1.write(CloudFirestoreV1.java:1231)
	at com.google.cloud.datastore.emulator.impl.firestore.CloudFirestoreV1WriteStream.handleRequest(CloudFirestoreV1WriteStream.java:222)
	at com.google.cloud.datastore.emulator.impl.firestore.CloudFirestoreV1WriteStream.write(CloudFirestoreV1WriteStream.java:144)
	at com.google.cloud.datastore.emulator.impl.firestore.CloudFirestoreV1WriteStream.onNext(CloudFirestoreV1WriteStream.java:99)
	at com.google.cloud.datastore.emulator.impl.firestore.CloudFirestoreV1WriteStream.onNext(CloudFirestoreV1WriteStream.java:27)
	at io.grpc.stub.ServerCalls$StreamingServerCallHandler$StreamingServerCallListener.onMessage(ServerCalls.java:262)
	at io.grpc.ForwardingServerCallListener.onMessage(ForwardingServerCallListener.java:33)
	at io.grpc.Contexts$ContextualizedServerCallListener.onMessage(Contexts.java:76)
	at io.grpc.ForwardingServerCallListener.onMessage(ForwardingServerCallListener.java:33)
	at io.grpc.Contexts$ContextualizedServerCallListener.onMessage(Contexts.java:76)
	at io.grpc.internal.ServerCallImpl$ServerStreamListenerImpl.messagesAvailableInternal(ServerCallImpl.java:334)
	at io.grpc.internal.ServerCallImpl$ServerStreamListenerImpl.messagesAvailable(ServerCallImpl.java:319)
	at io.grpc.internal.ServerImpl$JumpToApplicationThreadServerStreamListener$1MessagesAvailable.runInContext(ServerImpl.java:834)
	at io.grpc.internal.ContextRunnable.run(ContextRunnable.java:37)
	at io.grpc.internal.SerializingExecutor.run(SerializingExecutor.java:133)
	at java.base/java.util.concurrent.ThreadPoolExecutor.runWorker(ThreadPoolExecutor.java:1144)
	at java.base/java.util.concurrent.ThreadPoolExecutor$Worker.run(ThreadPoolExecutor.java:642)
	at java.base/java.lang.Thread.run(Thread.java:1583)

Sep 15, 2026 9:18:28 AM io.gapi.emulators.netty.HttpVersionRoutingHandler channelRead
INFO: Detected non-HTTP/2 connection.
Multiple projectIds are not recommended in single project mode. Requested project ID demo-not-the-rug-storage-rules, but the emulator is configured for demo-not-the-rug. To opt-out of single project mode add/set the '"singleProjectMode": false' property in the firebase.json emulators config.
