[debug] [2026-09-15T14:10:02.683Z] ----------------------------------------------------------------------
[debug] [2026-09-15T14:10:02.685Z] Command:       /opt/homebrew/Cellar/node/24.7.0/bin/node /opt/homebrew/bin/firebase emulators:start --only firestore,storage --project demo-not-the-rug
[debug] [2026-09-15T14:10:02.685Z] CLI Version:   15.15.0
[debug] [2026-09-15T14:10:02.685Z] Platform:      darwin
[debug] [2026-09-15T14:10:02.685Z] Node Version:  v24.7.0
[debug] [2026-09-15T14:10:02.685Z] Time:          Tue Sep 15 2026 09:10:02 GMT-0500 (Central Daylight Time)
[debug] [2026-09-15T14:10:02.685Z] ----------------------------------------------------------------------
[debug] 
[debug] [2026-09-15T14:10:03.312Z] Object "/emulators" in "firebase.json" has unknown property: {"additionalProperty":"singleProject"}
[debug] [2026-09-15T14:10:03.348Z] openjdk version "21.0.12.1" 2026-08-18

[debug] [2026-09-15T14:10:03.348Z] OpenJDK Runtime Environment Homebrew (build 21.0.12.1)
OpenJDK 64-Bit Server VM Homebrew (build 21.0.12.1, mixed mode, sharing)

[debug] [2026-09-15T14:10:03.350Z] Parsed Java major version: 21
[info] i  emulators: Starting emulators: firestore, storage {"metadata":{"emulator":{"name":"hub"},"message":"Starting emulators: firestore, storage"}}
[info] i  emulators: Detected demo project ID "demo-not-the-rug", emulated services will use a demo configuration and attempts to access non-emulated services for this project will fail. {"metadata":{"emulator":{"name":"hub"},"message":"Detected demo project ID \"demo-not-the-rug\", emulated services will use a demo configuration and attempts to access non-emulated services for this project will fail."}}
[debug] [2026-09-15T14:10:03.845Z] [logging] Logging Emulator only supports listening on one address (127.0.0.1). Not listening on ::1
[debug] [2026-09-15T14:10:03.845Z] [firestore] Firestore Emulator only supports listening on one address (127.0.0.1). Not listening on ::1
[debug] [2026-09-15T14:10:03.845Z] [firestore.websocket] websocket server for firestore only supports listening on one address (127.0.0.1). Not listening on ::1
[debug] [2026-09-15T14:10:03.845Z] [storage] Storage Emulator only supports listening on one address (127.0.0.1). Not listening on ::1
[debug] [2026-09-15T14:10:03.845Z] assigned listening specs for emulators {"user":{"hub":[{"address":"127.0.0.1","family":"IPv4","port":4400},{"address":"::1","family":"IPv6","port":4400}],"logging":[{"address":"127.0.0.1","family":"IPv4","port":4500}],"firestore":[{"address":"127.0.0.1","family":"IPv4","port":8080}],"firestore.websocket":[{"address":"127.0.0.1","family":"IPv4","port":9150}],"storage":[{"address":"127.0.0.1","family":"IPv4","port":9199}]},"metadata":{"message":"assigned listening specs for emulators"}}
[debug] [2026-09-15T14:10:03.847Z] Write emulator hub locator at /var/folders/qg/z104pj291x94l_pfg1__khdm0000gn/T/hub-demo-not-the-rug.json
[info] i  firestore: downloading cloud-firestore-emulator-v1.20.4.jar... {"metadata":{"emulator":{"name":"firestore"},"message":"downloading cloud-firestore-emulator-v1.20.4.jar..."}}
[debug] [2026-09-15T14:10:03.854Z] >>> [apiv2][query] GET https://storage.googleapis.com/firebase-preview-drop/emulator/cloud-firestore-emulator-v1.20.4.jar 
[debug] [2026-09-15T14:10:03.997Z] <<< [apiv2][status] GET https://storage.googleapis.com/firebase-preview-drop/emulator/cloud-firestore-emulator-v1.20.4.jar 200
[debug] [2026-09-15T14:10:03.997Z] <<< [apiv2][body] GET https://storage.googleapis.com/firebase-preview-drop/emulator/cloud-firestore-emulator-v1.20.4.jar [stream]
[debug] [2026-09-15T14:10:17.219Z] Ignoring unsupported arg: auto_download {"metadata":{"emulator":{"name":"firestore"},"message":"Ignoring unsupported arg: auto_download"}}
[debug] [2026-09-15T14:10:17.219Z] Ignoring unsupported arg: single_project_mode_error {"metadata":{"emulator":{"name":"firestore"},"message":"Ignoring unsupported arg: single_project_mode_error"}}
[debug] [2026-09-15T14:10:17.219Z] Starting Firestore Emulator with command {"binary":"java","args":["-Dgoogle.cloud_firestore.debug_log_level=FINE","-Duser.language=en","-jar","/Users/bballi/.cache/firebase/emulators/cloud-firestore-emulator-v1.20.4.jar","--host","127.0.0.1","--port",8080,"--websocket_port",9150,"--database-edition","standard","--project_id","demo-not-the-rug","--rules","/Users/bballi/Documents/Repos/NotTheRug/firestore.rules","--single_project_mode",true],"optionalArgs":["port","webchannel_port","host","rules","websocket_port","database-edition","functions_emulator","seed_from_export","project_id","single_project_mode"],"joinArgs":false,"shell":false,"port":8080} {"metadata":{"emulator":{"name":"firestore"},"message":"Starting Firestore Emulator with command {\"binary\":\"java\",\"args\":[\"-Dgoogle.cloud_firestore.debug_log_level=FINE\",\"-Duser.language=en\",\"-jar\",\"/Users/bballi/.cache/firebase/emulators/cloud-firestore-emulator-v1.20.4.jar\",\"--host\",\"127.0.0.1\",\"--port\",8080,\"--websocket_port\",9150,\"--database-edition\",\"standard\",\"--project_id\",\"demo-not-the-rug\",\"--rules\",\"/Users/bballi/Documents/Repos/NotTheRug/firestore.rules\",\"--single_project_mode\",true],\"optionalArgs\":[\"port\",\"webchannel_port\",\"host\",\"rules\",\"websocket_port\",\"database-edition\",\"functions_emulator\",\"seed_from_export\",\"project_id\",\"single_project_mode\"],\"joinArgs\":false,\"shell\":false,\"port\":8080}"}}
[info] i  firestore: Firestore Emulator logging to firestore-debug.log {"metadata":{"emulator":{"name":"firestore"},"message":"Firestore Emulator logging to firestore-debug.log"}}
[debug] [2026-09-15T14:10:17.754Z] Sep 15, 2026 9:10:17 AM com.google.cloud.datastore.emulator.firestore.websocket.WebSocketServer start
INFO: Started WebSocket server on ws://127.0.0.1:9150
 {"metadata":{"emulator":{"name":"firestore"},"message":"Sep 15, 2026 9:10:17 AM com.google.cloud.datastore.emulator.firestore.websocket.WebSocketServer start\nINFO: Started WebSocket server on ws://127.0.0.1:9150\n"}}
[debug] [2026-09-15T14:10:17.763Z] 
API endpoint: http:// {"metadata":{"emulator":{"name":"firestore"},"message":"\nAPI endpoint: http://"}}
[debug] [2026-09-15T14:10:17.763Z] 127.0.0.1:8080
Database Edition: STANDARD
Database Mode: CLOUD_FIRESTORE

If you are using a library that supports the FIRESTORE_EMULATOR_HOST environment variable, run:

   export FIRESTORE_EMULATOR_HOST=127.0.0.1:8080

If you are running a Firestore in Datastore Mode project, run:

   export DATASTORE_EMULATOR_HOST=127.0.0.1:8080

Note: Support for Datastore Mode is in preview. If you encounter any bugs please file at https://github.com/firebase/firebase-tools/issues.
Dev App Server is now running.

 {"metadata":{"emulator":{"name":"firestore"},"message":"127.0.0.1:8080\nDatabase Edition: STANDARD\nDatabase Mode: CLOUD_FIRESTORE\n\nIf you are using a library that supports the FIRESTORE_EMULATOR_HOST environment variable, run:\n\n   export FIRESTORE_EMULATOR_HOST=127.0.0.1:8080\n\nIf you are running a Firestore in Datastore Mode project, run:\n\n   export DATASTORE_EMULATOR_HOST=127.0.0.1:8080\n\nNote: Support for Datastore Mode is in preview. If you encounter any bugs please file at https://github.com/firebase/firebase-tools/issues.\nDev App Server is now running.\n\n"}}
[info] ✔  firestore: Firestore Emulator was started in standard edition. {"metadata":{"emulator":{"name":"firestore"},"message":"Firestore Emulator was started in standard edition."}}
[info] ✔  firestore: Firestore Emulator UI websocket is running on 9150. {"metadata":{"emulator":{"name":"firestore"},"message":"Firestore Emulator UI websocket is running on 9150."}}
[info] i  storage: downloading cloud-storage-rules-runtime-v1.1.3.jar... {"metadata":{"emulator":{"name":"storage"},"message":"downloading cloud-storage-rules-runtime-v1.1.3.jar..."}}
[debug] [2026-09-15T14:10:17.835Z] >>> [apiv2][query] GET https://storage.googleapis.com/firebase-preview-drop/emulator/cloud-storage-rules-runtime-v1.1.3.jar 
[debug] [2026-09-15T14:10:17.897Z] <<< [apiv2][status] GET https://storage.googleapis.com/firebase-preview-drop/emulator/cloud-storage-rules-runtime-v1.1.3.jar 200
[debug] [2026-09-15T14:10:17.897Z] <<< [apiv2][body] GET https://storage.googleapis.com/firebase-preview-drop/emulator/cloud-storage-rules-runtime-v1.1.3.jar [stream]
[debug] [2026-09-15T14:10:18.028Z] Sep 15, 2026 9:10:18 AM io.gapi.emulators.netty.HttpVersionRoutingHandler channelRead
INFO: Detected non-HTTP/2 connection.
 {"metadata":{"emulator":{"name":"firestore"},"message":"Sep 15, 2026 9:10:18 AM io.gapi.emulators.netty.HttpVersionRoutingHandler channelRead\nINFO: Detected non-HTTP/2 connection.\n"}}
[debug] [2026-09-15T14:10:19.057Z] Sep 15, 2026 9:10:19 AM io.gapi.emulators.netty.HttpVersionRoutingHandler channelRead
INFO: Detected non-HTTP/2 connection.
 {"metadata":{"emulator":{"name":"firestore"},"message":"Sep 15, 2026 9:10:19 AM io.gapi.emulators.netty.HttpVersionRoutingHandler channelRead\nINFO: Detected non-HTTP/2 connection.\n"}}
[debug] [2026-09-15T14:10:20.090Z] Sep 15, 2026 9:10:20 AM io.gapi.emulators.netty.HttpVersionRoutingHandler channelRead
INFO: Detected non-HTTP/2 connection.
 {"metadata":{"emulator":{"name":"firestore"},"message":"Sep 15, 2026 9:10:20 AM io.gapi.emulators.netty.HttpVersionRoutingHandler channelRead\nINFO: Detected non-HTTP/2 connection.\n"}}
[debug] [2026-09-15T14:10:21.123Z] Sep 15, 2026 9:10:21 AM io.gapi.emulators.netty.HttpVersionRoutingHandler channelRead
INFO: Detected non-HTTP/2 connection.
 {"metadata":{"emulator":{"name":"firestore"},"message":"Sep 15, 2026 9:10:21 AM io.gapi.emulators.netty.HttpVersionRoutingHandler channelRead\nINFO: Detected non-HTTP/2 connection.\n"}}
[debug] [2026-09-15T14:10:22.148Z] Sep 15, 2026 9:10:22 AM io.gapi.emulators.netty.HttpVersionRoutingHandler channelRead
INFO: Detected non-HTTP/2 connection.
 {"metadata":{"emulator":{"name":"firestore"},"message":"Sep 15, 2026 9:10:22 AM io.gapi.emulators.netty.HttpVersionRoutingHandler channelRead\nINFO: Detected non-HTTP/2 connection.\n"}}
[debug] [2026-09-15T14:10:22.879Z] Ignoring unsupported arg: port {"metadata":{"emulator":{"name":"storage"},"message":"Ignoring unsupported arg: port"}}
[debug] [2026-09-15T14:10:23.143Z] Temp file directory for storage emulator: /var/folders/qg/z104pj291x94l_pfg1__khdm0000gn/T/firebase/storage/blobs {"metadata":{"emulator":{"name":"storage"},"message":"Temp file directory for storage emulator: /var/folders/qg/z104pj291x94l_pfg1__khdm0000gn/T/firebase/storage/blobs"}}
[warn] ⚠  emulators: The Emulator UI is not starting because none of the running emulators have a UI component. {"metadata":{"emulator":{"name":"hub"},"message":"The Emulator UI is not starting because none of the running emulators have a UI component."}}
[debug] [2026-09-15T14:10:23.152Z] Could not find VSCode notification endpoint: FetchError: request to http://localhost:40001/vscode/notify failed, reason: . If you are not running the Firebase SQL Connect VSCode extension, this is expected and not an issue.
[info] 
┌─────────────────────────────────────────────────────────────┐
│ ✔  All emulators ready! It is now safe to connect your app. │
└─────────────────────────────────────────────────────────────┘

┌───────────┬────────────────┐
│ Emulator  │ Host:Port      │
├───────────┼────────────────┤
│ Firestore │ 127.0.0.1:8080 │
├───────────┼────────────────┤
│ Storage   │ 127.0.0.1:9199 │
└───────────┴────────────────┘
  Emulator Hub host: 127.0.0.1 port: 4400
  Other reserved ports: 4500, 9150

Issues? Report them at https://github.com/firebase/firebase-tools/issues and attach the *-debug.log files.
 
[debug] [2026-09-15T14:10:23.175Z] Sep 15, 2026 9:10:23 AM io.gapi.emulators.netty.HttpVersionRoutingHandler channelRead
INFO: Detected non-HTTP/2 connection.
 {"metadata":{"emulator":{"name":"firestore"},"message":"Sep 15, 2026 9:10:23 AM io.gapi.emulators.netty.HttpVersionRoutingHandler channelRead\nINFO: Detected non-HTTP/2 connection.\n"}}
[debug] [2026-09-15T14:10:28.377Z] Sep 15, 2026 9:10:28 AM io.gapi.emulators.netty.HttpVersionRoutingHandler channelRead
INFO: Detected non-HTTP/2 connection.
Sep 15, 2026 9:10:28 AM io.gapi.emulators.netty.HttpVersionRoutingHandler channelRead
INFO: Detected non-HTTP/2 connection.
 {"metadata":{"emulator":{"name":"firestore"},"message":"Sep 15, 2026 9:10:28 AM io.gapi.emulators.netty.HttpVersionRoutingHandler channelRead\nINFO: Detected non-HTTP/2 connection.\nSep 15, 2026 9:10:28 AM io.gapi.emulators.netty.HttpVersionRoutingHandler channelRead\nINFO: Detected non-HTTP/2 connection.\n"}}
[debug] [2026-09-15T14:10:28.382Z] Sep 15, 2026 9:10:28 AM io.gapi.emulators.netty.HttpVersionRoutingHandler channelRead
INFO: Detected non-HTTP/2 connection.
 {"metadata":{"emulator":{"name":"firestore"},"message":"Sep 15, 2026 9:10:28 AM io.gapi.emulators.netty.HttpVersionRoutingHandler channelRead\nINFO: Detected non-HTTP/2 connection.\n"}}
[debug] [2026-09-15T14:10:28.382Z] Sep 15, 2026 9:10:28 AM io.gapi.emulators.netty.HttpVersionRoutingHandler channelRead
INFO: Detected non-HTTP/2 connection.
 {"metadata":{"emulator":{"name":"firestore"},"message":"Sep 15, 2026 9:10:28 AM io.gapi.emulators.netty.HttpVersionRoutingHandler channelRead\nINFO: Detected non-HTTP/2 connection.\n"}}
[debug] [2026-09-15T14:10:28.461Z] Sep 15, 2026 9:10:28 AM io.gapi.emulators.netty.HttpVersionRoutingHandler channelRead
INFO: Detected HTTP/2 connection.
 {"metadata":{"emulator":{"name":"firestore"},"message":"Sep 15, 2026 9:10:28 AM io.gapi.emulators.netty.HttpVersionRoutingHandler channelRead\nINFO: Detected HTTP/2 connection.\n"}}
[debug] [2026-09-15T14:10:28.488Z] Multiple projectIds are not recommended in single project mode. Requested project ID demo-not-the-rug-storage-rules, but the emulator is configured for demo-not-the-rug. To opt-out of single project mode add/set the '"singleProjectMode": false' property in the firebase.json emulators config.
 {"metadata":{"emulator":{"name":"firestore"},"message":"Multiple projectIds are not recommended in single project mode. Requested project ID demo-not-the-rug-storage-rules, but the emulator is configured for demo-not-the-rug. To opt-out of single project mode add/set the '\"singleProjectMode\": false' property in the firebase.json emulators config.\n"}}
[debug] [2026-09-15T14:10:28.693Z] Multiple projectIds are not recommended in single project mode. Requested project ID demo-not-the-rug-firestore-rules, but the emulator is configured for demo-not-the-rug. To opt-out of single project mode add/set the '"singleProjectMode": false' property in the firebase.json emulators config.
 {"metadata":{"emulator":{"name":"firestore"},"message":"Multiple projectIds are not recommended in single project mode. Requested project ID demo-not-the-rug-firestore-rules, but the emulator is configured for demo-not-the-rug. To opt-out of single project mode add/set the '\"singleProjectMode\": false' property in the firebase.json emulators config.\n"}}
[warn] ⚠  Permission denied because no Storage ruleset is currently loaded, check your rules for syntax errors. {"metadata":{"emulator":{"name":"storage"},"message":"Permission denied because no Storage ruleset is currently loaded, check your rules for syntax errors."}}
[warn] ⚠  Permission denied because no Storage ruleset is currently loaded, check your rules for syntax errors. {"metadata":{"emulator":{"name":"storage"},"message":"Permission denied because no Storage ruleset is currently loaded, check your rules for syntax errors."}}
[warn] ⚠  Permission denied because no Storage ruleset is currently loaded, check your rules for syntax errors. {"metadata":{"emulator":{"name":"storage"},"message":"Permission denied because no Storage ruleset is currently loaded, check your rules for syntax errors."}}
[warn] ⚠  Permission denied because no Storage ruleset is currently loaded, check your rules for syntax errors. {"metadata":{"emulator":{"name":"storage"},"message":"Permission denied because no Storage ruleset is currently loaded, check your rules for syntax errors."}}
[debug] [2026-09-15T14:10:28.794Z] Sep 15, 2026 9:10:28 AM io.gapi.emulators.netty.HttpVersionRoutingHandler channelRead
INFO: Detected HTTP/2 connection.
 {"metadata":{"emulator":{"name":"firestore"},"message":"Sep 15, 2026 9:10:28 AM io.gapi.emulators.netty.HttpVersionRoutingHandler channelRead\nINFO: Detected HTTP/2 connection.\n"}}
[debug] [2026-09-15T14:10:28.800Z] Multiple projectIds are not recommended in single project mode. Requested project ID demo-not-the-rug-firestore-rules, but the emulator is configured for demo-not-the-rug. To opt-out of single project mode add/set the '"singleProjectMode": false' property in the firebase.json emulators config.
 {"metadata":{"emulator":{"name":"firestore"},"message":"Multiple projectIds are not recommended in single project mode. Requested project ID demo-not-the-rug-firestore-rules, but the emulator is configured for demo-not-the-rug. To opt-out of single project mode add/set the '\"singleProjectMode\": false' property in the firebase.json emulators config.\n"}}
[debug] [2026-09-15T14:10:28.905Z] Multiple projectIds are not recommended in single project mode. Requested project ID demo-not-the-rug-firestore-rules, but the emulator is configured for demo-not-the-rug. To opt-out of single project mode add/set the '"singleProjectMode": false' property in the firebase.json emulators config.
 {"metadata":{"emulator":{"name":"firestore"},"message":"Multiple projectIds are not recommended in single project mode. Requested project ID demo-not-the-rug-firestore-rules, but the emulator is configured for demo-not-the-rug. To opt-out of single project mode add/set the '\"singleProjectMode\": false' property in the firebase.json emulators config.\n"}}
[debug] [2026-09-15T14:10:28.920Z] Multiple projectIds are not recommended in single project mode. Requested project ID demo-not-the-rug-firestore-rules, but the emulator is configured for demo-not-the-rug. To opt-out of single project mode add/set the '"singleProjectMode": false' property in the firebase.json emulators config.
 {"metadata":{"emulator":{"name":"firestore"},"message":"Multiple projectIds are not recommended in single project mode. Requested project ID demo-not-the-rug-firestore-rules, but the emulator is configured for demo-not-the-rug. To opt-out of single project mode add/set the '\"singleProjectMode\": false' property in the firebase.json emulators config.\n"}}
[debug] [2026-09-15T14:10:28.930Z] Multiple projectIds are not recommended in single project mode. Requested project ID demo-not-the-rug-firestore-rules, but the emulator is configured for demo-not-the-rug. To opt-out of single project mode add/set the '"singleProjectMode": false' property in the firebase.json emulators config.
 {"metadata":{"emulator":{"name":"firestore"},"message":"Multiple projectIds are not recommended in single project mode. Requested project ID demo-not-the-rug-firestore-rules, but the emulator is configured for demo-not-the-rug. To opt-out of single project mode add/set the '\"singleProjectMode\": false' property in the firebase.json emulators config.\n"}}
[debug] [2026-09-15T14:10:28.943Z] Multiple projectIds are not recommended in single project mode. Requested project ID demo-not-the-rug-firestore-rules, but the emulator is configured for demo-not-the-rug. To opt-out of single project mode add/set the '"singleProjectMode": false' property in the firebase.json emulators config.
 {"metadata":{"emulator":{"name":"firestore"},"message":"Multiple projectIds are not recommended in single project mode. Requested project ID demo-not-the-rug-firestore-rules, but the emulator is configured for demo-not-the-rug. To opt-out of single project mode add/set the '\"singleProjectMode\": false' property in the firebase.json emulators config.\n"}}
[debug] [2026-09-15T14:10:28.977Z] Sep 15, 2026 9:10:28 AM com.google.cloud.datastore.emulator.impl.util.WrappedStreamObserver onError
WARNING: Operation failed: 
false for 'create' @ L19, false for 'create' @ L49, false for 'update' @ L19, false for 'update' @ L49
com.google.cloud.datastore.core.exception.DatastoreException: 
false for 'create' @ L19, false for 'create' @ L49, false for 'update' @ L19, false for 'update' @ L49
	at com.google.cloud.datastore.core.exception.DatastoreException$Builder.build(DatastoreException.java:152)
	at com.google.cloud.datastore.emulator.impl.rules.DefaultEmulatorRulesAuthorizer.verboseError(DefaultEmulatorRulesAuthorizer.java:349)
	at com.google.cloud.datastore.emulator.impl.rules.DefaultEmulatorRulesAuthorizer.withVerboseErrors(DefaultEmulatorRulesAuthorizer.java:326)
	at com.google.cloud.datastore.emulator.impl.rules.DefaultEmulatorRulesAuthorizer.checkCommit(DefaultEmulatorRulesAuthorizer.java:114)
	at com.google.cloud.datastore.emulator.impl.firestore.FirestoreEmulatorHelper.commitHelper(FirestoreEmulatorHelper.java:385)
	at com.google.cloud.datastore.emulator.impl.firestore.FirestoreEmulatorHelper.internalCommit(FirestoreEmulatorHelper.java:339)
	at com.google.cloud.datastore.emulator.impl.firestore.CloudFirestoreV1.internalCommit(CloudFirestoreV1.java:1243)
	at com.google.cloud.datastore.emulator.impl.firestore.CloudFirestoreV1.write(CloudFirestoreV1.java:1231)
	at com.google.cloud.datastore.emulator.impl.firestore.CloudFirestoreV1WriteStream.handleRequest(CloudFirestoreV1WriteStream.java:222)
	at com.google.cloud.datastore.emulator.impl.firestore.CloudFirestoreV1WriteStream.write(CloudFirestoreV1WriteStream.java:144)
	at com.google.cloud.datastore.emulator.impl.firestore.CloudFirestoreV1WriteStream.onNext(CloudFirestoreV1WriteStream.java:99)
	at com.google.cloud.datastore.emulator.impl.firestore.CloudFirestoreV1WriteStream.onNext(CloudFirestoreV1WriteStream.java:27)
	at io.grpc.stub.ServerCalls$StreamingServerCallHandler$StreamingServerCallListener.onMessage(ServerCalls.java:262)
	at io.grpc.ForwardingServerCallListener.onMessage(ForwardingServerCallListener.java:33)
	at io.grpc.Contexts$ContextualizedServerCallListener.onMessage(Contexts.java:76)
	at io.grpc.ForwardingServerCallListener.onMessage(ForwardingServerCallListener.java:33)
	at io.grpc.Contexts$ContextualizedServerCallListener.onMessage(Contexts.java:76)
	at io.grpc.internal.ServerCallImpl$ServerStreamListenerImpl.messagesAvailableInternal(ServerCallImpl.java:334)
	at io.grpc.internal.ServerCallImpl$ServerStreamListenerImpl.messagesAvailable(ServerCallImpl.java:319)
	at io.grpc.internal.ServerImpl$JumpToApplicationThreadServerStreamListener$1MessagesAvailable.runInContext(ServerImpl.java:834)
	at io.grpc.internal.ContextRunnable.run(ContextRunnable.java:37)
	at io.grpc.internal.SerializingExecutor.run(SerializingExecutor.java:133)
	at java.base/java.util.concurrent.ThreadPoolExecutor.runWorker(ThreadPoolExecutor.java:1144)
	at java.base/java.util.concurrent.ThreadPoolExecutor$Worker.run(ThreadPoolExecutor.java:642)
	at java.base/java.lang.Thread.run(Thread.java:1583)

 {"metadata":{"emulator":{"name":"firestore"},"message":"Sep 15, 2026 9:10:28 AM com.google.cloud.datastore.emulator.impl.util.WrappedStreamObserver onError\nWARNING: Operation failed: \nfalse for 'create' @ L19, false for 'create' @ L49, false for 'update' @ L19, false for 'update' @ L49\ncom.google.cloud.datastore.core.exception.DatastoreException: \nfalse for 'create' @ L19, false for 'create' @ L49, false for 'update' @ L19, false for 'update' @ L49\n\tat com.google.cloud.datastore.core.exception.DatastoreException$Builder.build(DatastoreException.java:152)\n\tat com.google.cloud.datastore.emulator.impl.rules.DefaultEmulatorRulesAuthorizer.verboseError(DefaultEmulatorRulesAuthorizer.java:349)\n\tat com.google.cloud.datastore.emulator.impl.rules.DefaultEmulatorRulesAuthorizer.withVerboseErrors(DefaultEmulatorRulesAuthorizer.java:326)\n\tat com.google.cloud.datastore.emulator.impl.rules.DefaultEmulatorRulesAuthorizer.checkCommit(DefaultEmulatorRulesAuthorizer.java:114)\n\tat com.google.cloud.datastore.emulator.impl.firestore.FirestoreEmulatorHelper.commitHelper(FirestoreEmulatorHelper.java:385)\n\tat com.google.cloud.datastore.emulator.impl.firestore.FirestoreEmulatorHelper.internalCommit(FirestoreEmulatorHelper.java:339)\n\tat com.google.cloud.datastore.emulator.impl.firestore.CloudFirestoreV1.internalCommit(CloudFirestoreV1.java:1243)\n\tat com.google.cloud.datastore.emulator.impl.firestore.CloudFirestoreV1.write(CloudFirestoreV1.java:1231)\n\tat com.google.cloud.datastore.emulator.impl.firestore.CloudFirestoreV1WriteStream.handleRequest(CloudFirestoreV1WriteStream.java:222)\n\tat com.google.cloud.datastore.emulator.impl.firestore.CloudFirestoreV1WriteStream.write(CloudFirestoreV1WriteStream.java:144)\n\tat com.google.cloud.datastore.emulator.impl.firestore.CloudFirestoreV1WriteStream.onNext(CloudFirestoreV1WriteStream.java:99)\n\tat com.google.cloud.datastore.emulator.impl.firestore.CloudFirestoreV1WriteStream.onNext(CloudFirestoreV1WriteStream.java:27)\n\tat io.grpc.stub.ServerCalls$StreamingServerCallHandler$StreamingServerCallListener.onMessage(ServerCalls.java:262)\n\tat io.grpc.ForwardingServerCallListener.onMessage(ForwardingServerCallListener.java:33)\n\tat io.grpc.Contexts$ContextualizedServerCallListener.onMessage(Contexts.java:76)\n\tat io.grpc.ForwardingServerCallListener.onMessage(ForwardingServerCallListener.java:33)\n\tat io.grpc.Contexts$ContextualizedServerCallListener.onMessage(Contexts.java:76)\n\tat io.grpc.internal.ServerCallImpl$ServerStreamListenerImpl.messagesAvailableInternal(ServerCallImpl.java:334)\n\tat io.grpc.internal.ServerCallImpl$ServerStreamListenerImpl.messagesAvailable(ServerCallImpl.java:319)\n\tat io.grpc.internal.ServerImpl$JumpToApplicationThreadServerStreamListener$1MessagesAvailable.runInContext(ServerImpl.java:834)\n\tat io.grpc.internal.ContextRunnable.run(ContextRunnable.java:37)\n\tat io.grpc.internal.SerializingExecutor.run(SerializingExecutor.java:133)\n\tat java.base/java.util.concurrent.ThreadPoolExecutor.runWorker(ThreadPoolExecutor.java:1144)\n\tat java.base/java.util.concurrent.ThreadPoolExecutor$Worker.run(ThreadPoolExecutor.java:642)\n\tat java.base/java.lang.Thread.run(Thread.java:1583)\n\n"}}
[debug] [2026-09-15T14:10:28.987Z] Multiple projectIds are not recommended in single project mode. Requested project ID demo-not-the-rug-firestore-rules, but the emulator is configured for demo-not-the-rug. To opt-out of single project mode add/set the '"singleProjectMode": false' property in the firebase.json emulators config.
 {"metadata":{"emulator":{"name":"firestore"},"message":"Multiple projectIds are not recommended in single project mode. Requested project ID demo-not-the-rug-firestore-rules, but the emulator is configured for demo-not-the-rug. To opt-out of single project mode add/set the '\"singleProjectMode\": false' property in the firebase.json emulators config.\n"}}
[debug] [2026-09-15T14:10:29.008Z] Multiple projectIds are not recommended in single project mode. Requested project ID demo-not-the-rug-firestore-rules, but the emulator is configured for demo-not-the-rug. To opt-out of single project mode add/set the '"singleProjectMode": false' property in the firebase.json emulators config.
 {"metadata":{"emulator":{"name":"firestore"},"message":"Multiple projectIds are not recommended in single project mode. Requested project ID demo-not-the-rug-firestore-rules, but the emulator is configured for demo-not-the-rug. To opt-out of single project mode add/set the '\"singleProjectMode\": false' property in the firebase.json emulators config.\n"}}
[debug] [2026-09-15T14:10:29.026Z] Multiple projectIds are not recommended in single project mode. Requested project ID demo-not-the-rug-firestore-rules, but the emulator is configured for demo-not-the-rug. To opt-out of single project mode add/set the '"singleProjectMode": false' property in the firebase.json emulators config.
 {"metadata":{"emulator":{"name":"firestore"},"message":"Multiple projectIds are not recommended in single project mode. Requested project ID demo-not-the-rug-firestore-rules, but the emulator is configured for demo-not-the-rug. To opt-out of single project mode add/set the '\"singleProjectMode\": false' property in the firebase.json emulators config.\n"}}
[debug] [2026-09-15T14:10:29.037Z] Multiple projectIds are not recommended in single project mode. Requested project ID demo-not-the-rug-firestore-rules, but the emulator is configured for demo-not-the-rug. To opt-out of single project mode add/set the '"singleProjectMode": false' property in the firebase.json emulators config.
 {"metadata":{"emulator":{"name":"firestore"},"message":"Multiple projectIds are not recommended in single project mode. Requested project ID demo-not-the-rug-firestore-rules, but the emulator is configured for demo-not-the-rug. To opt-out of single project mode add/set the '\"singleProjectMode\": false' property in the firebase.json emulators config.\n"}}
[debug] [2026-09-15T14:10:29.049Z] Multiple projectIds are not recommended in single project mode. Requested project ID demo-not-the-rug-firestore-rules, but the emulator is configured for demo-not-the-rug. To opt-out of single project mode add/set the '"singleProjectMode": false' property in the firebase.json emulators config.
 {"metadata":{"emulator":{"name":"firestore"},"message":"Multiple projectIds are not recommended in single project mode. Requested project ID demo-not-the-rug-firestore-rules, but the emulator is configured for demo-not-the-rug. To opt-out of single project mode add/set the '\"singleProjectMode\": false' property in the firebase.json emulators config.\n"}}
[debug] [2026-09-15T14:10:29.052Z] Sep 15, 2026 9:10:29 AM com.google.cloud.datastore.emulator.impl.util.WrappedStreamObserver onError
WARNING: Operation failed: 
false for 'create' @ L25, false for 'create' @ L49, false for 'update' @ L25, false for 'update' @ L49
com.google.cloud.datastore.core.exception.DatastoreException: 
false for 'create' @ L25, false for 'create' @ L49, false for 'update' @ L25, false for 'update' @ L49
	at com.google.cloud.datastore.core.exception.DatastoreException$Builder.build(DatastoreException.java:152)
	at com.google.cloud.datastore.emulator.impl.rules.DefaultEmulatorRulesAuthorizer.verboseError(DefaultEmulatorRulesAuthorizer.java:349)
	at com.google.cloud.datastore.emulator.impl.rules.DefaultEmulatorRulesAuthorizer.withVerboseErrors(DefaultEmulatorRulesAuthorizer.java:326)
	at com.google.cloud.datastore.emulator.impl.rules.DefaultEmulatorRulesAuthorizer.checkCommit(DefaultEmulatorRulesAuthorizer.java:114)
	at com.google.cloud.datastore.emulator.impl.firestore.FirestoreEmulatorHelper.commitHelper(FirestoreEmulatorHelper.java:385)
	at com.google.cloud.datastore.emulator.impl.firestore.FirestoreEmulatorHelper.internalCommit(FirestoreEmulatorHelper.java:339)
	at com.google.cloud.datastore.emulator.impl.firestore.CloudFirestoreV1.internalCommit(CloudFirestoreV1.java:1243)
	at com.google.cloud.datastore.emulator.impl.firestore.CloudFirestoreV1.write(CloudFirestoreV1.java:1231)
	at com.google.cloud.datastore.emulator.impl.firestore.CloudFirestoreV1WriteStream.handleRequest(CloudFirestoreV1WriteStream.java:222)
	at com.google.cloud.datastore.emulator.impl.firestore.CloudFirestoreV1WriteStream.write(CloudFirestoreV1WriteStream.java:144)
	at com.google.cloud.datastore.emulator.impl.firestore.CloudFirestoreV1WriteStream.onNext(CloudFirestoreV1WriteStream.java:99)
	at com.google.cloud.datastore.emulator.impl.firestore.CloudFirestoreV1WriteStream.onNext(CloudFirestoreV1WriteStream.java:27)
	at io.grpc.stub.ServerCalls$StreamingServerCallHandler$StreamingServerCallListener.onMessage(ServerCalls.java:262)
	at io.grpc.ForwardingServerCallListener.onMessage(ForwardingServerCallListener.java:33)
	at io.grpc.Contexts$ContextualizedServerCallListener.onMessage(Contexts.java:76)
	at io.grpc.ForwardingServerCallListener.onMessage(ForwardingServerCallListener.java:33)
	at io.grpc.Contexts$ContextualizedServerCallListener.onMessage(Contexts.java:76)
	at io.grpc.internal.ServerCallImpl$ServerStreamListenerImpl.messagesAvailableInternal(ServerCallImpl.java:334)
	at io.grpc.internal.ServerCallImpl$ServerStreamListenerImpl.messagesAvailable(ServerCallImpl.java:319)
	at io.grpc.internal.ServerImpl$JumpToApplicationThreadServerStreamListener$1MessagesAvailable.runInContext(ServerImpl.java:834)
	at io.grpc.internal.ContextRunnable.run(ContextRunnable.java:37)
	at io.grpc.internal.SerializingExecutor.run(SerializingExecutor.java:133)
	at java.base/java.util.concurrent.ThreadPoolExecutor.runWorker(ThreadPoolExecutor.java:1144)
	at java.base/java.util.concurrent.ThreadPoolExecutor$Worker.run(ThreadPoolExecutor.java:642)
	at java.base/java.lang.Thread.run(Thread.java:1583)

 {"metadata":{"emulator":{"name":"firestore"},"message":"Sep 15, 2026 9:10:29 AM com.google.cloud.datastore.emulator.impl.util.WrappedStreamObserver onError\nWARNING: Operation failed: \nfalse for 'create' @ L25, false for 'create' @ L49, false for 'update' @ L25, false for 'update' @ L49\ncom.google.cloud.datastore.core.exception.DatastoreException: \nfalse for 'create' @ L25, false for 'create' @ L49, false for 'update' @ L25, false for 'update' @ L49\n\tat com.google.cloud.datastore.core.exception.DatastoreException$Builder.build(DatastoreException.java:152)\n\tat com.google.cloud.datastore.emulator.impl.rules.DefaultEmulatorRulesAuthorizer.verboseError(DefaultEmulatorRulesAuthorizer.java:349)\n\tat com.google.cloud.datastore.emulator.impl.rules.DefaultEmulatorRulesAuthorizer.withVerboseErrors(DefaultEmulatorRulesAuthorizer.java:326)\n\tat com.google.cloud.datastore.emulator.impl.rules.DefaultEmulatorRulesAuthorizer.checkCommit(DefaultEmulatorRulesAuthorizer.java:114)\n\tat com.google.cloud.datastore.emulator.impl.firestore.FirestoreEmulatorHelper.commitHelper(FirestoreEmulatorHelper.java:385)\n\tat com.google.cloud.datastore.emulator.impl.firestore.FirestoreEmulatorHelper.internalCommit(FirestoreEmulatorHelper.java:339)\n\tat com.google.cloud.datastore.emulator.impl.firestore.CloudFirestoreV1.internalCommit(CloudFirestoreV1.java:1243)\n\tat com.google.cloud.datastore.emulator.impl.firestore.CloudFirestoreV1.write(CloudFirestoreV1.java:1231)\n\tat com.google.cloud.datastore.emulator.impl.firestore.CloudFirestoreV1WriteStream.handleRequest(CloudFirestoreV1WriteStream.java:222)\n\tat com.google.cloud.datastore.emulator.impl.firestore.CloudFirestoreV1WriteStream.write(CloudFirestoreV1WriteStream.java:144)\n\tat com.google.cloud.datastore.emulator.impl.firestore.CloudFirestoreV1WriteStream.onNext(CloudFirestoreV1WriteStream.java:99)\n\tat com.google.cloud.datastore.emulator.impl.firestore.CloudFirestoreV1WriteStream.onNext(CloudFirestoreV1WriteStream.java:27)\n\tat io.grpc.stub.ServerCalls$StreamingServerCallHandler$StreamingServerCallListener.onMessage(ServerCalls.java:262)\n\tat io.grpc.ForwardingServerCallListener.onMessage(ForwardingServerCallListener.java:33)\n\tat io.grpc.Contexts$ContextualizedServerCallListener.onMessage(Contexts.java:76)\n\tat io.grpc.ForwardingServerCallListener.onMessage(ForwardingServerCallListener.java:33)\n\tat io.grpc.Contexts$ContextualizedServerCallListener.onMessage(Contexts.java:76)\n\tat io.grpc.internal.ServerCallImpl$ServerStreamListenerImpl.messagesAvailableInternal(ServerCallImpl.java:334)\n\tat io.grpc.internal.ServerCallImpl$ServerStreamListenerImpl.messagesAvailable(ServerCallImpl.java:319)\n\tat io.grpc.internal.ServerImpl$JumpToApplicationThreadServerStreamListener$1MessagesAvailable.runInContext(ServerImpl.java:834)\n\tat io.grpc.internal.ContextRunnable.run(ContextRunnable.java:37)\n\tat io.grpc.internal.SerializingExecutor.run(SerializingExecutor.java:133)\n\tat java.base/java.util.concurrent.ThreadPoolExecutor.runWorker(ThreadPoolExecutor.java:1144)\n\tat java.base/java.util.concurrent.ThreadPoolExecutor$Worker.run(ThreadPoolExecutor.java:642)\n\tat java.base/java.lang.Thread.run(Thread.java:1583)\n\n"}}
[debug] [2026-09-15T14:11:19.991Z] Sep 15, 2026 9:11:19 AM io.gapi.emulators.netty.HttpVersionRoutingHandler channelRead
INFO: Detected non-HTTP/2 connection.
 {"metadata":{"emulator":{"name":"firestore"},"message":"Sep 15, 2026 9:11:19 AM io.gapi.emulators.netty.HttpVersionRoutingHandler channelRead\nINFO: Detected non-HTTP/2 connection.\n"}}
[debug] [2026-09-15T14:11:19.995Z] Sep 15, 2026 9:11:19 AM io.gapi.emulators.netty.HttpVersionRoutingHandler channelRead
INFO: Detected non-HTTP/2 connection.
 {"metadata":{"emulator":{"name":"firestore"},"message":"Sep 15, 2026 9:11:19 AM io.gapi.emulators.netty.HttpVersionRoutingHandler channelRead\nINFO: Detected non-HTTP/2 connection.\n"}}
[debug] [2026-09-15T14:11:19.999Z] Multiple projectIds are not recommended in single project mode. Requested project ID demo-not-the-rug-storage-rules, but the emulator is configured for demo-not-the-rug. To opt-out of single project mode add/set the '"singleProjectMode": false' property in the firebase.json emulators config.
 {"metadata":{"emulator":{"name":"firestore"},"message":"Multiple projectIds are not recommended in single project mode. Requested project ID demo-not-the-rug-storage-rules, but the emulator is configured for demo-not-the-rug. To opt-out of single project mode add/set the '\"singleProjectMode\": false' property in the firebase.json emulators config.\n"}}
[debug] [2026-09-15T14:11:20.512Z] Sep 15, 2026 9:11:20 AM io.gapi.emulators.netty.HttpVersionRoutingHandler channelRead
INFO: Detected non-HTTP/2 connection.
 {"metadata":{"emulator":{"name":"firestore"},"message":"Sep 15, 2026 9:11:20 AM io.gapi.emulators.netty.HttpVersionRoutingHandler channelRead\nINFO: Detected non-HTTP/2 connection.\n"}}
[debug] [2026-09-15T14:11:20.517Z] Sep 15, 2026 9:11:20 AM io.gapi.emulators.netty.HttpVersionRoutingHandler channelRead
INFO: Detected non-HTTP/2 connection.
 {"metadata":{"emulator":{"name":"firestore"},"message":"Sep 15, 2026 9:11:20 AM io.gapi.emulators.netty.HttpVersionRoutingHandler channelRead\nINFO: Detected non-HTTP/2 connection.\n"}}
[debug] [2026-09-15T14:11:20.519Z] Multiple projectIds are not recommended in single project mode. Requested project ID demo-not-the-rug-firestore-rules, but the emulator is configured for demo-not-the-rug. To opt-out of single project mode add/set the '"singleProjectMode": false' property in the firebase.json emulators config.
 {"metadata":{"emulator":{"name":"firestore"},"message":"Multiple projectIds are not recommended in single project mode. Requested project ID demo-not-the-rug-firestore-rules, but the emulator is configured for demo-not-the-rug. To opt-out of single project mode add/set the '\"singleProjectMode\": false' property in the firebase.json emulators config.\n"}}
[debug] [2026-09-15T14:11:20.571Z] Sep 15, 2026 9:11:20 AM io.gapi.emulators.netty.HttpVersionRoutingHandler channelRead
INFO: Detected HTTP/2 connection.
 {"metadata":{"emulator":{"name":"firestore"},"message":"Sep 15, 2026 9:11:20 AM io.gapi.emulators.netty.HttpVersionRoutingHandler channelRead\nINFO: Detected HTTP/2 connection.\n"}}
[debug] [2026-09-15T14:11:20.572Z] Multiple projectIds are not recommended in single project mode. Requested project ID demo-not-the-rug-firestore-rules, but the emulator is configured for demo-not-the-rug. To opt-out of single project mode add/set the '"singleProjectMode": false' property in the firebase.json emulators config.
 {"metadata":{"emulator":{"name":"firestore"},"message":"Multiple projectIds are not recommended in single project mode. Requested project ID demo-not-the-rug-firestore-rules, but the emulator is configured for demo-not-the-rug. To opt-out of single project mode add/set the '\"singleProjectMode\": false' property in the firebase.json emulators config.\n"}}
[debug] [2026-09-15T14:11:20.587Z] Multiple projectIds are not recommended in single project mode. Requested project ID demo-not-the-rug-firestore-rules, but the emulator is configured for demo-not-the-rug. To opt-out of single project mode add/set the '"singleProjectMode": false' property in the firebase.json emulators config.
 {"metadata":{"emulator":{"name":"firestore"},"message":"Multiple projectIds are not recommended in single project mode. Requested project ID demo-not-the-rug-firestore-rules, but the emulator is configured for demo-not-the-rug. To opt-out of single project mode add/set the '\"singleProjectMode\": false' property in the firebase.json emulators config.\n"}}
[debug] [2026-09-15T14:11:20.601Z] Multiple projectIds are not recommended in single project mode. Requested project ID demo-not-the-rug-firestore-rules, but the emulator is configured for demo-not-the-rug. To opt-out of single project mode add/set the '"singleProjectMode": false' property in the firebase.json emulators config.
 {"metadata":{"emulator":{"name":"firestore"},"message":"Multiple projectIds are not recommended in single project mode. Requested project ID demo-not-the-rug-firestore-rules, but the emulator is configured for demo-not-the-rug. To opt-out of single project mode add/set the '\"singleProjectMode\": false' property in the firebase.json emulators config.\n"}}
[debug] [2026-09-15T14:11:20.612Z] Multiple projectIds are not recommended in single project mode. Requested project ID demo-not-the-rug-firestore-rules, but the emulator is configured for demo-not-the-rug. To opt-out of single project mode add/set the '"singleProjectMode": false' property in the firebase.json emulators config.
 {"metadata":{"emulator":{"name":"firestore"},"message":"Multiple projectIds are not recommended in single project mode. Requested project ID demo-not-the-rug-firestore-rules, but the emulator is configured for demo-not-the-rug. To opt-out of single project mode add/set the '\"singleProjectMode\": false' property in the firebase.json emulators config.\n"}}
[debug] [2026-09-15T14:11:20.625Z] Multiple projectIds are not recommended in single project mode. Requested project ID demo-not-the-rug-firestore-rules, but the emulator is configured for demo-not-the-rug. To opt-out of single project mode add/set the '"singleProjectMode": false' property in the firebase.json emulators config.
 {"metadata":{"emulator":{"name":"firestore"},"message":"Multiple projectIds are not recommended in single project mode. Requested project ID demo-not-the-rug-firestore-rules, but the emulator is configured for demo-not-the-rug. To opt-out of single project mode add/set the '\"singleProjectMode\": false' property in the firebase.json emulators config.\n"}}
[debug] [2026-09-15T14:11:20.632Z] Sep 15, 2026 9:11:20 AM com.google.cloud.datastore.emulator.impl.util.WrappedStreamObserver onError
WARNING: Operation failed: 
false for 'create' @ L19, false for 'create' @ L49, false for 'update' @ L19, false for 'update' @ L49
com.google.cloud.datastore.core.exception.DatastoreException: 
false for 'create' @ L19, false for 'create' @ L49, false for 'update' @ L19, false for 'update' @ L49
	at com.google.cloud.datastore.core.exception.DatastoreException$Builder.build(DatastoreException.java:152)
	at com.google.cloud.datastore.emulator.impl.rules.DefaultEmulatorRulesAuthorizer.verboseError(DefaultEmulatorRulesAuthorizer.java:349)
	at com.google.cloud.datastore.emulator.impl.rules.DefaultEmulatorRulesAuthorizer.withVerboseErrors(DefaultEmulatorRulesAuthorizer.java:326)
	at com.google.cloud.datastore.emulator.impl.rules.DefaultEmulatorRulesAuthorizer.checkCommit(DefaultEmulatorRulesAuthorizer.java:114)
	at com.google.cloud.datastore.emulator.impl.firestore.FirestoreEmulatorHelper.commitHelper(FirestoreEmulatorHelper.java:385)
	at com.google.cloud.datastore.emulator.impl.firestore.FirestoreEmulatorHelper.internalCommit(FirestoreEmulatorHelper.java:339)
	at com.google.cloud.datastore.emulator.impl.firestore.CloudFirestoreV1.internalCommit(CloudFirestoreV1.java:1243)
	at com.google.cloud.datastore.emulator.impl.firestore.CloudFirestoreV1.write(CloudFirestoreV1.java:1231)
	at com.google.cloud.datastore.emulator.impl.firestore.CloudFirestoreV1WriteStream.handleRequest(CloudFirestoreV1WriteStream.java:222)
	at com.google.cloud.datastore.emulator.impl.firestore.CloudFirestoreV1WriteStream.write(CloudFirestoreV1WriteStream.java:144)
	at com.google.cloud.datastore.emulator.impl.firestore.CloudFirestoreV1WriteStream.onNext(CloudFirestoreV1WriteStream.java:99)
	at com.google.cloud.datastore.emulator.impl.firestore.CloudFirestoreV1WriteStream.onNext(CloudFirestoreV1WriteStream.java:27)
	at io.grpc.stub.ServerCalls$StreamingServerCallHandler$StreamingServerCallListener.onMessage(ServerCalls.java:262)
	at io.grpc.ForwardingServerCallListener.onMessage(ForwardingServerCallListener.java:33)
	at io.grpc.Contexts$ContextualizedServerCallListener.onMessage(Contexts.java:76)
	at io.grpc.ForwardingServerCallListener.onMessage(ForwardingServerCallListener.java:33)
	at io.grpc.Contexts$ContextualizedServerCallListener.onMessage(Contexts.java:76)
	at io.grpc.internal.ServerCallImpl$ServerStreamListenerImpl.messagesAvailableInternal(ServerCallImpl.java:334)
	at io.grpc.internal.ServerCallImpl$ServerStreamListenerImpl.messagesAvailable(ServerCallImpl.java:319)
	at io.grpc.internal.ServerImpl$JumpToApplicationThreadServerStreamListener$1MessagesAvailable.runInContext(ServerImpl.java:834)
	at io.grpc.internal.ContextRunnable.run(ContextRunnable.java:37)
	at io.grpc.internal.SerializingExecutor.run(SerializingExecutor.java:133)
	at java.base/java.util.concurrent.ThreadPoolExecutor.runWorker(ThreadPoolExecutor.java:1144)
	at java.base/java.util.concurrent.ThreadPoolExecutor$Worker.run(ThreadPoolExecutor.java:642)
	at java.base/java.lang.Thread.run(Thread.java:1583)

 {"metadata":{"emulator":{"name":"firestore"},"message":"Sep 15, 2026 9:11:20 AM com.google.cloud.datastore.emulator.impl.util.WrappedStreamObserver onError\nWARNING: Operation failed: \nfalse for 'create' @ L19, false for 'create' @ L49, false for 'update' @ L19, false for 'update' @ L49\ncom.google.cloud.datastore.core.exception.DatastoreException: \nfalse for 'create' @ L19, false for 'create' @ L49, false for 'update' @ L19, false for 'update' @ L49\n\tat com.google.cloud.datastore.core.exception.DatastoreException$Builder.build(DatastoreException.java:152)\n\tat com.google.cloud.datastore.emulator.impl.rules.DefaultEmulatorRulesAuthorizer.verboseError(DefaultEmulatorRulesAuthorizer.java:349)\n\tat com.google.cloud.datastore.emulator.impl.rules.DefaultEmulatorRulesAuthorizer.withVerboseErrors(DefaultEmulatorRulesAuthorizer.java:326)\n\tat com.google.cloud.datastore.emulator.impl.rules.DefaultEmulatorRulesAuthorizer.checkCommit(DefaultEmulatorRulesAuthorizer.java:114)\n\tat com.google.cloud.datastore.emulator.impl.firestore.FirestoreEmulatorHelper.commitHelper(FirestoreEmulatorHelper.java:385)\n\tat com.google.cloud.datastore.emulator.impl.firestore.FirestoreEmulatorHelper.internalCommit(FirestoreEmulatorHelper.java:339)\n\tat com.google.cloud.datastore.emulator.impl.firestore.CloudFirestoreV1.internalCommit(CloudFirestoreV1.java:1243)\n\tat com.google.cloud.datastore.emulator.impl.firestore.CloudFirestoreV1.write(CloudFirestoreV1.java:1231)\n\tat com.google.cloud.datastore.emulator.impl.firestore.CloudFirestoreV1WriteStream.handleRequest(CloudFirestoreV1WriteStream.java:222)\n\tat com.google.cloud.datastore.emulator.impl.firestore.CloudFirestoreV1WriteStream.write(CloudFirestoreV1WriteStream.java:144)\n\tat com.google.cloud.datastore.emulator.impl.firestore.CloudFirestoreV1WriteStream.onNext(CloudFirestoreV1WriteStream.java:99)\n\tat com.google.cloud.datastore.emulator.impl.firestore.CloudFirestoreV1WriteStream.onNext(CloudFirestoreV1WriteStream.java:27)\n\tat io.grpc.stub.ServerCalls$StreamingServerCallHandler$StreamingServerCallListener.onMessage(ServerCalls.java:262)\n\tat io.grpc.ForwardingServerCallListener.onMessage(ForwardingServerCallListener.java:33)\n\tat io.grpc.Contexts$ContextualizedServerCallListener.onMessage(Contexts.java:76)\n\tat io.grpc.ForwardingServerCallListener.onMessage(ForwardingServerCallListener.java:33)\n\tat io.grpc.Contexts$ContextualizedServerCallListener.onMessage(Contexts.java:76)\n\tat io.grpc.internal.ServerCallImpl$ServerStreamListenerImpl.messagesAvailableInternal(ServerCallImpl.java:334)\n\tat io.grpc.internal.ServerCallImpl$ServerStreamListenerImpl.messagesAvailable(ServerCallImpl.java:319)\n\tat io.grpc.internal.ServerImpl$JumpToApplicationThreadServerStreamListener$1MessagesAvailable.runInContext(ServerImpl.java:834)\n\tat io.grpc.internal.ContextRunnable.run(ContextRunnable.java:37)\n\tat io.grpc.internal.SerializingExecutor.run(SerializingExecutor.java:133)\n\tat java.base/java.util.concurrent.ThreadPoolExecutor.runWorker(ThreadPoolExecutor.java:1144)\n\tat java.base/java.util.concurrent.ThreadPoolExecutor$Worker.run(ThreadPoolExecutor.java:642)\n\tat java.base/java.lang.Thread.run(Thread.java:1583)\n\n"}}
[debug] [2026-09-15T14:11:20.640Z] Multiple projectIds are not recommended in single project mode. Requested project ID demo-not-the-rug-firestore-rules, but the emulator is configured for demo-not-the-rug. To opt-out of single project mode add/set the '"singleProjectMode": false' property in the firebase.json emulators config.
 {"metadata":{"emulator":{"name":"firestore"},"message":"Multiple projectIds are not recommended in single project mode. Requested project ID demo-not-the-rug-firestore-rules, but the emulator is configured for demo-not-the-rug. To opt-out of single project mode add/set the '\"singleProjectMode\": false' property in the firebase.json emulators config.\n"}}
[debug] [2026-09-15T14:11:20.653Z] Multiple projectIds are not recommended in single project mode. Requested project ID demo-not-the-rug-firestore-rules, but the emulator is configured for demo-not-the-rug. To opt-out of single project mode add/set the '"singleProjectMode": false' property in the firebase.json emulators config.
 {"metadata":{"emulator":{"name":"firestore"},"message":"Multiple projectIds are not recommended in single project mode. Requested project ID demo-not-the-rug-firestore-rules, but the emulator is configured for demo-not-the-rug. To opt-out of single project mode add/set the '\"singleProjectMode\": false' property in the firebase.json emulators config.\n"}}
[debug] [2026-09-15T14:11:20.665Z] Multiple projectIds are not recommended in single project mode. Requested project ID demo-not-the-rug-firestore-rules, but the emulator is configured for demo-not-the-rug. To opt-out of single project mode add/set the '"singleProjectMode": false' property in the firebase.json emulators config.
 {"metadata":{"emulator":{"name":"firestore"},"message":"Multiple projectIds are not recommended in single project mode. Requested project ID demo-not-the-rug-firestore-rules, but the emulator is configured for demo-not-the-rug. To opt-out of single project mode add/set the '\"singleProjectMode\": false' property in the firebase.json emulators config.\n"}}
[debug] [2026-09-15T14:11:20.676Z] Multiple projectIds are not recommended in single project mode. Requested project ID demo-not-the-rug-firestore-rules, but the emulator is configured for demo-not-the-rug. To opt-out of single project mode add/set the '"singleProjectMode": false' property in the firebase.json emulators config.
 {"metadata":{"emulator":{"name":"firestore"},"message":"Multiple projectIds are not recommended in single project mode. Requested project ID demo-not-the-rug-firestore-rules, but the emulator is configured for demo-not-the-rug. To opt-out of single project mode add/set the '\"singleProjectMode\": false' property in the firebase.json emulators config.\n"}}
[debug] [2026-09-15T14:11:20.687Z] Multiple projectIds are not recommended in single project mode. Requested project ID demo-not-the-rug-firestore-rules, but the emulator is configured for demo-not-the-rug. To opt-out of single project mode add/set the '"singleProjectMode": false' property in the firebase.json emulators config.
 {"metadata":{"emulator":{"name":"firestore"},"message":"Multiple projectIds are not recommended in single project mode. Requested project ID demo-not-the-rug-firestore-rules, but the emulator is configured for demo-not-the-rug. To opt-out of single project mode add/set the '\"singleProjectMode\": false' property in the firebase.json emulators config.\n"}}
[debug] [2026-09-15T14:11:20.691Z] Sep 15, 2026 9:11:20 AM com.google.cloud.datastore.emulator.impl.util.WrappedStreamObserver onError
WARNING: Operation failed: 
false for 'create' @ L25, false for 'create' @ L49, false for 'update' @ L25, false for 'update' @ L49
com.google.cloud.datastore.core.exception.DatastoreException: 
false for 'create' @ L25, false for 'create' @ L49, false for 'update' @ L25, false for 'update' @ L49
	at com.google.cloud.datastore.core.exception.DatastoreException$Builder.build(DatastoreException.java:152)
	at com.google.cloud.datastore.emulator.impl.rules.DefaultEmulatorRulesAuthorizer.verboseError(DefaultEmulatorRulesAuthorizer.java:349)
	at com.google.cloud.datastore.emulator.impl.rules.DefaultEmulatorRulesAuthorizer.withVerboseErrors(DefaultEmulatorRulesAuthorizer.java:326)
	at com.google.cloud.datastore.emulator.impl.rules.DefaultEmulatorRulesAuthorizer.checkCommit(DefaultEmulatorRulesAuthorizer.java:114)
	at com.google.cloud.datastore.emulator.impl.firestore.FirestoreEmulatorHelper.commitHelper(FirestoreEmulatorHelper.java:385)
	at com.google.cloud.datastore.emulator.impl.firestore.FirestoreEmulatorHelper.internalCommit(FirestoreEmulatorHelper.java:339)
	at com.google.cloud.datastore.emulator.impl.firestore.CloudFirestoreV1.internalCommit(CloudFirestoreV1.java:1243)
	at com.google.cloud.datastore.emulator.impl.firestore.CloudFirestoreV1.write(CloudFirestoreV1.java:1231)
	at com.google.cloud.datastore.emulator.impl.firestore.CloudFirestoreV1WriteStream.handleRequest(CloudFirestoreV1WriteStream.java:222)
	at com.google.cloud.datastore.emulator.impl.firestore.CloudFirestoreV1WriteStream.write(CloudFirestoreV1WriteStream.java:144)
	at com.google.cloud.datastore.emulator.impl.firestore.CloudFirestoreV1WriteStream.onNext(CloudFirestoreV1WriteStream.java:99)
	at com.google.cloud.datastore.emulator.impl.firestore.CloudFirestoreV1WriteStream.onNext(CloudFirestoreV1WriteStream.java:27)
	at io.grpc.stub.ServerCalls$StreamingServerCallHandler$StreamingServerCallListener.onMessage(ServerCalls.java:262)
	at io.grpc.ForwardingServerCallListener.onMessage(ForwardingServerCallListener.java:33)
	at io.grpc.Contexts$ContextualizedServerCallListener.onMessage(Contexts.java:76)
	at io.grpc.ForwardingServerCallListener.onMessage(ForwardingServerCallListener.java:33)
	at io.grpc.Contexts$ContextualizedServerCallListener.onMessage(Contexts.java:76)
	at io.grpc.internal.ServerCallImpl$ServerStreamListenerImpl.messagesAvailableInternal(ServerCallImpl.java:334)
	at io.grpc.internal.ServerCallImpl$ServerStreamListenerImpl.messagesAvailable(ServerCallImpl.java:319)
	at io.grpc.internal.ServerImpl$JumpToApplicationThreadServerStreamListener$1MessagesAvailable.runInContext(ServerImpl.java:834)
	at io.grpc.internal.ContextRunnable.run(ContextRunnable.java:37)
	at io.grpc.internal.SerializingExecutor.run(SerializingExecutor.java:133)
	at java.base/java.util.concurrent.ThreadPoolExecutor.runWorker(ThreadPoolExecutor.java:1144)
	at java.base/java.util.concurrent.ThreadPoolExecutor$Worker.run(ThreadPoolExecutor.java:642)
	at java.base/java.lang.Thread.run(Thread.java:1583)

 {"metadata":{"emulator":{"name":"firestore"},"message":"Sep 15, 2026 9:11:20 AM com.google.cloud.datastore.emulator.impl.util.WrappedStreamObserver onError\nWARNING: Operation failed: \nfalse for 'create' @ L25, false for 'create' @ L49, false for 'update' @ L25, false for 'update' @ L49\ncom.google.cloud.datastore.core.exception.DatastoreException: \nfalse for 'create' @ L25, false for 'create' @ L49, false for 'update' @ L25, false for 'update' @ L49\n\tat com.google.cloud.datastore.core.exception.DatastoreException$Builder.build(DatastoreException.java:152)\n\tat com.google.cloud.datastore.emulator.impl.rules.DefaultEmulatorRulesAuthorizer.verboseError(DefaultEmulatorRulesAuthorizer.java:349)\n\tat com.google.cloud.datastore.emulator.impl.rules.DefaultEmulatorRulesAuthorizer.withVerboseErrors(DefaultEmulatorRulesAuthorizer.java:326)\n\tat com.google.cloud.datastore.emulator.impl.rules.DefaultEmulatorRulesAuthorizer.checkCommit(DefaultEmulatorRulesAuthorizer.java:114)\n\tat com.google.cloud.datastore.emulator.impl.firestore.FirestoreEmulatorHelper.commitHelper(FirestoreEmulatorHelper.java:385)\n\tat com.google.cloud.datastore.emulator.impl.firestore.FirestoreEmulatorHelper.internalCommit(FirestoreEmulatorHelper.java:339)\n\tat com.google.cloud.datastore.emulator.impl.firestore.CloudFirestoreV1.internalCommit(CloudFirestoreV1.java:1243)\n\tat com.google.cloud.datastore.emulator.impl.firestore.CloudFirestoreV1.write(CloudFirestoreV1.java:1231)\n\tat com.google.cloud.datastore.emulator.impl.firestore.CloudFirestoreV1WriteStream.handleRequest(CloudFirestoreV1WriteStream.java:222)\n\tat com.google.cloud.datastore.emulator.impl.firestore.CloudFirestoreV1WriteStream.write(CloudFirestoreV1WriteStream.java:144)\n\tat com.google.cloud.datastore.emulator.impl.firestore.CloudFirestoreV1WriteStream.onNext(CloudFirestoreV1WriteStream.java:99)\n\tat com.google.cloud.datastore.emulator.impl.firestore.CloudFirestoreV1WriteStream.onNext(CloudFirestoreV1WriteStream.java:27)\n\tat io.grpc.stub.ServerCalls$StreamingServerCallHandler$StreamingServerCallListener.onMessage(ServerCalls.java:262)\n\tat io.grpc.ForwardingServerCallListener.onMessage(ForwardingServerCallListener.java:33)\n\tat io.grpc.Contexts$ContextualizedServerCallListener.onMessage(Contexts.java:76)\n\tat io.grpc.ForwardingServerCallListener.onMessage(ForwardingServerCallListener.java:33)\n\tat io.grpc.Contexts$ContextualizedServerCallListener.onMessage(Contexts.java:76)\n\tat io.grpc.internal.ServerCallImpl$ServerStreamListenerImpl.messagesAvailableInternal(ServerCallImpl.java:334)\n\tat io.grpc.internal.ServerCallImpl$ServerStreamListenerImpl.messagesAvailable(ServerCallImpl.java:319)\n\tat io.grpc.internal.ServerImpl$JumpToApplicationThreadServerStreamListener$1MessagesAvailable.runInContext(ServerImpl.java:834)\n\tat io.grpc.internal.ContextRunnable.run(ContextRunnable.java:37)\n\tat io.grpc.internal.SerializingExecutor.run(SerializingExecutor.java:133)\n\tat java.base/java.util.concurrent.ThreadPoolExecutor.runWorker(ThreadPoolExecutor.java:1144)\n\tat java.base/java.util.concurrent.ThreadPoolExecutor$Worker.run(ThreadPoolExecutor.java:642)\n\tat java.base/java.lang.Thread.run(Thread.java:1583)\n\n"}}
[debug] [2026-09-15T14:11:52.023Z] Sep 15, 2026 9:11:52 AM io.gapi.emulators.netty.HttpVersionRoutingHandler channelRead
INFO: Detected non-HTTP/2 connection.
 {"metadata":{"emulator":{"name":"firestore"},"message":"Sep 15, 2026 9:11:52 AM io.gapi.emulators.netty.HttpVersionRoutingHandler channelRead\nINFO: Detected non-HTTP/2 connection.\n"}}
[debug] [2026-09-15T14:11:52.028Z] Sep 15, 2026 9:11:52 AM io.gapi.emulators.netty.HttpVersionRoutingHandler channelRead
INFO: Detected non-HTTP/2 connection.
 {"metadata":{"emulator":{"name":"firestore"},"message":"Sep 15, 2026 9:11:52 AM io.gapi.emulators.netty.HttpVersionRoutingHandler channelRead\nINFO: Detected non-HTTP/2 connection.\n"}}
[debug] [2026-09-15T14:11:52.034Z] Multiple projectIds are not recommended in single project mode. Requested project ID demo-not-the-rug-firestore-rules, but the emulator is configured for demo-not-the-rug. To opt-out of single project mode add/set the '"singleProjectMode": false' property in the firebase.json emulators config.
 {"metadata":{"emulator":{"name":"firestore"},"message":"Multiple projectIds are not recommended in single project mode. Requested project ID demo-not-the-rug-firestore-rules, but the emulator is configured for demo-not-the-rug. To opt-out of single project mode add/set the '\"singleProjectMode\": false' property in the firebase.json emulators config.\n"}}
[debug] [2026-09-15T14:11:52.085Z] Sep 15, 2026 9:11:52 AM io.gapi.emulators.netty.HttpVersionRoutingHandler channelRead
INFO: Detected HTTP/2 connection.
 {"metadata":{"emulator":{"name":"firestore"},"message":"Sep 15, 2026 9:11:52 AM io.gapi.emulators.netty.HttpVersionRoutingHandler channelRead\nINFO: Detected HTTP/2 connection.\n"}}
[debug] [2026-09-15T14:11:52.087Z] Multiple projectIds are not recommended in single project mode. Requested project ID demo-not-the-rug-firestore-rules, but the emulator is configured for demo-not-the-rug. To opt-out of single project mode add/set the '"singleProjectMode": false' property in the firebase.json emulators config.
 {"metadata":{"emulator":{"name":"firestore"},"message":"Multiple projectIds are not recommended in single project mode. Requested project ID demo-not-the-rug-firestore-rules, but the emulator is configured for demo-not-the-rug. To opt-out of single project mode add/set the '\"singleProjectMode\": false' property in the firebase.json emulators config.\n"}}
[debug] [2026-09-15T14:11:52.102Z] Multiple projectIds are not recommended in single project mode. Requested project ID demo-not-the-rug-firestore-rules, but the emulator is configured for demo-not-the-rug. To opt-out of single project mode add/set the '"singleProjectMode": false' property in the firebase.json emulators config.
 {"metadata":{"emulator":{"name":"firestore"},"message":"Multiple projectIds are not recommended in single project mode. Requested project ID demo-not-the-rug-firestore-rules, but the emulator is configured for demo-not-the-rug. To opt-out of single project mode add/set the '\"singleProjectMode\": false' property in the firebase.json emulators config.\n"}}
[debug] [2026-09-15T14:11:52.116Z] Multiple projectIds are not recommended in single project mode. Requested project ID demo-not-the-rug-firestore-rules, but the emulator is configured for demo-not-the-rug. To opt-out of single project mode add/set the '"singleProjectMode": false' property in the firebase.json emulators config.
 {"metadata":{"emulator":{"name":"firestore"},"message":"Multiple projectIds are not recommended in single project mode. Requested project ID demo-not-the-rug-firestore-rules, but the emulator is configured for demo-not-the-rug. To opt-out of single project mode add/set the '\"singleProjectMode\": false' property in the firebase.json emulators config.\n"}}
[debug] [2026-09-15T14:11:52.127Z] Multiple projectIds are not recommended in single project mode. Requested project ID demo-not-the-rug-firestore-rules, but the emulator is configured for demo-not-the-rug. To opt-out of single project mode add/set the '"singleProjectMode": false' property in the firebase.json emulators config.
 {"metadata":{"emulator":{"name":"firestore"},"message":"Multiple projectIds are not recommended in single project mode. Requested project ID demo-not-the-rug-firestore-rules, but the emulator is configured for demo-not-the-rug. To opt-out of single project mode add/set the '\"singleProjectMode\": false' property in the firebase.json emulators config.\n"}}
[debug] [2026-09-15T14:11:52.140Z] Multiple projectIds are not recommended in single project mode. Requested project ID demo-not-the-rug-firestore-rules, but the emulator is configured for demo-not-the-rug. To opt-out of single project mode add/set the '"singleProjectMode": false' property in the firebase.json emulators config.
 {"metadata":{"emulator":{"name":"firestore"},"message":"Multiple projectIds are not recommended in single project mode. Requested project ID demo-not-the-rug-firestore-rules, but the emulator is configured for demo-not-the-rug. To opt-out of single project mode add/set the '\"singleProjectMode\": false' property in the firebase.json emulators config.\n"}}
[debug] [2026-09-15T14:11:52.145Z] Sep 15, 2026 9:11:52 AM com.google.cloud.datastore.emulator.impl.util.WrappedStreamObserver onError
WARNING: Operation failed: 
false for 'create' @ L19, false for 'create' @ L49, false for 'update' @ L19, false for 'update' @ L49
com.google.cloud.datastore.core.exception.DatastoreException: 
false for 'create' @ L19, false for 'create' @ L49, false for 'update' @ L19, false for 'update' @ L49
	at com.google.cloud.datastore.core.exception.DatastoreException$Builder.build(DatastoreException.java:152)
	at com.google.cloud.datastore.emulator.impl.rules.DefaultEmulatorRulesAuthorizer.verboseError(DefaultEmulatorRulesAuthorizer.java:349)
	at com.google.cloud.datastore.emulator.impl.rules.DefaultEmulatorRulesAuthorizer.withVerboseErrors(DefaultEmulatorRulesAuthorizer.java:326)
	at com.google.cloud.datastore.emulator.impl.rules.DefaultEmulatorRulesAuthorizer.checkCommit(DefaultEmulatorRulesAuthorizer.java:114)
	at com.google.cloud.datastore.emulator.impl.firestore.FirestoreEmulatorHelper.commitHelper(FirestoreEmulatorHelper.java:385)
	at com.google.cloud.datastore.emulator.impl.firestore.FirestoreEmulatorHelper.internalCommit(FirestoreEmulatorHelper.java:339)
	at com.google.cloud.datastore.emulator.impl.firestore.CloudFirestoreV1.internalCommit(CloudFirestoreV1.java:1243)
	at com.google.cloud.datastore.emulator.impl.firestore.CloudFirestoreV1.write(CloudFirestoreV1.java:1231)
	at com.google.cloud.datastore.emulator.impl.firestore.CloudFirestoreV1WriteStream.handleRequest(CloudFirestoreV1WriteStream.java:222)
	at com.google.cloud.datastore.emulator.impl.firestore.CloudFirestoreV1WriteStream.write(CloudFirestoreV1WriteStream.java:144)
	at com.google.cloud.datastore.emulator.impl.firestore.CloudFirestoreV1WriteStream.onNext(CloudFirestoreV1WriteStream.java:99)
	at com.google.cloud.datastore.emulator.impl.firestore.CloudFirestoreV1WriteStream.onNext(CloudFirestoreV1WriteStream.java:27)
	at io.grpc.stub.ServerCalls$StreamingServerCallHandler$StreamingServerCallListener.onMessage(ServerCalls.java:262)
	at io.grpc.ForwardingServerCallListener.onMessage(ForwardingServerCallListener.java:33)
	at io.grpc.Contexts$ContextualizedServerCallListener.onMessage(Contexts.java:76)
	at io.grpc.ForwardingServerCallListener.onMessage(ForwardingServerCallListener.java:33)
	at io.grpc.Contexts$ContextualizedServerCallListener.onMessage(Contexts.java:76)
	at io.grpc.internal.ServerCallImpl$ServerStreamListenerImpl.messagesAvailableInternal(ServerCallImpl.java:334)
	at io.grpc.internal.ServerCallImpl$ServerStreamListenerImpl.messagesAvailable(ServerCallImpl.java:319)
	at io.grpc.internal.ServerImpl$JumpToApplicationThreadServerStreamListener$1MessagesAvailable.runInContext(ServerImpl.java:834)
	at io.grpc.internal.ContextRunnable.run(ContextRunnable.java:37)
	at io.grpc.internal.SerializingExecutor.run(SerializingExecutor.java:133)
	at java.base/java.util.concurrent.ThreadPoolExecutor.runWorker(ThreadPoolExecutor.java:1144)
	at java.base/java.util.concurrent.ThreadPoolExecutor$Worker.run(ThreadPoolExecutor.java:642)
	at java.base/java.lang.Thread.run(Thread.java:1583)

 {"metadata":{"emulator":{"name":"firestore"},"message":"Sep 15, 2026 9:11:52 AM com.google.cloud.datastore.emulator.impl.util.WrappedStreamObserver onError\nWARNING: Operation failed: \nfalse for 'create' @ L19, false for 'create' @ L49, false for 'update' @ L19, false for 'update' @ L49\ncom.google.cloud.datastore.core.exception.DatastoreException: \nfalse for 'create' @ L19, false for 'create' @ L49, false for 'update' @ L19, false for 'update' @ L49\n\tat com.google.cloud.datastore.core.exception.DatastoreException$Builder.build(DatastoreException.java:152)\n\tat com.google.cloud.datastore.emulator.impl.rules.DefaultEmulatorRulesAuthorizer.verboseError(DefaultEmulatorRulesAuthorizer.java:349)\n\tat com.google.cloud.datastore.emulator.impl.rules.DefaultEmulatorRulesAuthorizer.withVerboseErrors(DefaultEmulatorRulesAuthorizer.java:326)\n\tat com.google.cloud.datastore.emulator.impl.rules.DefaultEmulatorRulesAuthorizer.checkCommit(DefaultEmulatorRulesAuthorizer.java:114)\n\tat com.google.cloud.datastore.emulator.impl.firestore.FirestoreEmulatorHelper.commitHelper(FirestoreEmulatorHelper.java:385)\n\tat com.google.cloud.datastore.emulator.impl.firestore.FirestoreEmulatorHelper.internalCommit(FirestoreEmulatorHelper.java:339)\n\tat com.google.cloud.datastore.emulator.impl.firestore.CloudFirestoreV1.internalCommit(CloudFirestoreV1.java:1243)\n\tat com.google.cloud.datastore.emulator.impl.firestore.CloudFirestoreV1.write(CloudFirestoreV1.java:1231)\n\tat com.google.cloud.datastore.emulator.impl.firestore.CloudFirestoreV1WriteStream.handleRequest(CloudFirestoreV1WriteStream.java:222)\n\tat com.google.cloud.datastore.emulator.impl.firestore.CloudFirestoreV1WriteStream.write(CloudFirestoreV1WriteStream.java:144)\n\tat com.google.cloud.datastore.emulator.impl.firestore.CloudFirestoreV1WriteStream.onNext(CloudFirestoreV1WriteStream.java:99)\n\tat com.google.cloud.datastore.emulator.impl.firestore.CloudFirestoreV1WriteStream.onNext(CloudFirestoreV1WriteStream.java:27)\n\tat io.grpc.stub.ServerCalls$StreamingServerCallHandler$StreamingServerCallListener.onMessage(ServerCalls.java:262)\n\tat io.grpc.ForwardingServerCallListener.onMessage(ForwardingServerCallListener.java:33)\n\tat io.grpc.Contexts$ContextualizedServerCallListener.onMessage(Contexts.java:76)\n\tat io.grpc.ForwardingServerCallListener.onMessage(ForwardingServerCallListener.java:33)\n\tat io.grpc.Contexts$ContextualizedServerCallListener.onMessage(Contexts.java:76)\n\tat io.grpc.internal.ServerCallImpl$ServerStreamListenerImpl.messagesAvailableInternal(ServerCallImpl.java:334)\n\tat io.grpc.internal.ServerCallImpl$ServerStreamListenerImpl.messagesAvailable(ServerCallImpl.java:319)\n\tat io.grpc.internal.ServerImpl$JumpToApplicationThreadServerStreamListener$1MessagesAvailable.runInContext(ServerImpl.java:834)\n\tat io.grpc.internal.ContextRunnable.run(ContextRunnable.java:37)\n\tat io.grpc.internal.SerializingExecutor.run(SerializingExecutor.java:133)\n\tat java.base/java.util.concurrent.ThreadPoolExecutor.runWorker(ThreadPoolExecutor.java:1144)\n\tat java.base/java.util.concurrent.ThreadPoolExecutor$Worker.run(ThreadPoolExecutor.java:642)\n\tat java.base/java.lang.Thread.run(Thread.java:1583)\n\n"}}
[debug] [2026-09-15T14:11:52.154Z] Multiple projectIds are not recommended in single project mode. Requested project ID demo-not-the-rug-firestore-rules, but the emulator is configured for demo-not-the-rug. To opt-out of single project mode add/set the '"singleProjectMode": false' property in the firebase.json emulators config.
 {"metadata":{"emulator":{"name":"firestore"},"message":"Multiple projectIds are not recommended in single project mode. Requested project ID demo-not-the-rug-firestore-rules, but the emulator is configured for demo-not-the-rug. To opt-out of single project mode add/set the '\"singleProjectMode\": false' property in the firebase.json emulators config.\n"}}
[debug] [2026-09-15T14:11:52.168Z] Multiple projectIds are not recommended in single project mode. Requested project ID demo-not-the-rug-firestore-rules, but the emulator is configured for demo-not-the-rug. To opt-out of single project mode add/set the '"singleProjectMode": false' property in the firebase.json emulators config.
 {"metadata":{"emulator":{"name":"firestore"},"message":"Multiple projectIds are not recommended in single project mode. Requested project ID demo-not-the-rug-firestore-rules, but the emulator is configured for demo-not-the-rug. To opt-out of single project mode add/set the '\"singleProjectMode\": false' property in the firebase.json emulators config.\n"}}
[debug] [2026-09-15T14:11:52.180Z] Multiple projectIds are not recommended in single project mode. Requested project ID demo-not-the-rug-firestore-rules, but the emulator is configured for demo-not-the-rug. To opt-out of single project mode add/set the '"singleProjectMode": false' property in the firebase.json emulators config.
 {"metadata":{"emulator":{"name":"firestore"},"message":"Multiple projectIds are not recommended in single project mode. Requested project ID demo-not-the-rug-firestore-rules, but the emulator is configured for demo-not-the-rug. To opt-out of single project mode add/set the '\"singleProjectMode\": false' property in the firebase.json emulators config.\n"}}
[debug] [2026-09-15T14:11:52.189Z] Multiple projectIds are not recommended in single project mode. Requested project ID demo-not-the-rug-firestore-rules, but the emulator is configured for demo-not-the-rug. To opt-out of single project mode add/set the '"singleProjectMode": false' property in the firebase.json emulators config.
 {"metadata":{"emulator":{"name":"firestore"},"message":"Multiple projectIds are not recommended in single project mode. Requested project ID demo-not-the-rug-firestore-rules, but the emulator is configured for demo-not-the-rug. To opt-out of single project mode add/set the '\"singleProjectMode\": false' property in the firebase.json emulators config.\n"}}
[debug] [2026-09-15T14:11:52.199Z] Multiple projectIds are not recommended in single project mode. Requested project ID demo-not-the-rug-firestore-rules, but the emulator is configured for demo-not-the-rug. To opt-out of single project mode add/set the '"singleProjectMode": false' property in the firebase.json emulators config.
 {"metadata":{"emulator":{"name":"firestore"},"message":"Multiple projectIds are not recommended in single project mode. Requested project ID demo-not-the-rug-firestore-rules, but the emulator is configured for demo-not-the-rug. To opt-out of single project mode add/set the '\"singleProjectMode\": false' property in the firebase.json emulators config.\n"}}
[debug] [2026-09-15T14:11:52.203Z] Sep 15, 2026 9:11:52 AM com.google.cloud.datastore.emulator.impl.util.WrappedStreamObserver onError
WARNING: Operation failed: 
false for 'create' @ L25, false for 'create' @ L49, false for 'update' @ L25, false for 'update' @ L49
com.google.cloud.datastore.core.exception.DatastoreException: 
false for 'create' @ L25, false for 'create' @ L49, false for 'update' @ L25, false for 'update' @ L49
	at com.google.cloud.datastore.core.exception.DatastoreException$Builder.build(DatastoreException.java:152)
	at com.google.cloud.datastore.emulator.impl.rules.DefaultEmulatorRulesAuthorizer.verboseError(DefaultEmulatorRulesAuthorizer.java:349)
	at com.google.cloud.datastore.emulator.impl.rules.DefaultEmulatorRulesAuthorizer.withVerboseErrors(DefaultEmulatorRulesAuthorizer.java:326)
	at com.google.cloud.datastore.emulator.impl.rules.DefaultEmulatorRulesAuthorizer.checkCommit(DefaultEmulatorRulesAuthorizer.java:114)
	at com.google.cloud.datastore.emulator.impl.firestore.FirestoreEmulatorHelper.commitHelper(FirestoreEmulatorHelper.java:385)
	at com.google.cloud.datastore.emulator.impl.firestore.FirestoreEmulatorHelper.internalCommit(FirestoreEmulatorHelper.java:339)
	at com.google.cloud.datastore.emulator.impl.firestore.CloudFirestoreV1.internalCommit(CloudFirestoreV1.java:1243)
	at com.google.cloud.datastore.emulator.impl.firestore.CloudFirestoreV1.write(CloudFirestoreV1.java:1231)
	at com.google.cloud.datastore.emulator.impl.firestore.CloudFirestoreV1WriteStream.handleRequest(CloudFirestoreV1WriteStream.java:222)
	at com.google.cloud.datastore.emulator.impl.firestore.CloudFirestoreV1WriteStream.write(CloudFirestoreV1WriteStream.java:144)
	at com.google.cloud.datastore.emulator.impl.firestore.CloudFirestoreV1WriteStream.onNext(CloudFirestoreV1WriteStream.java:99)
	at com.google.cloud.datastore.emulator.impl.firestore.CloudFirestoreV1WriteStream.onNext(CloudFirestoreV1WriteStream.java:27)
	at io.grpc.stub.ServerCalls$StreamingServerCallHandler$StreamingServerCallListener.onMessage(ServerCalls.java:262)
	at io.grpc.ForwardingServerCallListener.onMessage(ForwardingServerCallListener.java:33)
	at io.grpc.Contexts$ContextualizedServerCallListener.onMessage(Contexts.java:76)
	at io.grpc.ForwardingServerCallListener.onMessage(ForwardingServerCallListener.java:33)
	at io.grpc.Contexts$ContextualizedServerCallListener.onMessage(Contexts.java:76)
	at io.grpc.internal.ServerCallImpl$ServerStreamListenerImpl.messagesAvailableInternal(ServerCallImpl.java:334)
	at io.grpc.internal.ServerCallImpl$ServerStreamListenerImpl.messagesAvailable(ServerCallImpl.java:319)
	at io.grpc.internal.ServerImpl$JumpToApplicationThreadServerStreamListener$1MessagesAvailable.runInContext(ServerImpl.java:834)
	at io.grpc.internal.ContextRunnable.run(ContextRunnable.java:37)
	at io.grpc.internal.SerializingExecutor.run(SerializingExecutor.java:133)
	at java.base/java.util.concurrent.ThreadPoolExecutor.runWorker(ThreadPoolExecutor.java:1144)
	at java.base/java.util.concurrent.ThreadPoolExecutor$Worker.run(ThreadPoolExecutor.java:642)
	at java.base/java.lang.Thread.run(Thread.java:1583)

 {"metadata":{"emulator":{"name":"firestore"},"message":"Sep 15, 2026 9:11:52 AM com.google.cloud.datastore.emulator.impl.util.WrappedStreamObserver onError\nWARNING: Operation failed: \nfalse for 'create' @ L25, false for 'create' @ L49, false for 'update' @ L25, false for 'update' @ L49\ncom.google.cloud.datastore.core.exception.DatastoreException: \nfalse for 'create' @ L25, false for 'create' @ L49, false for 'update' @ L25, false for 'update' @ L49\n\tat com.google.cloud.datastore.core.exception.DatastoreException$Builder.build(DatastoreException.java:152)\n\tat com.google.cloud.datastore.emulator.impl.rules.DefaultEmulatorRulesAuthorizer.verboseError(DefaultEmulatorRulesAuthorizer.java:349)\n\tat com.google.cloud.datastore.emulator.impl.rules.DefaultEmulatorRulesAuthorizer.withVerboseErrors(DefaultEmulatorRulesAuthorizer.java:326)\n\tat com.google.cloud.datastore.emulator.impl.rules.DefaultEmulatorRulesAuthorizer.checkCommit(DefaultEmulatorRulesAuthorizer.java:114)\n\tat com.google.cloud.datastore.emulator.impl.firestore.FirestoreEmulatorHelper.commitHelper(FirestoreEmulatorHelper.java:385)\n\tat com.google.cloud.datastore.emulator.impl.firestore.FirestoreEmulatorHelper.internalCommit(FirestoreEmulatorHelper.java:339)\n\tat com.google.cloud.datastore.emulator.impl.firestore.CloudFirestoreV1.internalCommit(CloudFirestoreV1.java:1243)\n\tat com.google.cloud.datastore.emulator.impl.firestore.CloudFirestoreV1.write(CloudFirestoreV1.java:1231)\n\tat com.google.cloud.datastore.emulator.impl.firestore.CloudFirestoreV1WriteStream.handleRequest(CloudFirestoreV1WriteStream.java:222)\n\tat com.google.cloud.datastore.emulator.impl.firestore.CloudFirestoreV1WriteStream.write(CloudFirestoreV1WriteStream.java:144)\n\tat com.google.cloud.datastore.emulator.impl.firestore.CloudFirestoreV1WriteStream.onNext(CloudFirestoreV1WriteStream.java:99)\n\tat com.google.cloud.datastore.emulator.impl.firestore.CloudFirestoreV1WriteStream.onNext(CloudFirestoreV1WriteStream.java:27)\n\tat io.grpc.stub.ServerCalls$StreamingServerCallHandler$StreamingServerCallListener.onMessage(ServerCalls.java:262)\n\tat io.grpc.ForwardingServerCallListener.onMessage(ForwardingServerCallListener.java:33)\n\tat io.grpc.Contexts$ContextualizedServerCallListener.onMessage(Contexts.java:76)\n\tat io.grpc.ForwardingServerCallListener.onMessage(ForwardingServerCallListener.java:33)\n\tat io.grpc.Contexts$ContextualizedServerCallListener.onMessage(Contexts.java:76)\n\tat io.grpc.internal.ServerCallImpl$ServerStreamListenerImpl.messagesAvailableInternal(ServerCallImpl.java:334)\n\tat io.grpc.internal.ServerCallImpl$ServerStreamListenerImpl.messagesAvailable(ServerCallImpl.java:319)\n\tat io.grpc.internal.ServerImpl$JumpToApplicationThreadServerStreamListener$1MessagesAvailable.runInContext(ServerImpl.java:834)\n\tat io.grpc.internal.ContextRunnable.run(ContextRunnable.java:37)\n\tat io.grpc.internal.SerializingExecutor.run(SerializingExecutor.java:133)\n\tat java.base/java.util.concurrent.ThreadPoolExecutor.runWorker(ThreadPoolExecutor.java:1144)\n\tat java.base/java.util.concurrent.ThreadPoolExecutor$Worker.run(ThreadPoolExecutor.java:642)\n\tat java.base/java.lang.Thread.run(Thread.java:1583)\n\n"}}
[debug] [2026-09-15T14:11:52.329Z] Sep 15, 2026 9:11:52 AM io.gapi.emulators.netty.HttpVersionRoutingHandler channelRead
INFO: Detected non-HTTP/2 connection.
 {"metadata":{"emulator":{"name":"firestore"},"message":"Sep 15, 2026 9:11:52 AM io.gapi.emulators.netty.HttpVersionRoutingHandler channelRead\nINFO: Detected non-HTTP/2 connection.\n"}}
[debug] [2026-09-15T14:11:52.334Z] Sep 15, 2026 9:11:52 AM io.gapi.emulators.netty.HttpVersionRoutingHandler channelRead
INFO: Detected non-HTTP/2 connection.
 {"metadata":{"emulator":{"name":"firestore"},"message":"Sep 15, 2026 9:11:52 AM io.gapi.emulators.netty.HttpVersionRoutingHandler channelRead\nINFO: Detected non-HTTP/2 connection.\n"}}
[debug] [2026-09-15T14:11:52.336Z] Multiple projectIds are not recommended in single project mode. Requested project ID demo-not-the-rug-storage-rules, but the emulator is configured for demo-not-the-rug. To opt-out of single project mode add/set the '"singleProjectMode": false' property in the firebase.json emulators config.
 {"metadata":{"emulator":{"name":"firestore"},"message":"Multiple projectIds are not recommended in single project mode. Requested project ID demo-not-the-rug-storage-rules, but the emulator is configured for demo-not-the-rug. To opt-out of single project mode add/set the '\"singleProjectMode\": false' property in the firebase.json emulators config.\n"}}
[debug] [2026-09-15T14:12:05.124Z] Sep 15, 2026 9:12:05 AM io.gapi.emulators.netty.HttpVersionRoutingHandler channelRead
INFO: Detected non-HTTP/2 connection.
 {"metadata":{"emulator":{"name":"firestore"},"message":"Sep 15, 2026 9:12:05 AM io.gapi.emulators.netty.HttpVersionRoutingHandler channelRead\nINFO: Detected non-HTTP/2 connection.\n"}}
[debug] [2026-09-15T14:12:05.129Z] Sep 15, 2026 9:12:05 AM io.gapi.emulators.netty.HttpVersionRoutingHandler channelRead
INFO: Detected non-HTTP/2 connection.
 {"metadata":{"emulator":{"name":"firestore"},"message":"Sep 15, 2026 9:12:05 AM io.gapi.emulators.netty.HttpVersionRoutingHandler channelRead\nINFO: Detected non-HTTP/2 connection.\n"}}
[debug] [2026-09-15T14:12:05.131Z] Multiple projectIds are not recommended in single project mode. Requested project ID demo-not-the-rug-firestore-rules, but the emulator is configured for demo-not-the-rug. To opt-out of single project mode add/set the '"singleProjectMode": false' property in the firebase.json emulators config.
 {"metadata":{"emulator":{"name":"firestore"},"message":"Multiple projectIds are not recommended in single project mode. Requested project ID demo-not-the-rug-firestore-rules, but the emulator is configured for demo-not-the-rug. To opt-out of single project mode add/set the '\"singleProjectMode\": false' property in the firebase.json emulators config.\n"}}
[debug] [2026-09-15T14:12:05.172Z] Sep 15, 2026 9:12:05 AM io.gapi.emulators.netty.HttpVersionRoutingHandler channelRead
INFO: Detected HTTP/2 connection.
 {"metadata":{"emulator":{"name":"firestore"},"message":"Sep 15, 2026 9:12:05 AM io.gapi.emulators.netty.HttpVersionRoutingHandler channelRead\nINFO: Detected HTTP/2 connection.\n"}}
[debug] [2026-09-15T14:12:05.173Z] Multiple projectIds are not recommended in single project mode. Requested project ID demo-not-the-rug-firestore-rules, but the emulator is configured for demo-not-the-rug. To opt-out of single project mode add/set the '"singleProjectMode": false' property in the firebase.json emulators config.
 {"metadata":{"emulator":{"name":"firestore"},"message":"Multiple projectIds are not recommended in single project mode. Requested project ID demo-not-the-rug-firestore-rules, but the emulator is configured for demo-not-the-rug. To opt-out of single project mode add/set the '\"singleProjectMode\": false' property in the firebase.json emulators config.\n"}}
[debug] [2026-09-15T14:12:05.188Z] Multiple projectIds are not recommended in single project mode. Requested project ID demo-not-the-rug-firestore-rules, but the emulator is configured for demo-not-the-rug. To opt-out of single project mode add/set the '"singleProjectMode": false' property in the firebase.json emulators config.
 {"metadata":{"emulator":{"name":"firestore"},"message":"Multiple projectIds are not recommended in single project mode. Requested project ID demo-not-the-rug-firestore-rules, but the emulator is configured for demo-not-the-rug. To opt-out of single project mode add/set the '\"singleProjectMode\": false' property in the firebase.json emulators config.\n"}}
[debug] [2026-09-15T14:12:05.199Z] Multiple projectIds are not recommended in single project mode. Requested project ID demo-not-the-rug-firestore-rules, but the emulator is configured for demo-not-the-rug. To opt-out of single project mode add/set the '"singleProjectMode": false' property in the firebase.json emulators config.
 {"metadata":{"emulator":{"name":"firestore"},"message":"Multiple projectIds are not recommended in single project mode. Requested project ID demo-not-the-rug-firestore-rules, but the emulator is configured for demo-not-the-rug. To opt-out of single project mode add/set the '\"singleProjectMode\": false' property in the firebase.json emulators config.\n"}}
[debug] [2026-09-15T14:12:05.209Z] Multiple projectIds are not recommended in single project mode. Requested project ID demo-not-the-rug-firestore-rules, but the emulator is configured for demo-not-the-rug. To opt-out of single project mode add/set the '"singleProjectMode": false' property in the firebase.json emulators config.
 {"metadata":{"emulator":{"name":"firestore"},"message":"Multiple projectIds are not recommended in single project mode. Requested project ID demo-not-the-rug-firestore-rules, but the emulator is configured for demo-not-the-rug. To opt-out of single project mode add/set the '\"singleProjectMode\": false' property in the firebase.json emulators config.\n"}}
[debug] [2026-09-15T14:12:05.221Z] Multiple projectIds are not recommended in single project mode. Requested project ID demo-not-the-rug-firestore-rules, but the emulator is configured for demo-not-the-rug. To opt-out of single project mode add/set the '"singleProjectMode": false' property in the firebase.json emulators config.
 {"metadata":{"emulator":{"name":"firestore"},"message":"Multiple projectIds are not recommended in single project mode. Requested project ID demo-not-the-rug-firestore-rules, but the emulator is configured for demo-not-the-rug. To opt-out of single project mode add/set the '\"singleProjectMode\": false' property in the firebase.json emulators config.\n"}}
[debug] [2026-09-15T14:12:05.225Z] Sep 15, 2026 9:12:05 AM com.google.cloud.datastore.emulator.impl.util.WrappedStreamObserver onError
WARNING: Operation failed: 
false for 'create' @ L19, false for 'create' @ L49, false for 'update' @ L19, false for 'update' @ L49
com.google.cloud.datastore.core.exception.DatastoreException: 
false for 'create' @ L19, false for 'create' @ L49, false for 'update' @ L19, false for 'update' @ L49
	at com.google.cloud.datastore.core.exception.DatastoreException$Builder.build(DatastoreException.java:152)
	at com.google.cloud.datastore.emulator.impl.rules.DefaultEmulatorRulesAuthorizer.verboseError(DefaultEmulatorRulesAuthorizer.java:349)
	at com.google.cloud.datastore.emulator.impl.rules.DefaultEmulatorRulesAuthorizer.withVerboseErrors(DefaultEmulatorRulesAuthorizer.java:326)
	at com.google.cloud.datastore.emulator.impl.rules.DefaultEmulatorRulesAuthorizer.checkCommit(DefaultEmulatorRulesAuthorizer.java:114)
	at com.google.cloud.datastore.emulator.impl.firestore.FirestoreEmulatorHelper.commitHelper(FirestoreEmulatorHelper.java:385)
	at com.google.cloud.datastore.emulator.impl.firestore.FirestoreEmulatorHelper.internalCommit(FirestoreEmulatorHelper.java:339)
	at com.google.cloud.datastore.emulator.impl.firestore.CloudFirestoreV1.internalCommit(CloudFirestoreV1.java:1243)
	at com.google.cloud.datastore.emulator.impl.firestore.CloudFirestoreV1.write(CloudFirestoreV1.java:1231)
	at com.google.cloud.datastore.emulator.impl.firestore.CloudFirestoreV1WriteStream.handleRequest(CloudFirestoreV1WriteStream.java:222)
	at com.google.cloud.datastore.emulator.impl.firestore.CloudFirestoreV1WriteStream.write(CloudFirestoreV1WriteStream.java:144)
	at com.google.cloud.datastore.emulator.impl.firestore.CloudFirestoreV1WriteStream.onNext(CloudFirestoreV1WriteStream.java:99)
	at com.google.cloud.datastore.emulator.impl.firestore.CloudFirestoreV1WriteStream.onNext(CloudFirestoreV1WriteStream.java:27)
	at io.grpc.stub.ServerCalls$StreamingServerCallHandler$StreamingServerCallListener.onMessage(ServerCalls.java:262)
	at io.grpc.ForwardingServerCallListener.onMessage(ForwardingServerCallListener.java:33)
	at io.grpc.Contexts$ContextualizedServerCallListener.onMessage(Contexts.java:76)
	at io.grpc.ForwardingServerCallListener.onMessage(ForwardingServerCallListener.java:33)
	at io.grpc.Contexts$ContextualizedServerCallListener.onMessage(Contexts.java:76)
	at io.grpc.internal.ServerCallImpl$ServerStreamListenerImpl.messagesAvailableInternal(ServerCallImpl.java:334)
	at io.grpc.internal.ServerCallImpl$ServerStreamListenerImpl.messagesAvailable(ServerCallImpl.java:319)
	at io.grpc.internal.ServerImpl$JumpToApplicationThreadServerStreamListener$1MessagesAvailable.runInContext(ServerImpl.java:834)
	at io.grpc.internal.ContextRunnable.run(ContextRunnable.java:37)
	at io.grpc.internal.SerializingExecutor.run(SerializingExecutor.java:133)
	at java.base/java.util.concurrent.ThreadPoolExecutor.runWorker(ThreadPoolExecutor.java:1144)
	at java.base/java.util.concurrent.ThreadPoolExecutor$Worker.run(ThreadPoolExecutor.java:642)
	at java.base/java.lang.Thread.run(Thread.java:1583)

 {"metadata":{"emulator":{"name":"firestore"},"message":"Sep 15, 2026 9:12:05 AM com.google.cloud.datastore.emulator.impl.util.WrappedStreamObserver onError\nWARNING: Operation failed: \nfalse for 'create' @ L19, false for 'create' @ L49, false for 'update' @ L19, false for 'update' @ L49\ncom.google.cloud.datastore.core.exception.DatastoreException: \nfalse for 'create' @ L19, false for 'create' @ L49, false for 'update' @ L19, false for 'update' @ L49\n\tat com.google.cloud.datastore.core.exception.DatastoreException$Builder.build(DatastoreException.java:152)\n\tat com.google.cloud.datastore.emulator.impl.rules.DefaultEmulatorRulesAuthorizer.verboseError(DefaultEmulatorRulesAuthorizer.java:349)\n\tat com.google.cloud.datastore.emulator.impl.rules.DefaultEmulatorRulesAuthorizer.withVerboseErrors(DefaultEmulatorRulesAuthorizer.java:326)\n\tat com.google.cloud.datastore.emulator.impl.rules.DefaultEmulatorRulesAuthorizer.checkCommit(DefaultEmulatorRulesAuthorizer.java:114)\n\tat com.google.cloud.datastore.emulator.impl.firestore.FirestoreEmulatorHelper.commitHelper(FirestoreEmulatorHelper.java:385)\n\tat com.google.cloud.datastore.emulator.impl.firestore.FirestoreEmulatorHelper.internalCommit(FirestoreEmulatorHelper.java:339)\n\tat com.google.cloud.datastore.emulator.impl.firestore.CloudFirestoreV1.internalCommit(CloudFirestoreV1.java:1243)\n\tat com.google.cloud.datastore.emulator.impl.firestore.CloudFirestoreV1.write(CloudFirestoreV1.java:1231)\n\tat com.google.cloud.datastore.emulator.impl.firestore.CloudFirestoreV1WriteStream.handleRequest(CloudFirestoreV1WriteStream.java:222)\n\tat com.google.cloud.datastore.emulator.impl.firestore.CloudFirestoreV1WriteStream.write(CloudFirestoreV1WriteStream.java:144)\n\tat com.google.cloud.datastore.emulator.impl.firestore.CloudFirestoreV1WriteStream.onNext(CloudFirestoreV1WriteStream.java:99)\n\tat com.google.cloud.datastore.emulator.impl.firestore.CloudFirestoreV1WriteStream.onNext(CloudFirestoreV1WriteStream.java:27)\n\tat io.grpc.stub.ServerCalls$StreamingServerCallHandler$StreamingServerCallListener.onMessage(ServerCalls.java:262)\n\tat io.grpc.ForwardingServerCallListener.onMessage(ForwardingServerCallListener.java:33)\n\tat io.grpc.Contexts$ContextualizedServerCallListener.onMessage(Contexts.java:76)\n\tat io.grpc.ForwardingServerCallListener.onMessage(ForwardingServerCallListener.java:33)\n\tat io.grpc.Contexts$ContextualizedServerCallListener.onMessage(Contexts.java:76)\n\tat io.grpc.internal.ServerCallImpl$ServerStreamListenerImpl.messagesAvailableInternal(ServerCallImpl.java:334)\n\tat io.grpc.internal.ServerCallImpl$ServerStreamListenerImpl.messagesAvailable(ServerCallImpl.java:319)\n\tat io.grpc.internal.ServerImpl$JumpToApplicationThreadServerStreamListener$1MessagesAvailable.runInContext(ServerImpl.java:834)\n\tat io.grpc.internal.ContextRunnable.run(ContextRunnable.java:37)\n\tat io.grpc.internal.SerializingExecutor.run(SerializingExecutor.java:133)\n\tat java.base/java.util.concurrent.ThreadPoolExecutor.runWorker(ThreadPoolExecutor.java:1144)\n\tat java.base/java.util.concurrent.ThreadPoolExecutor$Worker.run(ThreadPoolExecutor.java:642)\n\tat java.base/java.lang.Thread.run(Thread.java:1583)\n\n"}}
[debug] [2026-09-15T14:12:05.233Z] Multiple projectIds are not recommended in single project mode. Requested project ID demo-not-the-rug-firestore-rules, but the emulator is configured for demo-not-the-rug. To opt-out of single project mode add/set the '"singleProjectMode": false' property in the firebase.json emulators config.
 {"metadata":{"emulator":{"name":"firestore"},"message":"Multiple projectIds are not recommended in single project mode. Requested project ID demo-not-the-rug-firestore-rules, but the emulator is configured for demo-not-the-rug. To opt-out of single project mode add/set the '\"singleProjectMode\": false' property in the firebase.json emulators config.\n"}}
[debug] [2026-09-15T14:12:05.244Z] Multiple projectIds are not recommended in single project mode. Requested project ID demo-not-the-rug-firestore-rules, but the emulator is configured for demo-not-the-rug. To opt-out of single project mode add/set the '"singleProjectMode": false' property in the firebase.json emulators config.
 {"metadata":{"emulator":{"name":"firestore"},"message":"Multiple projectIds are not recommended in single project mode. Requested project ID demo-not-the-rug-firestore-rules, but the emulator is configured for demo-not-the-rug. To opt-out of single project mode add/set the '\"singleProjectMode\": false' property in the firebase.json emulators config.\n"}}
[debug] [2026-09-15T14:12:05.254Z] Multiple projectIds are not recommended in single project mode. Requested project ID demo-not-the-rug-firestore-rules, but the emulator is configured for demo-not-the-rug. To opt-out of single project mode add/set the '"singleProjectMode": false' property in the firebase.json emulators config.
 {"metadata":{"emulator":{"name":"firestore"},"message":"Multiple projectIds are not recommended in single project mode. Requested project ID demo-not-the-rug-firestore-rules, but the emulator is configured for demo-not-the-rug. To opt-out of single project mode add/set the '\"singleProjectMode\": false' property in the firebase.json emulators config.\n"}}
[debug] [2026-09-15T14:12:05.263Z] Multiple projectIds are not recommended in single project mode. Requested project ID demo-not-the-rug-firestore-rules, but the emulator is configured for demo-not-the-rug. To opt-out of single project mode add/set the '"singleProjectMode": false' property in the firebase.json emulators config.
 {"metadata":{"emulator":{"name":"firestore"},"message":"Multiple projectIds are not recommended in single project mode. Requested project ID demo-not-the-rug-firestore-rules, but the emulator is configured for demo-not-the-rug. To opt-out of single project mode add/set the '\"singleProjectMode\": false' property in the firebase.json emulators config.\n"}}
[debug] [2026-09-15T14:12:05.273Z] Multiple projectIds are not recommended in single project mode. Requested project ID demo-not-the-rug-firestore-rules, but the emulator is configured for demo-not-the-rug. To opt-out of single project mode add/set the '"singleProjectMode": false' property in the firebase.json emulators config.
 {"metadata":{"emulator":{"name":"firestore"},"message":"Multiple projectIds are not recommended in single project mode. Requested project ID demo-not-the-rug-firestore-rules, but the emulator is configured for demo-not-the-rug. To opt-out of single project mode add/set the '\"singleProjectMode\": false' property in the firebase.json emulators config.\n"}}
[debug] [2026-09-15T14:12:05.276Z] Sep 15, 2026 9:12:05 AM com.google.cloud.datastore.emulator.impl.util.WrappedStreamObserver onError
WARNING: Operation failed: 
false for 'create' @ L25, false for 'create' @ L49, false for 'update' @ L25, false for 'update' @ L49
com.google.cloud.datastore.core.exception.DatastoreException: 
false for 'create' @ L25, false for 'create' @ L49, false for 'update' @ L25, false for 'update' @ L49
	at com.google.cloud.datastore.core.exception.DatastoreException$Builder.build(DatastoreException.java:152)
	at com.google.cloud.datastore.emulator.impl.rules.DefaultEmulatorRulesAuthorizer.verboseError(DefaultEmulatorRulesAuthorizer.java:349)
	at com.google.cloud.datastore.emulator.impl.rules.DefaultEmulatorRulesAuthorizer.withVerboseErrors(DefaultEmulatorRulesAuthorizer.java:326)
	at com.google.cloud.datastore.emulator.impl.rules.DefaultEmulatorRulesAuthorizer.checkCommit(DefaultEmulatorRulesAuthorizer.java:114)
	at com.google.cloud.datastore.emulator.impl.firestore.FirestoreEmulatorHelper.commitHelper(FirestoreEmulatorHelper.java:385)
	at com.google.cloud.datastore.emulator.impl.firestore.FirestoreEmulatorHelper.internalCommit(FirestoreEmulatorHelper.java:339)
	at com.google.cloud.datastore.emulator.impl.firestore.CloudFirestoreV1.internalCommit(CloudFirestoreV1.java:1243)
	at com.google.cloud.datastore.emulator.impl.firestore.CloudFirestoreV1.write(CloudFirestoreV1.java:1231)
	at com.google.cloud.datastore.emulator.impl.firestore.CloudFirestoreV1WriteStream.handleRequest(CloudFirestoreV1WriteStream.java:222)
	at com.google.cloud.datastore.emulator.impl.firestore.CloudFirestoreV1WriteStream.write(CloudFirestoreV1WriteStream.java:144)
	at com.google.cloud.datastore.emulator.impl.firestore.CloudFirestoreV1WriteStream.onNext(CloudFirestoreV1WriteStream.java:99)
	at com.google.cloud.datastore.emulator.impl.firestore.CloudFirestoreV1WriteStream.onNext(CloudFirestoreV1WriteStream.java:27)
	at io.grpc.stub.ServerCalls$StreamingServerCallHandler$StreamingServerCallListener.onMessage(ServerCalls.java:262)
	at io.grpc.ForwardingServerCallListener.onMessage(ForwardingServerCallListener.java:33)
	at io.grpc.Contexts$ContextualizedServerCallListener.onMessage(Contexts.java:76)
	at io.grpc.ForwardingServerCallListener.onMessage(ForwardingServerCallListener.java:33)
	at io.grpc.Contexts$ContextualizedServerCallListener.onMessage(Contexts.java:76)
	at io.grpc.internal.ServerCallImpl$ServerStreamListenerImpl.messagesAvailableInternal(ServerCallImpl.java:334)
	at io.grpc.internal.ServerCallImpl$ServerStreamListenerImpl.messagesAvailable(ServerCallImpl.java:319)
	at io.grpc.internal.ServerImpl$JumpToApplicationThreadServerStreamListener$1MessagesAvailable.runInContext(ServerImpl.java:834)
	at io.grpc.internal.ContextRunnable.run(ContextRunnable.java:37)
	at io.grpc.internal.SerializingExecutor.run(SerializingExecutor.java:133)
	at java.base/java.util.concurrent.ThreadPoolExecutor.runWorker(ThreadPoolExecutor.java:1144)
	at java.base/java.util.concurrent.ThreadPoolExecutor$Worker.run(ThreadPoolExecutor.java:642)
	at java.base/java.lang.Thread.run(Thread.java:1583)

 {"metadata":{"emulator":{"name":"firestore"},"message":"Sep 15, 2026 9:12:05 AM com.google.cloud.datastore.emulator.impl.util.WrappedStreamObserver onError\nWARNING: Operation failed: \nfalse for 'create' @ L25, false for 'create' @ L49, false for 'update' @ L25, false for 'update' @ L49\ncom.google.cloud.datastore.core.exception.DatastoreException: \nfalse for 'create' @ L25, false for 'create' @ L49, false for 'update' @ L25, false for 'update' @ L49\n\tat com.google.cloud.datastore.core.exception.DatastoreException$Builder.build(DatastoreException.java:152)\n\tat com.google.cloud.datastore.emulator.impl.rules.DefaultEmulatorRulesAuthorizer.verboseError(DefaultEmulatorRulesAuthorizer.java:349)\n\tat com.google.cloud.datastore.emulator.impl.rules.DefaultEmulatorRulesAuthorizer.withVerboseErrors(DefaultEmulatorRulesAuthorizer.java:326)\n\tat com.google.cloud.datastore.emulator.impl.rules.DefaultEmulatorRulesAuthorizer.checkCommit(DefaultEmulatorRulesAuthorizer.java:114)\n\tat com.google.cloud.datastore.emulator.impl.firestore.FirestoreEmulatorHelper.commitHelper(FirestoreEmulatorHelper.java:385)\n\tat com.google.cloud.datastore.emulator.impl.firestore.FirestoreEmulatorHelper.internalCommit(FirestoreEmulatorHelper.java:339)\n\tat com.google.cloud.datastore.emulator.impl.firestore.CloudFirestoreV1.internalCommit(CloudFirestoreV1.java:1243)\n\tat com.google.cloud.datastore.emulator.impl.firestore.CloudFirestoreV1.write(CloudFirestoreV1.java:1231)\n\tat com.google.cloud.datastore.emulator.impl.firestore.CloudFirestoreV1WriteStream.handleRequest(CloudFirestoreV1WriteStream.java:222)\n\tat com.google.cloud.datastore.emulator.impl.firestore.CloudFirestoreV1WriteStream.write(CloudFirestoreV1WriteStream.java:144)\n\tat com.google.cloud.datastore.emulator.impl.firestore.CloudFirestoreV1WriteStream.onNext(CloudFirestoreV1WriteStream.java:99)\n\tat com.google.cloud.datastore.emulator.impl.firestore.CloudFirestoreV1WriteStream.onNext(CloudFirestoreV1WriteStream.java:27)\n\tat io.grpc.stub.ServerCalls$StreamingServerCallHandler$StreamingServerCallListener.onMessage(ServerCalls.java:262)\n\tat io.grpc.ForwardingServerCallListener.onMessage(ForwardingServerCallListener.java:33)\n\tat io.grpc.Contexts$ContextualizedServerCallListener.onMessage(Contexts.java:76)\n\tat io.grpc.ForwardingServerCallListener.onMessage(ForwardingServerCallListener.java:33)\n\tat io.grpc.Contexts$ContextualizedServerCallListener.onMessage(Contexts.java:76)\n\tat io.grpc.internal.ServerCallImpl$ServerStreamListenerImpl.messagesAvailableInternal(ServerCallImpl.java:334)\n\tat io.grpc.internal.ServerCallImpl$ServerStreamListenerImpl.messagesAvailable(ServerCallImpl.java:319)\n\tat io.grpc.internal.ServerImpl$JumpToApplicationThreadServerStreamListener$1MessagesAvailable.runInContext(ServerImpl.java:834)\n\tat io.grpc.internal.ContextRunnable.run(ContextRunnable.java:37)\n\tat io.grpc.internal.SerializingExecutor.run(SerializingExecutor.java:133)\n\tat java.base/java.util.concurrent.ThreadPoolExecutor.runWorker(ThreadPoolExecutor.java:1144)\n\tat java.base/java.util.concurrent.ThreadPoolExecutor$Worker.run(ThreadPoolExecutor.java:642)\n\tat java.base/java.lang.Thread.run(Thread.java:1583)\n\n"}}
[debug] [2026-09-15T14:12:05.588Z] Sep 15, 2026 9:12:05 AM io.gapi.emulators.netty.HttpVersionRoutingHandler channelRead
INFO: Detected non-HTTP/2 connection.
 {"metadata":{"emulator":{"name":"firestore"},"message":"Sep 15, 2026 9:12:05 AM io.gapi.emulators.netty.HttpVersionRoutingHandler channelRead\nINFO: Detected non-HTTP/2 connection.\n"}}
[debug] [2026-09-15T14:12:05.592Z] Sep 15, 2026 9:12:05 AM io.gapi.emulators.netty.HttpVersionRoutingHandler channelRead
INFO: Detected non-HTTP/2 connection.
 {"metadata":{"emulator":{"name":"firestore"},"message":"Sep 15, 2026 9:12:05 AM io.gapi.emulators.netty.HttpVersionRoutingHandler channelRead\nINFO: Detected non-HTTP/2 connection.\n"}}
[debug] [2026-09-15T14:12:05.594Z] Multiple projectIds are not recommended in single project mode. Requested project ID demo-not-the-rug-storage-rules, but the emulator is configured for demo-not-the-rug. To opt-out of single project mode add/set the '"singleProjectMode": false' property in the firebase.json emulators config.
 {"metadata":{"emulator":{"name":"firestore"},"message":"Multiple projectIds are not recommended in single project mode. Requested project ID demo-not-the-rug-storage-rules, but the emulator is configured for demo-not-the-rug. To opt-out of single project mode add/set the '\"singleProjectMode\": false' property in the firebase.json emulators config.\n"}}
[debug] [2026-09-15T14:12:12.411Z] Sep 15, 2026 9:12:12 AM io.gapi.emulators.netty.HttpVersionRoutingHandler channelRead
INFO: Detected non-HTTP/2 connection.
 {"metadata":{"emulator":{"name":"firestore"},"message":"Sep 15, 2026 9:12:12 AM io.gapi.emulators.netty.HttpVersionRoutingHandler channelRead\nINFO: Detected non-HTTP/2 connection.\n"}}
[debug] [2026-09-15T14:12:12.417Z] Multiple projectIds are not recommended in single project mode. Requested project ID demo-not-the-rug-firestore-rules, but the emulator is configured for demo-not-the-rug. To opt-out of single project mode add/set the '"singleProjectMode": false' property in the firebase.json emulators config.
 {"metadata":{"emulator":{"name":"firestore"},"message":"Multiple projectIds are not recommended in single project mode. Requested project ID demo-not-the-rug-firestore-rules, but the emulator is configured for demo-not-the-rug. To opt-out of single project mode add/set the '\"singleProjectMode\": false' property in the firebase.json emulators config.\n"}}
[debug] [2026-09-15T14:12:12.459Z] Sep 15, 2026 9:12:12 AM io.gapi.emulators.netty.HttpVersionRoutingHandler channelRead
INFO: Detected HTTP/2 connection.
 {"metadata":{"emulator":{"name":"firestore"},"message":"Sep 15, 2026 9:12:12 AM io.gapi.emulators.netty.HttpVersionRoutingHandler channelRead\nINFO: Detected HTTP/2 connection.\n"}}
[debug] [2026-09-15T14:12:12.460Z] Multiple projectIds are not recommended in single project mode. Requested project ID demo-not-the-rug-firestore-rules, but the emulator is configured for demo-not-the-rug. To opt-out of single project mode add/set the '"singleProjectMode": false' property in the firebase.json emulators config.
 {"metadata":{"emulator":{"name":"firestore"},"message":"Multiple projectIds are not recommended in single project mode. Requested project ID demo-not-the-rug-firestore-rules, but the emulator is configured for demo-not-the-rug. To opt-out of single project mode add/set the '\"singleProjectMode\": false' property in the firebase.json emulators config.\n"}}
[debug] [2026-09-15T14:12:12.474Z] Multiple projectIds are not recommended in single project mode. Requested project ID demo-not-the-rug-firestore-rules, but the emulator is configured for demo-not-the-rug. To opt-out of single project mode add/set the '"singleProjectMode": false' property in the firebase.json emulators config.
 {"metadata":{"emulator":{"name":"firestore"},"message":"Multiple projectIds are not recommended in single project mode. Requested project ID demo-not-the-rug-firestore-rules, but the emulator is configured for demo-not-the-rug. To opt-out of single project mode add/set the '\"singleProjectMode\": false' property in the firebase.json emulators config.\n"}}
[debug] [2026-09-15T14:12:12.485Z] Multiple projectIds are not recommended in single project mode. Requested project ID demo-not-the-rug-firestore-rules, but the emulator is configured for demo-not-the-rug. To opt-out of single project mode add/set the '"singleProjectMode": false' property in the firebase.json emulators config.
 {"metadata":{"emulator":{"name":"firestore"},"message":"Multiple projectIds are not recommended in single project mode. Requested project ID demo-not-the-rug-firestore-rules, but the emulator is configured for demo-not-the-rug. To opt-out of single project mode add/set the '\"singleProjectMode\": false' property in the firebase.json emulators config.\n"}}
[debug] [2026-09-15T14:12:12.493Z] Multiple projectIds are not recommended in single project mode. Requested project ID demo-not-the-rug-firestore-rules, but the emulator is configured for demo-not-the-rug. To opt-out of single project mode add/set the '"singleProjectMode": false' property in the firebase.json emulators config.
 {"metadata":{"emulator":{"name":"firestore"},"message":"Multiple projectIds are not recommended in single project mode. Requested project ID demo-not-the-rug-firestore-rules, but the emulator is configured for demo-not-the-rug. To opt-out of single project mode add/set the '\"singleProjectMode\": false' property in the firebase.json emulators config.\n"}}
[debug] [2026-09-15T14:12:12.505Z] Multiple projectIds are not recommended in single project mode. Requested project ID demo-not-the-rug-firestore-rules, but the emulator is configured for demo-not-the-rug. To opt-out of single project mode add/set the '"singleProjectMode": false' property in the firebase.json emulators config.
 {"metadata":{"emulator":{"name":"firestore"},"message":"Multiple projectIds are not recommended in single project mode. Requested project ID demo-not-the-rug-firestore-rules, but the emulator is configured for demo-not-the-rug. To opt-out of single project mode add/set the '\"singleProjectMode\": false' property in the firebase.json emulators config.\n"}}
[debug] [2026-09-15T14:12:12.509Z] Sep 15, 2026 9:12:12 AM com.google.cloud.datastore.emulator.impl.util.WrappedStreamObserver onError
WARNING: Operation failed: 
false for 'create' @ L19, false for 'create' @ L49, false for 'update' @ L19, false for 'update' @ L49
com.google.cloud.datastore.core.exception.DatastoreException: 
false for 'create' @ L19, false for 'create' @ L49, false for 'update' @ L19, false for 'update' @ L49
	at com.google.cloud.datastore.core.exception.DatastoreException$Builder.build(DatastoreException.java:152)
	at com.google.cloud.datastore.emulator.impl.rules.DefaultEmulatorRulesAuthorizer.verboseError(DefaultEmulatorRulesAuthorizer.java:349)
	at com.google.cloud.datastore.emulator.impl.rules.DefaultEmulatorRulesAuthorizer.withVerboseErrors(DefaultEmulatorRulesAuthorizer.java:326)
	at com.google.cloud.datastore.emulator.impl.rules.DefaultEmulatorRulesAuthorizer.checkCommit(DefaultEmulatorRulesAuthorizer.java:114)
	at com.google.cloud.datastore.emulator.impl.firestore.FirestoreEmulatorHelper.commitHelper(FirestoreEmulatorHelper.java:385)
	at com.google.cloud.datastore.emulator.impl.firestore.FirestoreEmulatorHelper.internalCommit(FirestoreEmulatorHelper.java:339)
	at com.google.cloud.datastore.emulator.impl.firestore.CloudFirestoreV1.internalCommit(CloudFirestoreV1.java:1243)
	at com.google.cloud.datastore.emulator.impl.firestore.CloudFirestoreV1.write(CloudFirestoreV1.java:1231)
	at com.google.cloud.datastore.emulator.impl.firestore.CloudFirestoreV1WriteStream.handleRequest(CloudFirestoreV1WriteStream.java:222)
	at com.google.cloud.datastore.emulator.impl.firestore.CloudFirestoreV1WriteStream.write(CloudFirestoreV1WriteStream.java:144)
	at com.google.cloud.datastore.emulator.impl.firestore.CloudFirestoreV1WriteStream.onNext(CloudFirestoreV1WriteStream.java:99)
	at com.google.cloud.datastore.emulator.impl.firestore.CloudFirestoreV1WriteStream.onNext(CloudFirestoreV1WriteStream.java:27)
	at io.grpc.stub.ServerCalls$StreamingServerCallHandler$StreamingServerCallListener.onMessage(ServerCalls.java:262)
	at io.grpc.ForwardingServerCallListener.onMessage(ForwardingServerCallListener.java:33)
	at io.grpc.Contexts$ContextualizedServerCallListener.onMessage(Contexts.java:76)
	at io.grpc.ForwardingServerCallListener.onMessage(ForwardingServerCallListener.java:33)
	at io.grpc.Contexts$ContextualizedServerCallListener.onMessage(Contexts.java:76)
	at io.grpc.internal.ServerCallImpl$ServerStreamListenerImpl.messagesAvailableInternal(ServerCallImpl.java:334)
	at io.grpc.internal.ServerCallImpl$ServerStreamListenerImpl.messagesAvailable(ServerCallImpl.java:319)
	at io.grpc.internal.ServerImpl$JumpToApplicationThreadServerStreamListener$1MessagesAvailable.runInContext(ServerImpl.java:834)
	at io.grpc.internal.ContextRunnable.run(ContextRunnable.java:37)
	at io.grpc.internal.SerializingExecutor.run(SerializingExecutor.java:133)
	at java.base/java.util.concurrent.ThreadPoolExecutor.runWorker(ThreadPoolExecutor.java:1144)
	at java.base/java.util.concurrent.ThreadPoolExecutor$Worker.run(ThreadPoolExecutor.java:642)
	at java.base/java.lang.Thread.run(Thread.java:1583)

 {"metadata":{"emulator":{"name":"firestore"},"message":"Sep 15, 2026 9:12:12 AM com.google.cloud.datastore.emulator.impl.util.WrappedStreamObserver onError\nWARNING: Operation failed: \nfalse for 'create' @ L19, false for 'create' @ L49, false for 'update' @ L19, false for 'update' @ L49\ncom.google.cloud.datastore.core.exception.DatastoreException: \nfalse for 'create' @ L19, false for 'create' @ L49, false for 'update' @ L19, false for 'update' @ L49\n\tat com.google.cloud.datastore.core.exception.DatastoreException$Builder.build(DatastoreException.java:152)\n\tat com.google.cloud.datastore.emulator.impl.rules.DefaultEmulatorRulesAuthorizer.verboseError(DefaultEmulatorRulesAuthorizer.java:349)\n\tat com.google.cloud.datastore.emulator.impl.rules.DefaultEmulatorRulesAuthorizer.withVerboseErrors(DefaultEmulatorRulesAuthorizer.java:326)\n\tat com.google.cloud.datastore.emulator.impl.rules.DefaultEmulatorRulesAuthorizer.checkCommit(DefaultEmulatorRulesAuthorizer.java:114)\n\tat com.google.cloud.datastore.emulator.impl.firestore.FirestoreEmulatorHelper.commitHelper(FirestoreEmulatorHelper.java:385)\n\tat com.google.cloud.datastore.emulator.impl.firestore.FirestoreEmulatorHelper.internalCommit(FirestoreEmulatorHelper.java:339)\n\tat com.google.cloud.datastore.emulator.impl.firestore.CloudFirestoreV1.internalCommit(CloudFirestoreV1.java:1243)\n\tat com.google.cloud.datastore.emulator.impl.firestore.CloudFirestoreV1.write(CloudFirestoreV1.java:1231)\n\tat com.google.cloud.datastore.emulator.impl.firestore.CloudFirestoreV1WriteStream.handleRequest(CloudFirestoreV1WriteStream.java:222)\n\tat com.google.cloud.datastore.emulator.impl.firestore.CloudFirestoreV1WriteStream.write(CloudFirestoreV1WriteStream.java:144)\n\tat com.google.cloud.datastore.emulator.impl.firestore.CloudFirestoreV1WriteStream.onNext(CloudFirestoreV1WriteStream.java:99)\n\tat com.google.cloud.datastore.emulator.impl.firestore.CloudFirestoreV1WriteStream.onNext(CloudFirestoreV1WriteStream.java:27)\n\tat io.grpc.stub.ServerCalls$StreamingServerCallHandler$StreamingServerCallListener.onMessage(ServerCalls.java:262)\n\tat io.grpc.ForwardingServerCallListener.onMessage(ForwardingServerCallListener.java:33)\n\tat io.grpc.Contexts$ContextualizedServerCallListener.onMessage(Contexts.java:76)\n\tat io.grpc.ForwardingServerCallListener.onMessage(ForwardingServerCallListener.java:33)\n\tat io.grpc.Contexts$ContextualizedServerCallListener.onMessage(Contexts.java:76)\n\tat io.grpc.internal.ServerCallImpl$ServerStreamListenerImpl.messagesAvailableInternal(ServerCallImpl.java:334)\n\tat io.grpc.internal.ServerCallImpl$ServerStreamListenerImpl.messagesAvailable(ServerCallImpl.java:319)\n\tat io.grpc.internal.ServerImpl$JumpToApplicationThreadServerStreamListener$1MessagesAvailable.runInContext(ServerImpl.java:834)\n\tat io.grpc.internal.ContextRunnable.run(ContextRunnable.java:37)\n\tat io.grpc.internal.SerializingExecutor.run(SerializingExecutor.java:133)\n\tat java.base/java.util.concurrent.ThreadPoolExecutor.runWorker(ThreadPoolExecutor.java:1144)\n\tat java.base/java.util.concurrent.ThreadPoolExecutor$Worker.run(ThreadPoolExecutor.java:642)\n\tat java.base/java.lang.Thread.run(Thread.java:1583)\n\n"}}
[debug] [2026-09-15T14:12:12.516Z] Multiple projectIds are not recommended in single project mode. Requested project ID demo-not-the-rug-firestore-rules, but the emulator is configured for demo-not-the-rug. To opt-out of single project mode add/set the '"singleProjectMode": false' property in the firebase.json emulators config.
 {"metadata":{"emulator":{"name":"firestore"},"message":"Multiple projectIds are not recommended in single project mode. Requested project ID demo-not-the-rug-firestore-rules, but the emulator is configured for demo-not-the-rug. To opt-out of single project mode add/set the '\"singleProjectMode\": false' property in the firebase.json emulators config.\n"}}
[debug] [2026-09-15T14:12:12.526Z] Multiple projectIds are not recommended in single project mode. Requested project ID demo-not-the-rug-firestore-rules, but the emulator is configured for demo-not-the-rug. To opt-out of single project mode add/set the '"singleProjectMode": false' property in the firebase.json emulators config.
 {"metadata":{"emulator":{"name":"firestore"},"message":"Multiple projectIds are not recommended in single project mode. Requested project ID demo-not-the-rug-firestore-rules, but the emulator is configured for demo-not-the-rug. To opt-out of single project mode add/set the '\"singleProjectMode\": false' property in the firebase.json emulators config.\n"}}
[debug] [2026-09-15T14:12:12.535Z] Multiple projectIds are not recommended in single project mode. Requested project ID demo-not-the-rug-firestore-rules, but the emulator is configured for demo-not-the-rug. To opt-out of single project mode add/set the '"singleProjectMode": false' property in the firebase.json emulators config.
 {"metadata":{"emulator":{"name":"firestore"},"message":"Multiple projectIds are not recommended in single project mode. Requested project ID demo-not-the-rug-firestore-rules, but the emulator is configured for demo-not-the-rug. To opt-out of single project mode add/set the '\"singleProjectMode\": false' property in the firebase.json emulators config.\n"}}
[debug] [2026-09-15T14:12:12.543Z] Multiple projectIds are not recommended in single project mode. Requested project ID demo-not-the-rug-firestore-rules, but the emulator is configured for demo-not-the-rug. To opt-out of single project mode add/set the '"singleProjectMode": false' property in the firebase.json emulators config.
 {"metadata":{"emulator":{"name":"firestore"},"message":"Multiple projectIds are not recommended in single project mode. Requested project ID demo-not-the-rug-firestore-rules, but the emulator is configured for demo-not-the-rug. To opt-out of single project mode add/set the '\"singleProjectMode\": false' property in the firebase.json emulators config.\n"}}
[debug] [2026-09-15T14:12:12.553Z] Multiple projectIds are not recommended in single project mode. Requested project ID demo-not-the-rug-firestore-rules, but the emulator is configured for demo-not-the-rug. To opt-out of single project mode add/set the '"singleProjectMode": false' property in the firebase.json emulators config.
 {"metadata":{"emulator":{"name":"firestore"},"message":"Multiple projectIds are not recommended in single project mode. Requested project ID demo-not-the-rug-firestore-rules, but the emulator is configured for demo-not-the-rug. To opt-out of single project mode add/set the '\"singleProjectMode\": false' property in the firebase.json emulators config.\n"}}
[debug] [2026-09-15T14:12:12.556Z] Sep 15, 2026 9:12:12 AM com.google.cloud.datastore.emulator.impl.util.WrappedStreamObserver onError
WARNING: Operation failed: 
false for 'create' @ L25, false for 'create' @ L49, false for 'update' @ L25, false for 'update' @ L49
com.google.cloud.datastore.core.exception.DatastoreException: 
false for 'create' @ L25, false for 'create' @ L49, false for 'update' @ L25, false for 'update' @ L49
	at com.google.cloud.datastore.core.exception.DatastoreException$Builder.build(DatastoreException.java:152)
	at com.google.cloud.datastore.emulator.impl.rules.DefaultEmulatorRulesAuthorizer.verboseError(DefaultEmulatorRulesAuthorizer.java:349)
	at com.google.cloud.datastore.emulator.impl.rules.DefaultEmulatorRulesAuthorizer.withVerboseErrors(DefaultEmulatorRulesAuthorizer.java:326)
	at com.google.cloud.datastore.emulator.impl.rules.DefaultEmulatorRulesAuthorizer.checkCommit(DefaultEmulatorRulesAuthorizer.java:114)
	at com.google.cloud.datastore.emulator.impl.firestore.FirestoreEmulatorHelper.commitHelper(FirestoreEmulatorHelper.java:385)
	at com.google.cloud.datastore.emulator.impl.firestore.FirestoreEmulatorHelper.internalCommit(FirestoreEmulatorHelper.java:339)
	at com.google.cloud.datastore.emulator.impl.firestore.CloudFirestoreV1.internalCommit(CloudFirestoreV1.java:1243)
	at com.google.cloud.datastore.emulator.impl.firestore.CloudFirestoreV1.write(CloudFirestoreV1.java:1231)
	at com.google.cloud.datastore.emulator.impl.firestore.CloudFirestoreV1WriteStream.handleRequest(CloudFirestoreV1WriteStream.java:222)
	at com.google.cloud.datastore.emulator.impl.firestore.CloudFirestoreV1WriteStream.write(CloudFirestoreV1WriteStream.java:144)
	at com.google.cloud.datastore.emulator.impl.firestore.CloudFirestoreV1WriteStream.onNext(CloudFirestoreV1WriteStream.java:99)
	at com.google.cloud.datastore.emulator.impl.firestore.CloudFirestoreV1WriteStream.onNext(CloudFirestoreV1WriteStream.java:27)
	at io.grpc.stub.ServerCalls$StreamingServerCallHandler$StreamingServerCallListener.onMessage(ServerCalls.java:262)
	at io.grpc.ForwardingServerCallListener.onMessage(ForwardingServerCallListener.java:33)
	at io.grpc.Contexts$ContextualizedServerCallListener.onMessage(Contexts.java:76)
	at io.grpc.ForwardingServerCallListener.onMessage(ForwardingServerCallListener.java:33)
	at io.grpc.Contexts$ContextualizedServerCallListener.onMessage(Contexts.java:76)
	at io.grpc.internal.ServerCallImpl$ServerStreamListenerImpl.messagesAvailableInternal(ServerCallImpl.java:334)
	at io.grpc.internal.ServerCallImpl$ServerStreamListenerImpl.messagesAvailable(ServerCallImpl.java:319)
	at io.grpc.internal.ServerImpl$JumpToApplicationThreadServerStreamListener$1MessagesAvailable.runInContext(ServerImpl.java:834)
	at io.grpc.internal.ContextRunnable.run(ContextRunnable.java:37)
	at io.grpc.internal.SerializingExecutor.run(SerializingExecutor.java:133)
	at java.base/java.util.concurrent.ThreadPoolExecutor.runWorker(ThreadPoolExecutor.java:1144)
	at java.base/java.util.concurrent.ThreadPoolExecutor$Worker.run(ThreadPoolExecutor.java:642)
	at java.base/java.lang.Thread.run(Thread.java:1583)

 {"metadata":{"emulator":{"name":"firestore"},"message":"Sep 15, 2026 9:12:12 AM com.google.cloud.datastore.emulator.impl.util.WrappedStreamObserver onError\nWARNING: Operation failed: \nfalse for 'create' @ L25, false for 'create' @ L49, false for 'update' @ L25, false for 'update' @ L49\ncom.google.cloud.datastore.core.exception.DatastoreException: \nfalse for 'create' @ L25, false for 'create' @ L49, false for 'update' @ L25, false for 'update' @ L49\n\tat com.google.cloud.datastore.core.exception.DatastoreException$Builder.build(DatastoreException.java:152)\n\tat com.google.cloud.datastore.emulator.impl.rules.DefaultEmulatorRulesAuthorizer.verboseError(DefaultEmulatorRulesAuthorizer.java:349)\n\tat com.google.cloud.datastore.emulator.impl.rules.DefaultEmulatorRulesAuthorizer.withVerboseErrors(DefaultEmulatorRulesAuthorizer.java:326)\n\tat com.google.cloud.datastore.emulator.impl.rules.DefaultEmulatorRulesAuthorizer.checkCommit(DefaultEmulatorRulesAuthorizer.java:114)\n\tat com.google.cloud.datastore.emulator.impl.firestore.FirestoreEmulatorHelper.commitHelper(FirestoreEmulatorHelper.java:385)\n\tat com.google.cloud.datastore.emulator.impl.firestore.FirestoreEmulatorHelper.internalCommit(FirestoreEmulatorHelper.java:339)\n\tat com.google.cloud.datastore.emulator.impl.firestore.CloudFirestoreV1.internalCommit(CloudFirestoreV1.java:1243)\n\tat com.google.cloud.datastore.emulator.impl.firestore.CloudFirestoreV1.write(CloudFirestoreV1.java:1231)\n\tat com.google.cloud.datastore.emulator.impl.firestore.CloudFirestoreV1WriteStream.handleRequest(CloudFirestoreV1WriteStream.java:222)\n\tat com.google.cloud.datastore.emulator.impl.firestore.CloudFirestoreV1WriteStream.write(CloudFirestoreV1WriteStream.java:144)\n\tat com.google.cloud.datastore.emulator.impl.firestore.CloudFirestoreV1WriteStream.onNext(CloudFirestoreV1WriteStream.java:99)\n\tat com.google.cloud.datastore.emulator.impl.firestore.CloudFirestoreV1WriteStream.onNext(CloudFirestoreV1WriteStream.java:27)\n\tat io.grpc.stub.ServerCalls$StreamingServerCallHandler$StreamingServerCallListener.onMessage(ServerCalls.java:262)\n\tat io.grpc.ForwardingServerCallListener.onMessage(ForwardingServerCallListener.java:33)\n\tat io.grpc.Contexts$ContextualizedServerCallListener.onMessage(Contexts.java:76)\n\tat io.grpc.ForwardingServerCallListener.onMessage(ForwardingServerCallListener.java:33)\n\tat io.grpc.Contexts$ContextualizedServerCallListener.onMessage(Contexts.java:76)\n\tat io.grpc.internal.ServerCallImpl$ServerStreamListenerImpl.messagesAvailableInternal(ServerCallImpl.java:334)\n\tat io.grpc.internal.ServerCallImpl$ServerStreamListenerImpl.messagesAvailable(ServerCallImpl.java:319)\n\tat io.grpc.internal.ServerImpl$JumpToApplicationThreadServerStreamListener$1MessagesAvailable.runInContext(ServerImpl.java:834)\n\tat io.grpc.internal.ContextRunnable.run(ContextRunnable.java:37)\n\tat io.grpc.internal.SerializingExecutor.run(SerializingExecutor.java:133)\n\tat java.base/java.util.concurrent.ThreadPoolExecutor.runWorker(ThreadPoolExecutor.java:1144)\n\tat java.base/java.util.concurrent.ThreadPoolExecutor$Worker.run(ThreadPoolExecutor.java:642)\n\tat java.base/java.lang.Thread.run(Thread.java:1583)\n\n"}}
[debug] [2026-09-15T14:12:12.881Z] Sep 15, 2026 9:12:12 AM io.gapi.emulators.netty.HttpVersionRoutingHandler channelRead
INFO: Detected non-HTTP/2 connection.
 {"metadata":{"emulator":{"name":"firestore"},"message":"Sep 15, 2026 9:12:12 AM io.gapi.emulators.netty.HttpVersionRoutingHandler channelRead\nINFO: Detected non-HTTP/2 connection.\n"}}
[debug] [2026-09-15T14:12:12.885Z] Sep 15, 2026 9:12:12 AM io.gapi.emulators.netty.HttpVersionRoutingHandler channelRead
INFO: Detected non-HTTP/2 connection.
 {"metadata":{"emulator":{"name":"firestore"},"message":"Sep 15, 2026 9:12:12 AM io.gapi.emulators.netty.HttpVersionRoutingHandler channelRead\nINFO: Detected non-HTTP/2 connection.\n"}}
[debug] [2026-09-15T14:12:12.887Z] Multiple projectIds are not recommended in single project mode. Requested project ID demo-not-the-rug-storage-rules, but the emulator is configured for demo-not-the-rug. To opt-out of single project mode add/set the '"singleProjectMode": false' property in the firebase.json emulators config.
 {"metadata":{"emulator":{"name":"firestore"},"message":"Multiple projectIds are not recommended in single project mode. Requested project ID demo-not-the-rug-storage-rules, but the emulator is configured for demo-not-the-rug. To opt-out of single project mode add/set the '\"singleProjectMode\": false' property in the firebase.json emulators config.\n"}}
[debug] [2026-09-15T14:13:16.540Z] Sep 15, 2026 9:13:16 AM io.gapi.emulators.netty.HttpVersionRoutingHandler channelRead
INFO: Detected non-HTTP/2 connection.
 {"metadata":{"emulator":{"name":"firestore"},"message":"Sep 15, 2026 9:13:16 AM io.gapi.emulators.netty.HttpVersionRoutingHandler channelRead\nINFO: Detected non-HTTP/2 connection.\n"}}
[debug] [2026-09-15T14:13:16.553Z] Sep 15, 2026 9:13:16 AM io.gapi.emulators.netty.HttpVersionRoutingHandler channelRead
INFO: Detected non-HTTP/2 connection.
 {"metadata":{"emulator":{"name":"firestore"},"message":"Sep 15, 2026 9:13:16 AM io.gapi.emulators.netty.HttpVersionRoutingHandler channelRead\nINFO: Detected non-HTTP/2 connection.\n"}}
[debug] [2026-09-15T14:13:16.562Z] Multiple projectIds are not recommended in single project mode. Requested project ID demo-not-the-rug-firestore-rules, but the emulator is configured for demo-not-the-rug. To opt-out of single project mode add/set the '"singleProjectMode": false' property in the firebase.json emulators config.
 {"metadata":{"emulator":{"name":"firestore"},"message":"Multiple projectIds are not recommended in single project mode. Requested project ID demo-not-the-rug-firestore-rules, but the emulator is configured for demo-not-the-rug. To opt-out of single project mode add/set the '\"singleProjectMode\": false' property in the firebase.json emulators config.\n"}}
[debug] [2026-09-15T14:13:16.626Z] Sep 15, 2026 9:13:16 AM io.gapi.emulators.netty.HttpVersionRoutingHandler channelRead
INFO: Detected HTTP/2 connection.
 {"metadata":{"emulator":{"name":"firestore"},"message":"Sep 15, 2026 9:13:16 AM io.gapi.emulators.netty.HttpVersionRoutingHandler channelRead\nINFO: Detected HTTP/2 connection.\n"}}
[debug] [2026-09-15T14:13:16.628Z] Multiple projectIds are not recommended in single project mode. Requested project ID demo-not-the-rug-firestore-rules, but the emulator is configured for demo-not-the-rug. To opt-out of single project mode add/set the '"singleProjectMode": false' property in the firebase.json emulators config.
 {"metadata":{"emulator":{"name":"firestore"},"message":"Multiple projectIds are not recommended in single project mode. Requested project ID demo-not-the-rug-firestore-rules, but the emulator is configured for demo-not-the-rug. To opt-out of single project mode add/set the '\"singleProjectMode\": false' property in the firebase.json emulators config.\n"}}
[debug] [2026-09-15T14:13:16.644Z] Multiple projectIds are not recommended in single project mode. Requested project ID demo-not-the-rug-firestore-rules, but the emulator is configured for demo-not-the-rug. To opt-out of single project mode add/set the '"singleProjectMode": false' property in the firebase.json emulators config.
 {"metadata":{"emulator":{"name":"firestore"},"message":"Multiple projectIds are not recommended in single project mode. Requested project ID demo-not-the-rug-firestore-rules, but the emulator is configured for demo-not-the-rug. To opt-out of single project mode add/set the '\"singleProjectMode\": false' property in the firebase.json emulators config.\n"}}
[debug] [2026-09-15T14:13:16.659Z] Multiple projectIds are not recommended in single project mode. Requested project ID demo-not-the-rug-firestore-rules, but the emulator is configured for demo-not-the-rug. To opt-out of single project mode add/set the '"singleProjectMode": false' property in the firebase.json emulators config.
 {"metadata":{"emulator":{"name":"firestore"},"message":"Multiple projectIds are not recommended in single project mode. Requested project ID demo-not-the-rug-firestore-rules, but the emulator is configured for demo-not-the-rug. To opt-out of single project mode add/set the '\"singleProjectMode\": false' property in the firebase.json emulators config.\n"}}
[debug] [2026-09-15T14:13:16.669Z] Multiple projectIds are not recommended in single project mode. Requested project ID demo-not-the-rug-firestore-rules, but the emulator is configured for demo-not-the-rug. To opt-out of single project mode add/set the '"singleProjectMode": false' property in the firebase.json emulators config.
 {"metadata":{"emulator":{"name":"firestore"},"message":"Multiple projectIds are not recommended in single project mode. Requested project ID demo-not-the-rug-firestore-rules, but the emulator is configured for demo-not-the-rug. To opt-out of single project mode add/set the '\"singleProjectMode\": false' property in the firebase.json emulators config.\n"}}
[debug] [2026-09-15T14:13:16.682Z] Multiple projectIds are not recommended in single project mode. Requested project ID demo-not-the-rug-firestore-rules, but the emulator is configured for demo-not-the-rug. To opt-out of single project mode add/set the '"singleProjectMode": false' property in the firebase.json emulators config.
 {"metadata":{"emulator":{"name":"firestore"},"message":"Multiple projectIds are not recommended in single project mode. Requested project ID demo-not-the-rug-firestore-rules, but the emulator is configured for demo-not-the-rug. To opt-out of single project mode add/set the '\"singleProjectMode\": false' property in the firebase.json emulators config.\n"}}
[debug] [2026-09-15T14:13:16.687Z] Sep 15, 2026 9:13:16 AM com.google.cloud.datastore.emulator.impl.util.WrappedStreamObserver onError
WARNING: Operation failed: 
false for 'create' @ L19, false for 'create' @ L49, false for 'update' @ L19, false for 'update' @ L49
com.google.cloud.datastore.core.exception.DatastoreException: 
false for 'create' @ L19, false for 'create' @ L49, false for 'update' @ L19, false for 'update' @ L49
	at com.google.cloud.datastore.core.exception.DatastoreException$Builder.build(DatastoreException.java:152)
	at com.google.cloud.datastore.emulator.impl.rules.DefaultEmulatorRulesAuthorizer.verboseError(DefaultEmulatorRulesAuthorizer.java:349)
	at com.google.cloud.datastore.emulator.impl.rules.DefaultEmulatorRulesAuthorizer.withVerboseErrors(DefaultEmulatorRulesAuthorizer.java:326)
	at com.google.cloud.datastore.emulator.impl.rules.DefaultEmulatorRulesAuthorizer.checkCommit(DefaultEmulatorRulesAuthorizer.java:114)
	at com.google.cloud.datastore.emulator.impl.firestore.FirestoreEmulatorHelper.commitHelper(FirestoreEmulatorHelper.java:385)
	at com.google.cloud.datastore.emulator.impl.firestore.FirestoreEmulatorHelper.internalCommit(FirestoreEmulatorHelper.java:339)
	at com.google.cloud.datastore.emulator.impl.firestore.CloudFirestoreV1.internalCommit(CloudFirestoreV1.java:1243)
	at com.google.cloud.datastore.emulator.impl.firestore.CloudFirestoreV1.write(CloudFirestoreV1.java:1231)
	at com.google.cloud.datastore.emulator.impl.firestore.CloudFirestoreV1WriteStream.handleRequest(CloudFirestoreV1WriteStream.java:222)
	at com.google.cloud.datastore.emulator.impl.firestore.CloudFirestoreV1WriteStream.write(CloudFirestoreV1WriteStream.java:144)
	at com.google.cloud.datastore.emulator.impl.firestore.CloudFirestoreV1WriteStream.onNext(CloudFirestoreV1WriteStream.java:99)
	at com.google.cloud.datastore.emulator.impl.firestore.CloudFirestoreV1WriteStream.onNext(CloudFirestoreV1WriteStream.java:27)
	at io.grpc.stub.ServerCalls$StreamingServerCallHandler$StreamingServerCallListener.onMessage(ServerCalls.java:262)
	at io.grpc.ForwardingServerCallListener.onMessage(ForwardingServerCallListener.java:33)
	at io.grpc.Contexts$ContextualizedServerCallListener.onMessage(Contexts.java:76)
	at io.grpc.ForwardingServerCallListener.onMessage(ForwardingServerCallListener.java:33)
	at io.grpc.Contexts$ContextualizedServerCallListener.onMessage(Contexts.java:76)
	at io.grpc.internal.ServerCallImpl$ServerStreamListenerImpl.messagesAvailableInternal(ServerCallImpl.java:334)
	at io.grpc.internal.ServerCallImpl$ServerStreamListenerImpl.messagesAvailable(ServerCallImpl.java:319)
	at io.grpc.internal.ServerImpl$JumpToApplicationThreadServerStreamListener$1MessagesAvailable.runInContext(ServerImpl.java:834)
	at io.grpc.internal.ContextRunnable.run(ContextRunnable.java:37)
	at io.grpc.internal.SerializingExecutor.run(SerializingExecutor.java:133)
	at java.base/java.util.concurrent.ThreadPoolExecutor.runWorker(ThreadPoolExecutor.java:1144)
	at java.base/java.util.concurrent.ThreadPoolExecutor$Worker.run(ThreadPoolExecutor.java:642)
	at java.base/java.lang.Thread.run(Thread.java:1583)

 {"metadata":{"emulator":{"name":"firestore"},"message":"Sep 15, 2026 9:13:16 AM com.google.cloud.datastore.emulator.impl.util.WrappedStreamObserver onError\nWARNING: Operation failed: \nfalse for 'create' @ L19, false for 'create' @ L49, false for 'update' @ L19, false for 'update' @ L49\ncom.google.cloud.datastore.core.exception.DatastoreException: \nfalse for 'create' @ L19, false for 'create' @ L49, false for 'update' @ L19, false for 'update' @ L49\n\tat com.google.cloud.datastore.core.exception.DatastoreException$Builder.build(DatastoreException.java:152)\n\tat com.google.cloud.datastore.emulator.impl.rules.DefaultEmulatorRulesAuthorizer.verboseError(DefaultEmulatorRulesAuthorizer.java:349)\n\tat com.google.cloud.datastore.emulator.impl.rules.DefaultEmulatorRulesAuthorizer.withVerboseErrors(DefaultEmulatorRulesAuthorizer.java:326)\n\tat com.google.cloud.datastore.emulator.impl.rules.DefaultEmulatorRulesAuthorizer.checkCommit(DefaultEmulatorRulesAuthorizer.java:114)\n\tat com.google.cloud.datastore.emulator.impl.firestore.FirestoreEmulatorHelper.commitHelper(FirestoreEmulatorHelper.java:385)\n\tat com.google.cloud.datastore.emulator.impl.firestore.FirestoreEmulatorHelper.internalCommit(FirestoreEmulatorHelper.java:339)\n\tat com.google.cloud.datastore.emulator.impl.firestore.CloudFirestoreV1.internalCommit(CloudFirestoreV1.java:1243)\n\tat com.google.cloud.datastore.emulator.impl.firestore.CloudFirestoreV1.write(CloudFirestoreV1.java:1231)\n\tat com.google.cloud.datastore.emulator.impl.firestore.CloudFirestoreV1WriteStream.handleRequest(CloudFirestoreV1WriteStream.java:222)\n\tat com.google.cloud.datastore.emulator.impl.firestore.CloudFirestoreV1WriteStream.write(CloudFirestoreV1WriteStream.java:144)\n\tat com.google.cloud.datastore.emulator.impl.firestore.CloudFirestoreV1WriteStream.onNext(CloudFirestoreV1WriteStream.java:99)\n\tat com.google.cloud.datastore.emulator.impl.firestore.CloudFirestoreV1WriteStream.onNext(CloudFirestoreV1WriteStream.java:27)\n\tat io.grpc.stub.ServerCalls$StreamingServerCallHandler$StreamingServerCallListener.onMessage(ServerCalls.java:262)\n\tat io.grpc.ForwardingServerCallListener.onMessage(ForwardingServerCallListener.java:33)\n\tat io.grpc.Contexts$ContextualizedServerCallListener.onMessage(Contexts.java:76)\n\tat io.grpc.ForwardingServerCallListener.onMessage(ForwardingServerCallListener.java:33)\n\tat io.grpc.Contexts$ContextualizedServerCallListener.onMessage(Contexts.java:76)\n\tat io.grpc.internal.ServerCallImpl$ServerStreamListenerImpl.messagesAvailableInternal(ServerCallImpl.java:334)\n\tat io.grpc.internal.ServerCallImpl$ServerStreamListenerImpl.messagesAvailable(ServerCallImpl.java:319)\n\tat io.grpc.internal.ServerImpl$JumpToApplicationThreadServerStreamListener$1MessagesAvailable.runInContext(ServerImpl.java:834)\n\tat io.grpc.internal.ContextRunnable.run(ContextRunnable.java:37)\n\tat io.grpc.internal.SerializingExecutor.run(SerializingExecutor.java:133)\n\tat java.base/java.util.concurrent.ThreadPoolExecutor.runWorker(ThreadPoolExecutor.java:1144)\n\tat java.base/java.util.concurrent.ThreadPoolExecutor$Worker.run(ThreadPoolExecutor.java:642)\n\tat java.base/java.lang.Thread.run(Thread.java:1583)\n\n"}}
[debug] [2026-09-15T14:13:16.695Z] Multiple projectIds are not recommended in single project mode. Requested project ID demo-not-the-rug-firestore-rules, but the emulator is configured for demo-not-the-rug. To opt-out of single project mode add/set the '"singleProjectMode": false' property in the firebase.json emulators config.
 {"metadata":{"emulator":{"name":"firestore"},"message":"Multiple projectIds are not recommended in single project mode. Requested project ID demo-not-the-rug-firestore-rules, but the emulator is configured for demo-not-the-rug. To opt-out of single project mode add/set the '\"singleProjectMode\": false' property in the firebase.json emulators config.\n"}}
[debug] [2026-09-15T14:13:16.708Z] Multiple projectIds are not recommended in single project mode. Requested project ID demo-not-the-rug-firestore-rules, but the emulator is configured for demo-not-the-rug. To opt-out of single project mode add/set the '"singleProjectMode": false' property in the firebase.json emulators config.
 {"metadata":{"emulator":{"name":"firestore"},"message":"Multiple projectIds are not recommended in single project mode. Requested project ID demo-not-the-rug-firestore-rules, but the emulator is configured for demo-not-the-rug. To opt-out of single project mode add/set the '\"singleProjectMode\": false' property in the firebase.json emulators config.\n"}}
[debug] [2026-09-15T14:13:16.719Z] Multiple projectIds are not recommended in single project mode. Requested project ID demo-not-the-rug-firestore-rules, but the emulator is configured for demo-not-the-rug. To opt-out of single project mode add/set the '"singleProjectMode": false' property in the firebase.json emulators config.
 {"metadata":{"emulator":{"name":"firestore"},"message":"Multiple projectIds are not recommended in single project mode. Requested project ID demo-not-the-rug-firestore-rules, but the emulator is configured for demo-not-the-rug. To opt-out of single project mode add/set the '\"singleProjectMode\": false' property in the firebase.json emulators config.\n"}}
[debug] [2026-09-15T14:13:16.729Z] Multiple projectIds are not recommended in single project mode. Requested project ID demo-not-the-rug-firestore-rules, but the emulator is configured for demo-not-the-rug. To opt-out of single project mode add/set the '"singleProjectMode": false' property in the firebase.json emulators config.
 {"metadata":{"emulator":{"name":"firestore"},"message":"Multiple projectIds are not recommended in single project mode. Requested project ID demo-not-the-rug-firestore-rules, but the emulator is configured for demo-not-the-rug. To opt-out of single project mode add/set the '\"singleProjectMode\": false' property in the firebase.json emulators config.\n"}}
[debug] [2026-09-15T14:13:16.740Z] Multiple projectIds are not recommended in single project mode. Requested project ID demo-not-the-rug-firestore-rules, but the emulator is configured for demo-not-the-rug. To opt-out of single project mode add/set the '"singleProjectMode": false' property in the firebase.json emulators config.
 {"metadata":{"emulator":{"name":"firestore"},"message":"Multiple projectIds are not recommended in single project mode. Requested project ID demo-not-the-rug-firestore-rules, but the emulator is configured for demo-not-the-rug. To opt-out of single project mode add/set the '\"singleProjectMode\": false' property in the firebase.json emulators config.\n"}}
[debug] [2026-09-15T14:13:16.745Z] Sep 15, 2026 9:13:16 AM com.google.cloud.datastore.emulator.impl.util.WrappedStreamObserver onError
WARNING: Operation failed: 
false for 'create' @ L25, false for 'create' @ L49, false for 'update' @ L25, false for 'update' @ L49
com.google.cloud.datastore.core.exception.DatastoreException: 
false for 'create' @ L25, false for 'create' @ L49, false for 'update' @ L25, false for 'update' @ L49
	at com.google.cloud.datastore.core.exception.DatastoreException$Builder.build(DatastoreException.java:152)
	at com.google.cloud.datastore.emulator.impl.rules.DefaultEmulatorRulesAuthorizer.verboseError(DefaultEmulatorRulesAuthorizer.java:349)
	at com.google.cloud.datastore.emulator.impl.rules.DefaultEmulatorRulesAuthorizer.withVerboseErrors(DefaultEmulatorRulesAuthorizer.java:326)
	at com.google.cloud.datastore.emulator.impl.rules.DefaultEmulatorRulesAuthorizer.checkCommit(DefaultEmulatorRulesAuthorizer.java:114)
	at com.google.cloud.datastore.emulator.impl.firestore.FirestoreEmulatorHelper.commitHelper(FirestoreEmulatorHelper.java:385)
	at com.google.cloud.datastore.emulator.impl.firestore.FirestoreEmulatorHelper.internalCommit(FirestoreEmulatorHelper.java:339)
	at com.google.cloud.datastore.emulator.impl.firestore.CloudFirestoreV1.internalCommit(CloudFirestoreV1.java:1243)
	at com.google.cloud.datastore.emulator.impl.firestore.CloudFirestoreV1.write(CloudFirestoreV1.java:1231)
	at com.google.cloud.datastore.emulator.impl.firestore.CloudFirestoreV1WriteStream.handleRequest(CloudFirestoreV1WriteStream.java:222)
	at com.google.cloud.datastore.emulator.impl.firestore.CloudFirestoreV1WriteStream.write(CloudFirestoreV1WriteStream.java:144)
	at com.google.cloud.datastore.emulator.impl.firestore.CloudFirestoreV1WriteStream.onNext(CloudFirestoreV1WriteStream.java:99)
	at com.google.cloud.datastore.emulator.impl.firestore.CloudFirestoreV1WriteStream.onNext(CloudFirestoreV1WriteStream.java:27)
	at io.grpc.stub.ServerCalls$StreamingServerCallHandler$StreamingServerCallListener.onMessage(ServerCalls.java:262)
	at io.grpc.ForwardingServerCallListener.onMessage(ForwardingServerCallListener.java:33)
	at io.grpc.Contexts$ContextualizedServerCallListener.onMessage(Contexts.java:76)
	at io.grpc.ForwardingServerCallListener.onMessage(ForwardingServerCallListener.java:33)
	at io.grpc.Contexts$ContextualizedServerCallListener.onMessage(Contexts.java:76)
	at io.grpc.internal.ServerCallImpl$ServerStreamListenerImpl.messagesAvailableInternal(ServerCallImpl.java:334)
	at io.grpc.internal.ServerCallImpl$ServerStreamListenerImpl.messagesAvailable(ServerCallImpl.java:319)
	at io.grpc.internal.ServerImpl$JumpToApplicationThreadServerStreamListener$1MessagesAvailable.runInContext(ServerImpl.java:834)
	at io.grpc.internal.ContextRunnable.run(ContextRunnable.java:37)
	at io.grpc.internal.SerializingExecutor.run(SerializingExecutor.java:133)
	at java.base/java.util.concurrent.ThreadPoolExecutor.runWorker(ThreadPoolExecutor.java:1144)
	at java.base/java.util.concurrent.ThreadPoolExecutor$Worker.run(ThreadPoolExecutor.java:642)
	at java.base/java.lang.Thread.run(Thread.java:1583)

 {"metadata":{"emulator":{"name":"firestore"},"message":"Sep 15, 2026 9:13:16 AM com.google.cloud.datastore.emulator.impl.util.WrappedStreamObserver onError\nWARNING: Operation failed: \nfalse for 'create' @ L25, false for 'create' @ L49, false for 'update' @ L25, false for 'update' @ L49\ncom.google.cloud.datastore.core.exception.DatastoreException: \nfalse for 'create' @ L25, false for 'create' @ L49, false for 'update' @ L25, false for 'update' @ L49\n\tat com.google.cloud.datastore.core.exception.DatastoreException$Builder.build(DatastoreException.java:152)\n\tat com.google.cloud.datastore.emulator.impl.rules.DefaultEmulatorRulesAuthorizer.verboseError(DefaultEmulatorRulesAuthorizer.java:349)\n\tat com.google.cloud.datastore.emulator.impl.rules.DefaultEmulatorRulesAuthorizer.withVerboseErrors(DefaultEmulatorRulesAuthorizer.java:326)\n\tat com.google.cloud.datastore.emulator.impl.rules.DefaultEmulatorRulesAuthorizer.checkCommit(DefaultEmulatorRulesAuthorizer.java:114)\n\tat com.google.cloud.datastore.emulator.impl.firestore.FirestoreEmulatorHelper.commitHelper(FirestoreEmulatorHelper.java:385)\n\tat com.google.cloud.datastore.emulator.impl.firestore.FirestoreEmulatorHelper.internalCommit(FirestoreEmulatorHelper.java:339)\n\tat com.google.cloud.datastore.emulator.impl.firestore.CloudFirestoreV1.internalCommit(CloudFirestoreV1.java:1243)\n\tat com.google.cloud.datastore.emulator.impl.firestore.CloudFirestoreV1.write(CloudFirestoreV1.java:1231)\n\tat com.google.cloud.datastore.emulator.impl.firestore.CloudFirestoreV1WriteStream.handleRequest(CloudFirestoreV1WriteStream.java:222)\n\tat com.google.cloud.datastore.emulator.impl.firestore.CloudFirestoreV1WriteStream.write(CloudFirestoreV1WriteStream.java:144)\n\tat com.google.cloud.datastore.emulator.impl.firestore.CloudFirestoreV1WriteStream.onNext(CloudFirestoreV1WriteStream.java:99)\n\tat com.google.cloud.datastore.emulator.impl.firestore.CloudFirestoreV1WriteStream.onNext(CloudFirestoreV1WriteStream.java:27)\n\tat io.grpc.stub.ServerCalls$StreamingServerCallHandler$StreamingServerCallListener.onMessage(ServerCalls.java:262)\n\tat io.grpc.ForwardingServerCallListener.onMessage(ForwardingServerCallListener.java:33)\n\tat io.grpc.Contexts$ContextualizedServerCallListener.onMessage(Contexts.java:76)\n\tat io.grpc.ForwardingServerCallListener.onMessage(ForwardingServerCallListener.java:33)\n\tat io.grpc.Contexts$ContextualizedServerCallListener.onMessage(Contexts.java:76)\n\tat io.grpc.internal.ServerCallImpl$ServerStreamListenerImpl.messagesAvailableInternal(ServerCallImpl.java:334)\n\tat io.grpc.internal.ServerCallImpl$ServerStreamListenerImpl.messagesAvailable(ServerCallImpl.java:319)\n\tat io.grpc.internal.ServerImpl$JumpToApplicationThreadServerStreamListener$1MessagesAvailable.runInContext(ServerImpl.java:834)\n\tat io.grpc.internal.ContextRunnable.run(ContextRunnable.java:37)\n\tat io.grpc.internal.SerializingExecutor.run(SerializingExecutor.java:133)\n\tat java.base/java.util.concurrent.ThreadPoolExecutor.runWorker(ThreadPoolExecutor.java:1144)\n\tat java.base/java.util.concurrent.ThreadPoolExecutor$Worker.run(ThreadPoolExecutor.java:642)\n\tat java.base/java.lang.Thread.run(Thread.java:1583)\n\n"}}
[debug] [2026-09-15T14:13:16.878Z] Sep 15, 2026 9:13:16 AM io.gapi.emulators.netty.HttpVersionRoutingHandler channelRead
INFO: Detected non-HTTP/2 connection.
 {"metadata":{"emulator":{"name":"firestore"},"message":"Sep 15, 2026 9:13:16 AM io.gapi.emulators.netty.HttpVersionRoutingHandler channelRead\nINFO: Detected non-HTTP/2 connection.\n"}}
[debug] [2026-09-15T14:13:16.882Z] Sep 15, 2026 9:13:16 AM io.gapi.emulators.netty.HttpVersionRoutingHandler channelRead
INFO: Detected non-HTTP/2 connection.
 {"metadata":{"emulator":{"name":"firestore"},"message":"Sep 15, 2026 9:13:16 AM io.gapi.emulators.netty.HttpVersionRoutingHandler channelRead\nINFO: Detected non-HTTP/2 connection.\n"}}
[debug] [2026-09-15T14:13:16.883Z] Multiple projectIds are not recommended in single project mode. Requested project ID demo-not-the-rug-storage-rules, but the emulator is configured for demo-not-the-rug. To opt-out of single project mode add/set the '"singleProjectMode": false' property in the firebase.json emulators config.
 {"metadata":{"emulator":{"name":"firestore"},"message":"Multiple projectIds are not recommended in single project mode. Requested project ID demo-not-the-rug-storage-rules, but the emulator is configured for demo-not-the-rug. To opt-out of single project mode add/set the '\"singleProjectMode\": false' property in the firebase.json emulators config.\n"}}
[debug] [2026-09-15T14:17:06.007Z] Sep 15, 2026 9:17:06 AM io.gapi.emulators.netty.HttpVersionRoutingHandler channelRead
INFO: Detected non-HTTP/2 connection.
 {"metadata":{"emulator":{"name":"firestore"},"message":"Sep 15, 2026 9:17:06 AM io.gapi.emulators.netty.HttpVersionRoutingHandler channelRead\nINFO: Detected non-HTTP/2 connection.\n"}}
[debug] [2026-09-15T14:17:08.039Z] Sep 15, 2026 9:17:08 AM io.gapi.emulators.netty.HttpVersionRoutingHandler channelRead
INFO: Detected non-HTTP/2 connection.
 {"metadata":{"emulator":{"name":"firestore"},"message":"Sep 15, 2026 9:17:08 AM io.gapi.emulators.netty.HttpVersionRoutingHandler channelRead\nINFO: Detected non-HTTP/2 connection.\n"}}
[debug] [2026-09-15T14:17:08.044Z] Sep 15, 2026 9:17:08 AM io.gapi.emulators.netty.HttpVersionRoutingHandler channelRead
INFO: Detected non-HTTP/2 connection.
 {"metadata":{"emulator":{"name":"firestore"},"message":"Sep 15, 2026 9:17:08 AM io.gapi.emulators.netty.HttpVersionRoutingHandler channelRead\nINFO: Detected non-HTTP/2 connection.\n"}}
[debug] [2026-09-15T14:17:08.049Z] Multiple projectIds are not recommended in single project mode. Requested project ID demo-not-the-rug-firestore-rules, but the emulator is configured for demo-not-the-rug. To opt-out of single project mode add/set the '"singleProjectMode": false' property in the firebase.json emulators config.
 {"metadata":{"emulator":{"name":"firestore"},"message":"Multiple projectIds are not recommended in single project mode. Requested project ID demo-not-the-rug-firestore-rules, but the emulator is configured for demo-not-the-rug. To opt-out of single project mode add/set the '\"singleProjectMode\": false' property in the firebase.json emulators config.\n"}}
[debug] [2026-09-15T14:17:08.102Z] Sep 15, 2026 9:17:08 AM io.gapi.emulators.netty.HttpVersionRoutingHandler channelRead
INFO: Detected HTTP/2 connection.
 {"metadata":{"emulator":{"name":"firestore"},"message":"Sep 15, 2026 9:17:08 AM io.gapi.emulators.netty.HttpVersionRoutingHandler channelRead\nINFO: Detected HTTP/2 connection.\n"}}
[debug] [2026-09-15T14:17:08.103Z] Multiple projectIds are not recommended in single project mode. Requested project ID demo-not-the-rug-firestore-rules, but the emulator is configured for demo-not-the-rug. To opt-out of single project mode add/set the '"singleProjectMode": false' property in the firebase.json emulators config.
 {"metadata":{"emulator":{"name":"firestore"},"message":"Multiple projectIds are not recommended in single project mode. Requested project ID demo-not-the-rug-firestore-rules, but the emulator is configured for demo-not-the-rug. To opt-out of single project mode add/set the '\"singleProjectMode\": false' property in the firebase.json emulators config.\n"}}
[debug] [2026-09-15T14:17:08.119Z] Multiple projectIds are not recommended in single project mode. Requested project ID demo-not-the-rug-firestore-rules, but the emulator is configured for demo-not-the-rug. To opt-out of single project mode add/set the '"singleProjectMode": false' property in the firebase.json emulators config.
 {"metadata":{"emulator":{"name":"firestore"},"message":"Multiple projectIds are not recommended in single project mode. Requested project ID demo-not-the-rug-firestore-rules, but the emulator is configured for demo-not-the-rug. To opt-out of single project mode add/set the '\"singleProjectMode\": false' property in the firebase.json emulators config.\n"}}
[debug] [2026-09-15T14:17:08.132Z] Multiple projectIds are not recommended in single project mode. Requested project ID demo-not-the-rug-firestore-rules, but the emulator is configured for demo-not-the-rug. To opt-out of single project mode add/set the '"singleProjectMode": false' property in the firebase.json emulators config.
 {"metadata":{"emulator":{"name":"firestore"},"message":"Multiple projectIds are not recommended in single project mode. Requested project ID demo-not-the-rug-firestore-rules, but the emulator is configured for demo-not-the-rug. To opt-out of single project mode add/set the '\"singleProjectMode\": false' property in the firebase.json emulators config.\n"}}
[debug] [2026-09-15T14:17:08.143Z] Multiple projectIds are not recommended in single project mode. Requested project ID demo-not-the-rug-firestore-rules, but the emulator is configured for demo-not-the-rug. To opt-out of single project mode add/set the '"singleProjectMode": false' property in the firebase.json emulators config.
 {"metadata":{"emulator":{"name":"firestore"},"message":"Multiple projectIds are not recommended in single project mode. Requested project ID demo-not-the-rug-firestore-rules, but the emulator is configured for demo-not-the-rug. To opt-out of single project mode add/set the '\"singleProjectMode\": false' property in the firebase.json emulators config.\n"}}
[debug] [2026-09-15T14:17:08.155Z] Multiple projectIds are not recommended in single project mode. Requested project ID demo-not-the-rug-firestore-rules, but the emulator is configured for demo-not-the-rug. To opt-out of single project mode add/set the '"singleProjectMode": false' property in the firebase.json emulators config.
 {"metadata":{"emulator":{"name":"firestore"},"message":"Multiple projectIds are not recommended in single project mode. Requested project ID demo-not-the-rug-firestore-rules, but the emulator is configured for demo-not-the-rug. To opt-out of single project mode add/set the '\"singleProjectMode\": false' property in the firebase.json emulators config.\n"}}
[debug] [2026-09-15T14:17:08.159Z] Sep 15, 2026 9:17:08 AM com.google.cloud.datastore.emulator.impl.util.WrappedStreamObserver onError
WARNING: Operation failed: 
false for 'create' @ L19, false for 'create' @ L49, false for 'update' @ L19, false for 'update' @ L49
com.google.cloud.datastore.core.exception.DatastoreException: 
false for 'create' @ L19, false for 'create' @ L49, false for 'update' @ L19, false for 'update' @ L49
	at com.google.cloud.datastore.core.exception.DatastoreException$Builder.build(DatastoreException.java:152)
	at com.google.cloud.datastore.emulator.impl.rules.DefaultEmulatorRulesAuthorizer.verboseError(DefaultEmulatorRulesAuthorizer.java:349)
	at com.google.cloud.datastore.emulator.impl.rules.DefaultEmulatorRulesAuthorizer.withVerboseErrors(DefaultEmulatorRulesAuthorizer.java:326)
	at com.google.cloud.datastore.emulator.impl.rules.DefaultEmulatorRulesAuthorizer.checkCommit(DefaultEmulatorRulesAuthorizer.java:114)
	at com.google.cloud.datastore.emulator.impl.firestore.FirestoreEmulatorHelper.commitHelper(FirestoreEmulatorHelper.java:385)
	at com.google.cloud.datastore.emulator.impl.firestore.FirestoreEmulatorHelper.internalCommit(FirestoreEmulatorHelper.java:339)
	at com.google.cloud.datastore.emulator.impl.firestore.CloudFirestoreV1.internalCommit(CloudFirestoreV1.java:1243)
	at com.google.cloud.datastore.emulator.impl.firestore.CloudFirestoreV1.write(CloudFirestoreV1.java:1231)
	at com.google.cloud.datastore.emulator.impl.firestore.CloudFirestoreV1WriteStream.handleRequest(CloudFirestoreV1WriteStream.java:222)
	at com.google.cloud.datastore.emulator.impl.firestore.CloudFirestoreV1WriteStream.write(CloudFirestoreV1WriteStream.java:144)
	at com.google.cloud.datastore.emulator.impl.firestore.CloudFirestoreV1WriteStream.onNext(CloudFirestoreV1WriteStream.java:99)
	at com.google.cloud.datastore.emulator.impl.firestore.CloudFirestoreV1WriteStream.onNext(CloudFirestoreV1WriteStream.java:27)
	at io.grpc.stub.ServerCalls$StreamingServerCallHandler$StreamingServerCallListener.onMessage(ServerCalls.java:262)
	at io.grpc.ForwardingServerCallListener.onMessage(ForwardingServerCallListener.java:33)
	at io.grpc.Contexts$ContextualizedServerCallListener.onMessage(Contexts.java:76)
	at io.grpc.ForwardingServerCallListener.onMessage(ForwardingServerCallListener.java:33)
	at io.grpc.Contexts$ContextualizedServerCallListener.onMessage(Contexts.java:76)
	at io.grpc.internal.ServerCallImpl$ServerStreamListenerImpl.messagesAvailableInternal(ServerCallImpl.java:334)
	at io.grpc.internal.ServerCallImpl$ServerStreamListenerImpl.messagesAvailable(ServerCallImpl.java:319)
	at io.grpc.internal.ServerImpl$JumpToApplicationThreadServerStreamListener$1MessagesAvailable.runInContext(ServerImpl.java:834)
	at io.grpc.internal.ContextRunnable.run(ContextRunnable.java:37)
	at io.grpc.internal.SerializingExecutor.run(SerializingExecutor.java:133)
	at java.base/java.util.concurrent.ThreadPoolExecutor.runWorker(ThreadPoolExecutor.java:1144)
	at java.base/java.util.concurrent.ThreadPoolExecutor$Worker.run(ThreadPoolExecutor.java:642)
	at java.base/java.lang.Thread.run(Thread.java:1583)

 {"metadata":{"emulator":{"name":"firestore"},"message":"Sep 15, 2026 9:17:08 AM com.google.cloud.datastore.emulator.impl.util.WrappedStreamObserver onError\nWARNING: Operation failed: \nfalse for 'create' @ L19, false for 'create' @ L49, false for 'update' @ L19, false for 'update' @ L49\ncom.google.cloud.datastore.core.exception.DatastoreException: \nfalse for 'create' @ L19, false for 'create' @ L49, false for 'update' @ L19, false for 'update' @ L49\n\tat com.google.cloud.datastore.core.exception.DatastoreException$Builder.build(DatastoreException.java:152)\n\tat com.google.cloud.datastore.emulator.impl.rules.DefaultEmulatorRulesAuthorizer.verboseError(DefaultEmulatorRulesAuthorizer.java:349)\n\tat com.google.cloud.datastore.emulator.impl.rules.DefaultEmulatorRulesAuthorizer.withVerboseErrors(DefaultEmulatorRulesAuthorizer.java:326)\n\tat com.google.cloud.datastore.emulator.impl.rules.DefaultEmulatorRulesAuthorizer.checkCommit(DefaultEmulatorRulesAuthorizer.java:114)\n\tat com.google.cloud.datastore.emulator.impl.firestore.FirestoreEmulatorHelper.commitHelper(FirestoreEmulatorHelper.java:385)\n\tat com.google.cloud.datastore.emulator.impl.firestore.FirestoreEmulatorHelper.internalCommit(FirestoreEmulatorHelper.java:339)\n\tat com.google.cloud.datastore.emulator.impl.firestore.CloudFirestoreV1.internalCommit(CloudFirestoreV1.java:1243)\n\tat com.google.cloud.datastore.emulator.impl.firestore.CloudFirestoreV1.write(CloudFirestoreV1.java:1231)\n\tat com.google.cloud.datastore.emulator.impl.firestore.CloudFirestoreV1WriteStream.handleRequest(CloudFirestoreV1WriteStream.java:222)\n\tat com.google.cloud.datastore.emulator.impl.firestore.CloudFirestoreV1WriteStream.write(CloudFirestoreV1WriteStream.java:144)\n\tat com.google.cloud.datastore.emulator.impl.firestore.CloudFirestoreV1WriteStream.onNext(CloudFirestoreV1WriteStream.java:99)\n\tat com.google.cloud.datastore.emulator.impl.firestore.CloudFirestoreV1WriteStream.onNext(CloudFirestoreV1WriteStream.java:27)\n\tat io.grpc.stub.ServerCalls$StreamingServerCallHandler$StreamingServerCallListener.onMessage(ServerCalls.java:262)\n\tat io.grpc.ForwardingServerCallListener.onMessage(ForwardingServerCallListener.java:33)\n\tat io.grpc.Contexts$ContextualizedServerCallListener.onMessage(Contexts.java:76)\n\tat io.grpc.ForwardingServerCallListener.onMessage(ForwardingServerCallListener.java:33)\n\tat io.grpc.Contexts$ContextualizedServerCallListener.onMessage(Contexts.java:76)\n\tat io.grpc.internal.ServerCallImpl$ServerStreamListenerImpl.messagesAvailableInternal(ServerCallImpl.java:334)\n\tat io.grpc.internal.ServerCallImpl$ServerStreamListenerImpl.messagesAvailable(ServerCallImpl.java:319)\n\tat io.grpc.internal.ServerImpl$JumpToApplicationThreadServerStreamListener$1MessagesAvailable.runInContext(ServerImpl.java:834)\n\tat io.grpc.internal.ContextRunnable.run(ContextRunnable.java:37)\n\tat io.grpc.internal.SerializingExecutor.run(SerializingExecutor.java:133)\n\tat java.base/java.util.concurrent.ThreadPoolExecutor.runWorker(ThreadPoolExecutor.java:1144)\n\tat java.base/java.util.concurrent.ThreadPoolExecutor$Worker.run(ThreadPoolExecutor.java:642)\n\tat java.base/java.lang.Thread.run(Thread.java:1583)\n\n"}}
[debug] [2026-09-15T14:17:08.168Z] Multiple projectIds are not recommended in single project mode. Requested project ID demo-not-the-rug-firestore-rules, but the emulator is configured for demo-not-the-rug. To opt-out of single project mode add/set the '"singleProjectMode": false' property in the firebase.json emulators config.
 {"metadata":{"emulator":{"name":"firestore"},"message":"Multiple projectIds are not recommended in single project mode. Requested project ID demo-not-the-rug-firestore-rules, but the emulator is configured for demo-not-the-rug. To opt-out of single project mode add/set the '\"singleProjectMode\": false' property in the firebase.json emulators config.\n"}}
[debug] [2026-09-15T14:17:08.179Z] Multiple projectIds are not recommended in single project mode. Requested project ID demo-not-the-rug-firestore-rules, but the emulator is configured for demo-not-the-rug. To opt-out of single project mode add/set the '"singleProjectMode": false' property in the firebase.json emulators config.
 {"metadata":{"emulator":{"name":"firestore"},"message":"Multiple projectIds are not recommended in single project mode. Requested project ID demo-not-the-rug-firestore-rules, but the emulator is configured for demo-not-the-rug. To opt-out of single project mode add/set the '\"singleProjectMode\": false' property in the firebase.json emulators config.\n"}}
[debug] [2026-09-15T14:17:08.191Z] Multiple projectIds are not recommended in single project mode. Requested project ID demo-not-the-rug-firestore-rules, but the emulator is configured for demo-not-the-rug. To opt-out of single project mode add/set the '"singleProjectMode": false' property in the firebase.json emulators config.
 {"metadata":{"emulator":{"name":"firestore"},"message":"Multiple projectIds are not recommended in single project mode. Requested project ID demo-not-the-rug-firestore-rules, but the emulator is configured for demo-not-the-rug. To opt-out of single project mode add/set the '\"singleProjectMode\": false' property in the firebase.json emulators config.\n"}}
[debug] [2026-09-15T14:17:08.201Z] Multiple projectIds are not recommended in single project mode. Requested project ID demo-not-the-rug-firestore-rules, but the emulator is configured for demo-not-the-rug. To opt-out of single project mode add/set the '"singleProjectMode": false' property in the firebase.json emulators config.
 {"metadata":{"emulator":{"name":"firestore"},"message":"Multiple projectIds are not recommended in single project mode. Requested project ID demo-not-the-rug-firestore-rules, but the emulator is configured for demo-not-the-rug. To opt-out of single project mode add/set the '\"singleProjectMode\": false' property in the firebase.json emulators config.\n"}}
[debug] [2026-09-15T14:17:08.212Z] Multiple projectIds are not recommended in single project mode. Requested project ID demo-not-the-rug-firestore-rules, but the emulator is configured for demo-not-the-rug. To opt-out of single project mode add/set the '"singleProjectMode": false' property in the firebase.json emulators config.
 {"metadata":{"emulator":{"name":"firestore"},"message":"Multiple projectIds are not recommended in single project mode. Requested project ID demo-not-the-rug-firestore-rules, but the emulator is configured for demo-not-the-rug. To opt-out of single project mode add/set the '\"singleProjectMode\": false' property in the firebase.json emulators config.\n"}}
[debug] [2026-09-15T14:17:08.216Z] Sep 15, 2026 9:17:08 AM com.google.cloud.datastore.emulator.impl.util.WrappedStreamObserver onError
WARNING: Operation failed: 
false for 'create' @ L25, false for 'create' @ L49, false for 'update' @ L25, false for 'update' @ L49
com.google.cloud.datastore.core.exception.DatastoreException: 
false for 'create' @ L25, false for 'create' @ L49, false for 'update' @ L25, false for 'update' @ L49
	at com.google.cloud.datastore.core.exception.DatastoreException$Builder.build(DatastoreException.java:152)
	at com.google.cloud.datastore.emulator.impl.rules.DefaultEmulatorRulesAuthorizer.verboseError(DefaultEmulatorRulesAuthorizer.java:349)
	at com.google.cloud.datastore.emulator.impl.rules.DefaultEmulatorRulesAuthorizer.withVerboseErrors(DefaultEmulatorRulesAuthorizer.java:326)
	at com.google.cloud.datastore.emulator.impl.rules.DefaultEmulatorRulesAuthorizer.checkCommit(DefaultEmulatorRulesAuthorizer.java:114)
	at com.google.cloud.datastore.emulator.impl.firestore.FirestoreEmulatorHelper.commitHelper(FirestoreEmulatorHelper.java:385)
	at com.google.cloud.datastore.emulator.impl.firestore.FirestoreEmulatorHelper.internalCommit(FirestoreEmulatorHelper.java:339)
	at com.google.cloud.datastore.emulator.impl.firestore.CloudFirestoreV1.internalCommit(CloudFirestoreV1.java:1243)
	at com.google.cloud.datastore.emulator.impl.firestore.CloudFirestoreV1.write(CloudFirestoreV1.java:1231)
	at com.google.cloud.datastore.emulator.impl.firestore.CloudFirestoreV1WriteStream.handleRequest(CloudFirestoreV1WriteStream.java:222)
	at com.google.cloud.datastore.emulator.impl.firestore.CloudFirestoreV1WriteStream.write(CloudFirestoreV1WriteStream.java:144)
	at com.google.cloud.datastore.emulator.impl.firestore.CloudFirestoreV1WriteStream.onNext(CloudFirestoreV1WriteStream.java:99)
	at com.google.cloud.datastore.emulator.impl.firestore.CloudFirestoreV1WriteStream.onNext(CloudFirestoreV1WriteStream.java:27)
	at io.grpc.stub.ServerCalls$StreamingServerCallHandler$StreamingServerCallListener.onMessage(ServerCalls.java:262)
	at io.grpc.ForwardingServerCallListener.onMessage(ForwardingServerCallListener.java:33)
	at io.grpc.Contexts$ContextualizedServerCallListener.onMessage(Contexts.java:76)
	at io.grpc.ForwardingServerCallListener.onMessage(ForwardingServerCallListener.java:33)
	at io.grpc.Contexts$ContextualizedServerCallListener.onMessage(Contexts.java:76)
	at io.grpc.internal.ServerCallImpl$ServerStreamListenerImpl.messagesAvailableInternal(ServerCallImpl.java:334)
	at io.grpc.internal.ServerCallImpl$ServerStreamListenerImpl.messagesAvailable(ServerCallImpl.java:319)
	at io.grpc.internal.ServerImpl$JumpToApplicationThreadServerStreamListener$1MessagesAvailable.runInContext(ServerImpl.java:834)
	at io.grpc.internal.ContextRunnable.run(ContextRunnable.java:37)
	at io.grpc.internal.SerializingExecutor.run(SerializingExecutor.java:133)
	at java.base/java.util.concurrent.ThreadPoolExecutor.runWorker(ThreadPoolExecutor.java:1144)
	at java.base/java.util.concurrent.ThreadPoolExecutor$Worker.run(ThreadPoolExecutor.java:642)
	at java.base/java.lang.Thread.run(Thread.java:1583)

 {"metadata":{"emulator":{"name":"firestore"},"message":"Sep 15, 2026 9:17:08 AM com.google.cloud.datastore.emulator.impl.util.WrappedStreamObserver onError\nWARNING: Operation failed: \nfalse for 'create' @ L25, false for 'create' @ L49, false for 'update' @ L25, false for 'update' @ L49\ncom.google.cloud.datastore.core.exception.DatastoreException: \nfalse for 'create' @ L25, false for 'create' @ L49, false for 'update' @ L25, false for 'update' @ L49\n\tat com.google.cloud.datastore.core.exception.DatastoreException$Builder.build(DatastoreException.java:152)\n\tat com.google.cloud.datastore.emulator.impl.rules.DefaultEmulatorRulesAuthorizer.verboseError(DefaultEmulatorRulesAuthorizer.java:349)\n\tat com.google.cloud.datastore.emulator.impl.rules.DefaultEmulatorRulesAuthorizer.withVerboseErrors(DefaultEmulatorRulesAuthorizer.java:326)\n\tat com.google.cloud.datastore.emulator.impl.rules.DefaultEmulatorRulesAuthorizer.checkCommit(DefaultEmulatorRulesAuthorizer.java:114)\n\tat com.google.cloud.datastore.emulator.impl.firestore.FirestoreEmulatorHelper.commitHelper(FirestoreEmulatorHelper.java:385)\n\tat com.google.cloud.datastore.emulator.impl.firestore.FirestoreEmulatorHelper.internalCommit(FirestoreEmulatorHelper.java:339)\n\tat com.google.cloud.datastore.emulator.impl.firestore.CloudFirestoreV1.internalCommit(CloudFirestoreV1.java:1243)\n\tat com.google.cloud.datastore.emulator.impl.firestore.CloudFirestoreV1.write(CloudFirestoreV1.java:1231)\n\tat com.google.cloud.datastore.emulator.impl.firestore.CloudFirestoreV1WriteStream.handleRequest(CloudFirestoreV1WriteStream.java:222)\n\tat com.google.cloud.datastore.emulator.impl.firestore.CloudFirestoreV1WriteStream.write(CloudFirestoreV1WriteStream.java:144)\n\tat com.google.cloud.datastore.emulator.impl.firestore.CloudFirestoreV1WriteStream.onNext(CloudFirestoreV1WriteStream.java:99)\n\tat com.google.cloud.datastore.emulator.impl.firestore.CloudFirestoreV1WriteStream.onNext(CloudFirestoreV1WriteStream.java:27)\n\tat io.grpc.stub.ServerCalls$StreamingServerCallHandler$StreamingServerCallListener.onMessage(ServerCalls.java:262)\n\tat io.grpc.ForwardingServerCallListener.onMessage(ForwardingServerCallListener.java:33)\n\tat io.grpc.Contexts$ContextualizedServerCallListener.onMessage(Contexts.java:76)\n\tat io.grpc.ForwardingServerCallListener.onMessage(ForwardingServerCallListener.java:33)\n\tat io.grpc.Contexts$ContextualizedServerCallListener.onMessage(Contexts.java:76)\n\tat io.grpc.internal.ServerCallImpl$ServerStreamListenerImpl.messagesAvailableInternal(ServerCallImpl.java:334)\n\tat io.grpc.internal.ServerCallImpl$ServerStreamListenerImpl.messagesAvailable(ServerCallImpl.java:319)\n\tat io.grpc.internal.ServerImpl$JumpToApplicationThreadServerStreamListener$1MessagesAvailable.runInContext(ServerImpl.java:834)\n\tat io.grpc.internal.ContextRunnable.run(ContextRunnable.java:37)\n\tat io.grpc.internal.SerializingExecutor.run(SerializingExecutor.java:133)\n\tat java.base/java.util.concurrent.ThreadPoolExecutor.runWorker(ThreadPoolExecutor.java:1144)\n\tat java.base/java.util.concurrent.ThreadPoolExecutor$Worker.run(ThreadPoolExecutor.java:642)\n\tat java.base/java.lang.Thread.run(Thread.java:1583)\n\n"}}
[debug] [2026-09-15T14:17:08.345Z] Sep 15, 2026 9:17:08 AM io.gapi.emulators.netty.HttpVersionRoutingHandler channelRead
INFO: Detected non-HTTP/2 connection.
 {"metadata":{"emulator":{"name":"firestore"},"message":"Sep 15, 2026 9:17:08 AM io.gapi.emulators.netty.HttpVersionRoutingHandler channelRead\nINFO: Detected non-HTTP/2 connection.\n"}}
[debug] [2026-09-15T14:17:08.349Z] Sep 15, 2026 9:17:08 AM io.gapi.emulators.netty.HttpVersionRoutingHandler channelRead
INFO: Detected non-HTTP/2 connection.
 {"metadata":{"emulator":{"name":"firestore"},"message":"Sep 15, 2026 9:17:08 AM io.gapi.emulators.netty.HttpVersionRoutingHandler channelRead\nINFO: Detected non-HTTP/2 connection.\n"}}
[debug] [2026-09-15T14:17:08.351Z] Multiple projectIds are not recommended in single project mode. Requested project ID demo-not-the-rug-storage-rules, but the emulator is configured for demo-not-the-rug. To opt-out of single project mode add/set the '"singleProjectMode": false' property in the firebase.json emulators config.
 {"metadata":{"emulator":{"name":"firestore"},"message":"Multiple projectIds are not recommended in single project mode. Requested project ID demo-not-the-rug-storage-rules, but the emulator is configured for demo-not-the-rug. To opt-out of single project mode add/set the '\"singleProjectMode\": false' property in the firebase.json emulators config.\n"}}
[debug] [2026-09-15T14:17:45.289Z] Sep 15, 2026 9:17:45 AM io.gapi.emulators.netty.HttpVersionRoutingHandler channelRead
INFO: Detected non-HTTP/2 connection.
 {"metadata":{"emulator":{"name":"firestore"},"message":"Sep 15, 2026 9:17:45 AM io.gapi.emulators.netty.HttpVersionRoutingHandler channelRead\nINFO: Detected non-HTTP/2 connection.\n"}}
[debug] [2026-09-15T14:17:45.295Z] Sep 15, 2026 9:17:45 AM io.gapi.emulators.netty.HttpVersionRoutingHandler channelRead
INFO: Detected non-HTTP/2 connection.
 {"metadata":{"emulator":{"name":"firestore"},"message":"Sep 15, 2026 9:17:45 AM io.gapi.emulators.netty.HttpVersionRoutingHandler channelRead\nINFO: Detected non-HTTP/2 connection.\n"}}
[debug] [2026-09-15T14:17:45.304Z] Multiple projectIds are not recommended in single project mode. Requested project ID demo-lead-integration, but the emulator is configured for demo-not-the-rug. To opt-out of single project mode add/set the '"singleProjectMode": false' property in the firebase.json emulators config.
 {"metadata":{"emulator":{"name":"firestore"},"message":"Multiple projectIds are not recommended in single project mode. Requested project ID demo-lead-integration, but the emulator is configured for demo-not-the-rug. To opt-out of single project mode add/set the '\"singleProjectMode\": false' property in the firebase.json emulators config.\n"}}
[debug] [2026-09-15T14:17:45.469Z] Multiple projectIds are not recommended in single project mode. Requested project ID demo-lead-integration, but the emulator is configured for demo-not-the-rug. To opt-out of single project mode add/set the '"singleProjectMode": false' property in the firebase.json emulators config.
 {"metadata":{"emulator":{"name":"firestore"},"message":"Multiple projectIds are not recommended in single project mode. Requested project ID demo-lead-integration, but the emulator is configured for demo-not-the-rug. To opt-out of single project mode add/set the '\"singleProjectMode\": false' property in the firebase.json emulators config.\n"}}
[debug] [2026-09-15T14:17:45.471Z] Multiple projectIds are not recommended in single project mode. Requested project ID demo-lead-integration, but the emulator is configured for demo-not-the-rug. To opt-out of single project mode add/set the '"singleProjectMode": false' property in the firebase.json emulators config.
 {"metadata":{"emulator":{"name":"firestore"},"message":"Multiple projectIds are not recommended in single project mode. Requested project ID demo-lead-integration, but the emulator is configured for demo-not-the-rug. To opt-out of single project mode add/set the '\"singleProjectMode\": false' property in the firebase.json emulators config.\n"}}
[debug] [2026-09-15T14:17:45.473Z] Multiple projectIds are not recommended in single project mode. Requested project ID demo-lead-integration, but the emulator is configured for demo-not-the-rug. To opt-out of single project mode add/set the '"singleProjectMode": false' property in the firebase.json emulators config.
 {"metadata":{"emulator":{"name":"firestore"},"message":"Multiple projectIds are not recommended in single project mode. Requested project ID demo-lead-integration, but the emulator is configured for demo-not-the-rug. To opt-out of single project mode add/set the '\"singleProjectMode\": false' property in the firebase.json emulators config.\n"}}
[debug] [2026-09-15T14:17:45.475Z] Multiple projectIds are not recommended in single project mode. Requested project ID demo-lead-integration, but the emulator is configured for demo-not-the-rug. To opt-out of single project mode add/set the '"singleProjectMode": false' property in the firebase.json emulators config.
 {"metadata":{"emulator":{"name":"firestore"},"message":"Multiple projectIds are not recommended in single project mode. Requested project ID demo-lead-integration, but the emulator is configured for demo-not-the-rug. To opt-out of single project mode add/set the '\"singleProjectMode\": false' property in the firebase.json emulators config.\n"}}
[debug] [2026-09-15T14:17:45.477Z] Multiple projectIds are not recommended in single project mode. Requested project ID demo-lead-integration, but the emulator is configured for demo-not-the-rug. To opt-out of single project mode add/set the '"singleProjectMode": false' property in the firebase.json emulators config.
 {"metadata":{"emulator":{"name":"firestore"},"message":"Multiple projectIds are not recommended in single project mode. Requested project ID demo-lead-integration, but the emulator is configured for demo-not-the-rug. To opt-out of single project mode add/set the '\"singleProjectMode\": false' property in the firebase.json emulators config.\n"}}
[debug] [2026-09-15T14:17:45.479Z] Multiple projectIds are not recommended in single project mode. Requested project ID demo-lead-integration, but the emulator is configured for demo-not-the-rug. To opt-out of single project mode add/set the '"singleProjectMode": false' property in the firebase.json emulators config.
 {"metadata":{"emulator":{"name":"firestore"},"message":"Multiple projectIds are not recommended in single project mode. Requested project ID demo-lead-integration, but the emulator is configured for demo-not-the-rug. To opt-out of single project mode add/set the '\"singleProjectMode\": false' property in the firebase.json emulators config.\n"}}
[debug] [2026-09-15T14:17:45.480Z] Multiple projectIds are not recommended in single project mode. Requested project ID demo-lead-integration, but the emulator is configured for demo-not-the-rug. To opt-out of single project mode add/set the '"singleProjectMode": false' property in the firebase.json emulators config.
 {"metadata":{"emulator":{"name":"firestore"},"message":"Multiple projectIds are not recommended in single project mode. Requested project ID demo-lead-integration, but the emulator is configured for demo-not-the-rug. To opt-out of single project mode add/set the '\"singleProjectMode\": false' property in the firebase.json emulators config.\n"}}
[debug] [2026-09-15T14:17:45.482Z] Multiple projectIds are not recommended in single project mode. Requested project ID demo-lead-integration, but the emulator is configured for demo-not-the-rug. To opt-out of single project mode add/set the '"singleProjectMode": false' property in the firebase.json emulators config.
 {"metadata":{"emulator":{"name":"firestore"},"message":"Multiple projectIds are not recommended in single project mode. Requested project ID demo-lead-integration, but the emulator is configured for demo-not-the-rug. To opt-out of single project mode add/set the '\"singleProjectMode\": false' property in the firebase.json emulators config.\n"}}
[debug] [2026-09-15T14:17:45.484Z] Multiple projectIds are not recommended in single project mode. Requested project ID demo-lead-integration, but the emulator is configured for demo-not-the-rug. To opt-out of single project mode add/set the '"singleProjectMode": false' property in the firebase.json emulators config.
 {"metadata":{"emulator":{"name":"firestore"},"message":"Multiple projectIds are not recommended in single project mode. Requested project ID demo-lead-integration, but the emulator is configured for demo-not-the-rug. To opt-out of single project mode add/set the '\"singleProjectMode\": false' property in the firebase.json emulators config.\n"}}
[debug] [2026-09-15T14:18:09.363Z] Sep 15, 2026 9:18:09 AM io.gapi.emulators.netty.HttpVersionRoutingHandler channelRead
INFO: Detected non-HTTP/2 connection.
 {"metadata":{"emulator":{"name":"firestore"},"message":"Sep 15, 2026 9:18:09 AM io.gapi.emulators.netty.HttpVersionRoutingHandler channelRead\nINFO: Detected non-HTTP/2 connection.\n"}}
[debug] [2026-09-15T14:18:09.368Z] Sep 15, 2026 9:18:09 AM io.gapi.emulators.netty.HttpVersionRoutingHandler channelRead
INFO: Detected non-HTTP/2 connection.
 {"metadata":{"emulator":{"name":"firestore"},"message":"Sep 15, 2026 9:18:09 AM io.gapi.emulators.netty.HttpVersionRoutingHandler channelRead\nINFO: Detected non-HTTP/2 connection.\n"}}
[debug] [2026-09-15T14:18:09.374Z] Multiple projectIds are not recommended in single project mode. Requested project ID demo-lead-integration, but the emulator is configured for demo-not-the-rug. To opt-out of single project mode add/set the '"singleProjectMode": false' property in the firebase.json emulators config.
 {"metadata":{"emulator":{"name":"firestore"},"message":"Multiple projectIds are not recommended in single project mode. Requested project ID demo-lead-integration, but the emulator is configured for demo-not-the-rug. To opt-out of single project mode add/set the '\"singleProjectMode\": false' property in the firebase.json emulators config.\n"}}
[debug] [2026-09-15T14:18:09.445Z] Multiple projectIds are not recommended in single project mode. Requested project ID demo-lead-integration, but the emulator is configured for demo-not-the-rug. To opt-out of single project mode add/set the '"singleProjectMode": false' property in the firebase.json emulators config.
 {"metadata":{"emulator":{"name":"firestore"},"message":"Multiple projectIds are not recommended in single project mode. Requested project ID demo-lead-integration, but the emulator is configured for demo-not-the-rug. To opt-out of single project mode add/set the '\"singleProjectMode\": false' property in the firebase.json emulators config.\n"}}
[debug] [2026-09-15T14:18:09.460Z] Multiple projectIds are not recommended in single project mode. Requested project ID demo-lead-integration, but the emulator is configured for demo-not-the-rug. To opt-out of single project mode add/set the '"singleProjectMode": false' property in the firebase.json emulators config.
 {"metadata":{"emulator":{"name":"firestore"},"message":"Multiple projectIds are not recommended in single project mode. Requested project ID demo-lead-integration, but the emulator is configured for demo-not-the-rug. To opt-out of single project mode add/set the '\"singleProjectMode\": false' property in the firebase.json emulators config.\n"}}
[debug] [2026-09-15T14:18:09.462Z] Sep 15, 2026 9:18:09 AM com.google.cloud.datastore.emulator.impl.util.WrappedStreamObserver onError
WARNING: Operation failed: Document (projects/demo-lead-integration/databases/(default)/documents/leads/ac49bf6a86deb2f01dd4ffbbf9b796281e326cd586cc97fc6f59d82194c10f45) not found.
com.google.cloud.datastore.core.exception.DatastoreException: Document (projects/demo-lead-integration/databases/(default)/documents/leads/ac49bf6a86deb2f01dd4ffbbf9b796281e326cd586cc97fc6f59d82194c10f45) not found.
	at com.google.cloud.datastore.emulator.impl.firestore.CloudFirestoreV1.getDocument(CloudFirestoreV1.java:340)
	at com.google.cloud.datastore.emulator.impl.firestore.CloudFirestoreV1Router.getDocument(CloudFirestoreV1Router.java:132)
	at com.google.cloud.datastore.emulator.impl.firestore.CloudFirestoreV1Router.getOrListDocuments(CloudFirestoreV1Router.java:126)
	at com.google.cloud.datastore.emulator.firestore.v1.FirestoreV1GrpcAdapter$1.lambda$getOrListDocuments$0(FirestoreV1GrpcAdapter.java:108)
	at com.google.cloud.datastore.emulator.firestore.v1.FirestoreV1GrpcAdapter.unary(FirestoreV1GrpcAdapter.java:72)
	at com.google.cloud.datastore.emulator.firestore.v1.FirestoreV1GrpcAdapter$1.getOrListDocuments(FirestoreV1GrpcAdapter.java:108)
	at com.google.firestore.v1.FirestoreGrpc$MethodHandlers.invoke(FirestoreGrpc.java:1376)
	at io.grpc.stub.ServerCalls$UnaryServerCallHandler$UnaryServerCallListener.onHalfClose(ServerCalls.java:182)
	at io.grpc.PartialForwardingServerCallListener.onHalfClose(PartialForwardingServerCallListener.java:35)
	at io.grpc.ForwardingServerCallListener.onHalfClose(ForwardingServerCallListener.java:23)
	at io.grpc.ForwardingServerCallListener$SimpleForwardingServerCallListener.onHalfClose(ForwardingServerCallListener.java:40)
	at io.grpc.Contexts$ContextualizedServerCallListener.onHalfClose(Contexts.java:86)
	at io.grpc.PartialForwardingServerCallListener.onHalfClose(PartialForwardingServerCallListener.java:35)
	at io.grpc.ForwardingServerCallListener.onHalfClose(ForwardingServerCallListener.java:23)
	at io.grpc.ForwardingServerCallListener$SimpleForwardingServerCallListener.onHalfClose(ForwardingServerCallListener.java:40)
	at io.grpc.Contexts$ContextualizedServerCallListener.onHalfClose(Contexts.java:86)
	at io.grpc.internal.ServerCallImpl$ServerStreamListenerImpl.halfClosed(ServerCallImpl.java:356)
	at io.grpc.internal.ServerImpl$JumpToApplicationThreadServerStreamListener$1HalfClosed.runInContext(ServerImpl.java:861)
	at io.grpc.internal.ContextRunnable.run(ContextRunnable.java:37)
	at io.grpc.internal.SerializingExecutor.run(SerializingExecutor.java:133)
	at java.base/java.util.concurrent.ThreadPoolExecutor.runWorker(ThreadPoolExecutor.java:1144)
	at java.base/java.util.concurrent.ThreadPoolExecutor$Worker.run(ThreadPoolExecutor.java:642)
	at java.base/java.lang.Thread.run(Thread.java:1583)

 {"metadata":{"emulator":{"name":"firestore"},"message":"Sep 15, 2026 9:18:09 AM com.google.cloud.datastore.emulator.impl.util.WrappedStreamObserver onError\nWARNING: Operation failed: Document (projects/demo-lead-integration/databases/(default)/documents/leads/ac49bf6a86deb2f01dd4ffbbf9b796281e326cd586cc97fc6f59d82194c10f45) not found.\ncom.google.cloud.datastore.core.exception.DatastoreException: Document (projects/demo-lead-integration/databases/(default)/documents/leads/ac49bf6a86deb2f01dd4ffbbf9b796281e326cd586cc97fc6f59d82194c10f45) not found.\n\tat com.google.cloud.datastore.emulator.impl.firestore.CloudFirestoreV1.getDocument(CloudFirestoreV1.java:340)\n\tat com.google.cloud.datastore.emulator.impl.firestore.CloudFirestoreV1Router.getDocument(CloudFirestoreV1Router.java:132)\n\tat com.google.cloud.datastore.emulator.impl.firestore.CloudFirestoreV1Router.getOrListDocuments(CloudFirestoreV1Router.java:126)\n\tat com.google.cloud.datastore.emulator.firestore.v1.FirestoreV1GrpcAdapter$1.lambda$getOrListDocuments$0(FirestoreV1GrpcAdapter.java:108)\n\tat com.google.cloud.datastore.emulator.firestore.v1.FirestoreV1GrpcAdapter.unary(FirestoreV1GrpcAdapter.java:72)\n\tat com.google.cloud.datastore.emulator.firestore.v1.FirestoreV1GrpcAdapter$1.getOrListDocuments(FirestoreV1GrpcAdapter.java:108)\n\tat com.google.firestore.v1.FirestoreGrpc$MethodHandlers.invoke(FirestoreGrpc.java:1376)\n\tat io.grpc.stub.ServerCalls$UnaryServerCallHandler$UnaryServerCallListener.onHalfClose(ServerCalls.java:182)\n\tat io.grpc.PartialForwardingServerCallListener.onHalfClose(PartialForwardingServerCallListener.java:35)\n\tat io.grpc.ForwardingServerCallListener.onHalfClose(ForwardingServerCallListener.java:23)\n\tat io.grpc.ForwardingServerCallListener$SimpleForwardingServerCallListener.onHalfClose(ForwardingServerCallListener.java:40)\n\tat io.grpc.Contexts$ContextualizedServerCallListener.onHalfClose(Contexts.java:86)\n\tat io.grpc.PartialForwardingServerCallListener.onHalfClose(PartialForwardingServerCallListener.java:35)\n\tat io.grpc.ForwardingServerCallListener.onHalfClose(ForwardingServerCallListener.java:23)\n\tat io.grpc.ForwardingServerCallListener$SimpleForwardingServerCallListener.onHalfClose(ForwardingServerCallListener.java:40)\n\tat io.grpc.Contexts$ContextualizedServerCallListener.onHalfClose(Contexts.java:86)\n\tat io.grpc.internal.ServerCallImpl$ServerStreamListenerImpl.halfClosed(ServerCallImpl.java:356)\n\tat io.grpc.internal.ServerImpl$JumpToApplicationThreadServerStreamListener$1HalfClosed.runInContext(ServerImpl.java:861)\n\tat io.grpc.internal.ContextRunnable.run(ContextRunnable.java:37)\n\tat io.grpc.internal.SerializingExecutor.run(SerializingExecutor.java:133)\n\tat java.base/java.util.concurrent.ThreadPoolExecutor.runWorker(ThreadPoolExecutor.java:1144)\n\tat java.base/java.util.concurrent.ThreadPoolExecutor$Worker.run(ThreadPoolExecutor.java:642)\n\tat java.base/java.lang.Thread.run(Thread.java:1583)\n\n"}}
[debug] [2026-09-15T14:18:09.462Z] Sep 15, 2026 9:18:09 AM io.gapi.emulators.netty.HttpHandler$1 onError
INFO: Exception when handling request: NOT_FOUND: Document (projects/demo-lead-integration/databases/(default)/documents/leads/ac49bf6a86deb2f01dd4ffbbf9b796281e326cd586cc97fc6f59d82194c10f45) not found.
 {"metadata":{"emulator":{"name":"firestore"},"message":"Sep 15, 2026 9:18:09 AM io.gapi.emulators.netty.HttpHandler$1 onError\nINFO: Exception when handling request: NOT_FOUND: Document (projects/demo-lead-integration/databases/(default)/documents/leads/ac49bf6a86deb2f01dd4ffbbf9b796281e326cd586cc97fc6f59d82194c10f45) not found.\n"}}
[debug] [2026-09-15T14:18:09.466Z] Multiple projectIds are not recommended in single project mode. Requested project ID demo-lead-integration, but the emulator is configured for demo-not-the-rug. To opt-out of single project mode add/set the '"singleProjectMode": false' property in the firebase.json emulators config.
 {"metadata":{"emulator":{"name":"firestore"},"message":"Multiple projectIds are not recommended in single project mode. Requested project ID demo-lead-integration, but the emulator is configured for demo-not-the-rug. To opt-out of single project mode add/set the '\"singleProjectMode\": false' property in the firebase.json emulators config.\n"}}
[debug] [2026-09-15T14:18:09.473Z] Multiple projectIds are not recommended in single project mode. Requested project ID demo-lead-integration, but the emulator is configured for demo-not-the-rug. To opt-out of single project mode add/set the '"singleProjectMode": false' property in the firebase.json emulators config.
 {"metadata":{"emulator":{"name":"firestore"},"message":"Multiple projectIds are not recommended in single project mode. Requested project ID demo-lead-integration, but the emulator is configured for demo-not-the-rug. To opt-out of single project mode add/set the '\"singleProjectMode\": false' property in the firebase.json emulators config.\n"}}
[debug] [2026-09-15T14:18:09.477Z] Multiple projectIds are not recommended in single project mode. Requested project ID demo-lead-integration, but the emulator is configured for demo-not-the-rug. To opt-out of single project mode add/set the '"singleProjectMode": false' property in the firebase.json emulators config.
 {"metadata":{"emulator":{"name":"firestore"},"message":"Multiple projectIds are not recommended in single project mode. Requested project ID demo-lead-integration, but the emulator is configured for demo-not-the-rug. To opt-out of single project mode add/set the '\"singleProjectMode\": false' property in the firebase.json emulators config.\n"}}
[debug] [2026-09-15T14:18:09.482Z] Multiple projectIds are not recommended in single project mode. Requested project ID demo-lead-integration, but the emulator is configured for demo-not-the-rug. To opt-out of single project mode add/set the '"singleProjectMode": false' property in the firebase.json emulators config.
 {"metadata":{"emulator":{"name":"firestore"},"message":"Multiple projectIds are not recommended in single project mode. Requested project ID demo-lead-integration, but the emulator is configured for demo-not-the-rug. To opt-out of single project mode add/set the '\"singleProjectMode\": false' property in the firebase.json emulators config.\n"}}
[debug] [2026-09-15T14:18:09.498Z] Multiple projectIds are not recommended in single project mode. Requested project ID demo-lead-integration, but the emulator is configured for demo-not-the-rug. To opt-out of single project mode add/set the '"singleProjectMode": false' property in the firebase.json emulators config.
 {"metadata":{"emulator":{"name":"firestore"},"message":"Multiple projectIds are not recommended in single project mode. Requested project ID demo-lead-integration, but the emulator is configured for demo-not-the-rug. To opt-out of single project mode add/set the '\"singleProjectMode\": false' property in the firebase.json emulators config.\n"}}
[debug] [2026-09-15T14:18:09.501Z] Multiple projectIds are not recommended in single project mode. Requested project ID demo-lead-integration, but the emulator is configured for demo-not-the-rug. To opt-out of single project mode add/set the '"singleProjectMode": false' property in the firebase.json emulators config.
 {"metadata":{"emulator":{"name":"firestore"},"message":"Multiple projectIds are not recommended in single project mode. Requested project ID demo-lead-integration, but the emulator is configured for demo-not-the-rug. To opt-out of single project mode add/set the '\"singleProjectMode\": false' property in the firebase.json emulators config.\n"}}
[debug] [2026-09-15T14:18:09.501Z] Sep 15, 2026 9:18:09 AM com.google.cloud.datastore.emulator.impl.util.WrappedStreamObserver onError
WARNING: Operation failed: Document (projects/demo-lead-integration/databases/(default)/documents/leads/f805d04d1bd72a6401a11d5643a0b8d0fe4aeb7808c4b0c7e908d9a58ce468f2) not found.
com.google.cloud.datastore.core.exception.DatastoreException: Document (projects/demo-lead-integration/databases/(default)/documents/leads/f805d04d1bd72a6401a11d5643a0b8d0fe4aeb7808c4b0c7e908d9a58ce468f2) not found.
	at com.google.cloud.datastore.emulator.impl.firestore.CloudFirestoreV1.getDocument(CloudFirestoreV1.java:340)
	at com.google.cloud.datastore.emulator.impl.firestore.CloudFirestoreV1Router.getDocument(CloudFirestoreV1Router.java:132)
	at com.google.cloud.datastore.emulator.impl.firestore.CloudFirestoreV1Router.getOrListDocuments(CloudFirestoreV1Router.java:126)
	at com.google.cloud.datastore.emulator.firestore.v1.FirestoreV1GrpcAdapter$1.lambda$getOrListDocuments$0(FirestoreV1GrpcAdapter.java:108)
	at com.google.cloud.datastore.emulator.firestore.v1.FirestoreV1GrpcAdapter.unary(FirestoreV1GrpcAdapter.java:72)
	at com.google.cloud.datastore.emulator.firestore.v1.FirestoreV1GrpcAdapter$1.getOrListDocuments(FirestoreV1GrpcAdapter.java:108)
	at com.google.firestore.v1.FirestoreGrpc$MethodHandlers.invoke(FirestoreGrpc.java:1376)
	at io.grpc.stub.ServerCalls$UnaryServerCallHandler$UnaryServerCallListener.onHalfClose(ServerCalls.java:182)
	at io.grpc.PartialForwardingServerCallListener.onHalfClose(PartialForwardingServerCallListener.java:35)
	at io.grpc.ForwardingServerCallListener.onHalfClose(ForwardingServerCallListener.java:23)
	at io.grpc.ForwardingServerCallListener$SimpleForwardingServerCallListener.onHalfClose(ForwardingServerCallListener.java:40)
	at io.grpc.Contexts$ContextualizedServerCallListener.onHalfClose(Contexts.java:86)
	at io.grpc.PartialForwardingServerCallListener.onHalfClose(PartialForwardingServerCallListener.java:35)
	at io.grpc.ForwardingServerCallListener.onHalfClose(ForwardingServerCallListener.java:23)
	at io.grpc.ForwardingServerCallListener$SimpleForwardingServerCallListener.onHalfClose(ForwardingServerCallListener.java:40)
	at io.grpc.Contexts$ContextualizedServerCallListener.onHalfClose(Contexts.java:86)
	at io.grpc.internal.ServerCallImpl$ServerStreamListenerImpl.halfClosed(ServerCallImpl.java:356)
	at io.grpc.internal.ServerImpl$JumpToApplicationThreadServerStreamListener$1HalfClosed.runInContext(ServerImpl.java:861)
	at io.grpc.internal.ContextRunnable.run(ContextRunnable.java:37)
	at io.grpc.internal.SerializingExecutor.run(SerializingExecutor.java:133)
	at java.base/java.util.concurrent.ThreadPoolExecutor.runWorker(ThreadPoolExecutor.java:1144)
	at java.base/java.util.concurrent.ThreadPoolExecutor$Worker.run(ThreadPoolExecutor.java:642)
	at java.base/java.lang.Thread.run(Thread.java:1583)

 {"metadata":{"emulator":{"name":"firestore"},"message":"Sep 15, 2026 9:18:09 AM com.google.cloud.datastore.emulator.impl.util.WrappedStreamObserver onError\nWARNING: Operation failed: Document (projects/demo-lead-integration/databases/(default)/documents/leads/f805d04d1bd72a6401a11d5643a0b8d0fe4aeb7808c4b0c7e908d9a58ce468f2) not found.\ncom.google.cloud.datastore.core.exception.DatastoreException: Document (projects/demo-lead-integration/databases/(default)/documents/leads/f805d04d1bd72a6401a11d5643a0b8d0fe4aeb7808c4b0c7e908d9a58ce468f2) not found.\n\tat com.google.cloud.datastore.emulator.impl.firestore.CloudFirestoreV1.getDocument(CloudFirestoreV1.java:340)\n\tat com.google.cloud.datastore.emulator.impl.firestore.CloudFirestoreV1Router.getDocument(CloudFirestoreV1Router.java:132)\n\tat com.google.cloud.datastore.emulator.impl.firestore.CloudFirestoreV1Router.getOrListDocuments(CloudFirestoreV1Router.java:126)\n\tat com.google.cloud.datastore.emulator.firestore.v1.FirestoreV1GrpcAdapter$1.lambda$getOrListDocuments$0(FirestoreV1GrpcAdapter.java:108)\n\tat com.google.cloud.datastore.emulator.firestore.v1.FirestoreV1GrpcAdapter.unary(FirestoreV1GrpcAdapter.java:72)\n\tat com.google.cloud.datastore.emulator.firestore.v1.FirestoreV1GrpcAdapter$1.getOrListDocuments(FirestoreV1GrpcAdapter.java:108)\n\tat com.google.firestore.v1.FirestoreGrpc$MethodHandlers.invoke(FirestoreGrpc.java:1376)\n\tat io.grpc.stub.ServerCalls$UnaryServerCallHandler$UnaryServerCallListener.onHalfClose(ServerCalls.java:182)\n\tat io.grpc.PartialForwardingServerCallListener.onHalfClose(PartialForwardingServerCallListener.java:35)\n\tat io.grpc.ForwardingServerCallListener.onHalfClose(ForwardingServerCallListener.java:23)\n\tat io.grpc.ForwardingServerCallListener$SimpleForwardingServerCallListener.onHalfClose(ForwardingServerCallListener.java:40)\n\tat io.grpc.Contexts$ContextualizedServerCallListener.onHalfClose(Contexts.java:86)\n\tat io.grpc.PartialForwardingServerCallListener.onHalfClose(PartialForwardingServerCallListener.java:35)\n\tat io.grpc.ForwardingServerCallListener.onHalfClose(ForwardingServerCallListener.java:23)\n\tat io.grpc.ForwardingServerCallListener$SimpleForwardingServerCallListener.onHalfClose(ForwardingServerCallListener.java:40)\n\tat io.grpc.Contexts$ContextualizedServerCallListener.onHalfClose(Contexts.java:86)\n\tat io.grpc.internal.ServerCallImpl$ServerStreamListenerImpl.halfClosed(ServerCallImpl.java:356)\n\tat io.grpc.internal.ServerImpl$JumpToApplicationThreadServerStreamListener$1HalfClosed.runInContext(ServerImpl.java:861)\n\tat io.grpc.internal.ContextRunnable.run(ContextRunnable.java:37)\n\tat io.grpc.internal.SerializingExecutor.run(SerializingExecutor.java:133)\n\tat java.base/java.util.concurrent.ThreadPoolExecutor.runWorker(ThreadPoolExecutor.java:1144)\n\tat java.base/java.util.concurrent.ThreadPoolExecutor$Worker.run(ThreadPoolExecutor.java:642)\n\tat java.base/java.lang.Thread.run(Thread.java:1583)\n\n"}}
[debug] [2026-09-15T14:18:09.502Z] Sep 15, 2026 9:18:09 AM io.gapi.emulators.netty.HttpHandler$1 onError
INFO: Exception when handling request: NOT_FOUND: Document (projects/demo-lead-integration/databases/(default)/documents/leads/f805d04d1bd72a6401a11d5643a0b8d0fe4aeb7808c4b0c7e908d9a58ce468f2) not found.
 {"metadata":{"emulator":{"name":"firestore"},"message":"Sep 15, 2026 9:18:09 AM io.gapi.emulators.netty.HttpHandler$1 onError\nINFO: Exception when handling request: NOT_FOUND: Document (projects/demo-lead-integration/databases/(default)/documents/leads/f805d04d1bd72a6401a11d5643a0b8d0fe4aeb7808c4b0c7e908d9a58ce468f2) not found.\n"}}
[debug] [2026-09-15T14:18:09.503Z] Multiple projectIds are not recommended in single project mode. Requested project ID demo-lead-integration, but the emulator is configured for demo-not-the-rug. To opt-out of single project mode add/set the '"singleProjectMode": false' property in the firebase.json emulators config.
 {"metadata":{"emulator":{"name":"firestore"},"message":"Multiple projectIds are not recommended in single project mode. Requested project ID demo-lead-integration, but the emulator is configured for demo-not-the-rug. To opt-out of single project mode add/set the '\"singleProjectMode\": false' property in the firebase.json emulators config.\n"}}
[debug] [2026-09-15T14:18:09.506Z] Multiple projectIds are not recommended in single project mode. Requested project ID demo-lead-integration, but the emulator is configured for demo-not-the-rug. To opt-out of single project mode add/set the '"singleProjectMode": false' property in the firebase.json emulators config.
 {"metadata":{"emulator":{"name":"firestore"},"message":"Multiple projectIds are not recommended in single project mode. Requested project ID demo-lead-integration, but the emulator is configured for demo-not-the-rug. To opt-out of single project mode add/set the '\"singleProjectMode\": false' property in the firebase.json emulators config.\n"}}
[debug] [2026-09-15T14:18:09.508Z] Multiple projectIds are not recommended in single project mode. Requested project ID demo-lead-integration, but the emulator is configured for demo-not-the-rug. To opt-out of single project mode add/set the '"singleProjectMode": false' property in the firebase.json emulators config.
 {"metadata":{"emulator":{"name":"firestore"},"message":"Multiple projectIds are not recommended in single project mode. Requested project ID demo-lead-integration, but the emulator is configured for demo-not-the-rug. To opt-out of single project mode add/set the '\"singleProjectMode\": false' property in the firebase.json emulators config.\n"}}
[debug] [2026-09-15T14:18:09.510Z] Multiple projectIds are not recommended in single project mode. Requested project ID demo-lead-integration, but the emulator is configured for demo-not-the-rug. To opt-out of single project mode add/set the '"singleProjectMode": false' property in the firebase.json emulators config.
 {"metadata":{"emulator":{"name":"firestore"},"message":"Multiple projectIds are not recommended in single project mode. Requested project ID demo-lead-integration, but the emulator is configured for demo-not-the-rug. To opt-out of single project mode add/set the '\"singleProjectMode\": false' property in the firebase.json emulators config.\n"}}
[debug] [2026-09-15T14:18:09.513Z] Multiple projectIds are not recommended in single project mode. Requested project ID demo-lead-integration, but the emulator is configured for demo-not-the-rug. To opt-out of single project mode add/set the '"singleProjectMode": false' property in the firebase.json emulators config.
 {"metadata":{"emulator":{"name":"firestore"},"message":"Multiple projectIds are not recommended in single project mode. Requested project ID demo-lead-integration, but the emulator is configured for demo-not-the-rug. To opt-out of single project mode add/set the '\"singleProjectMode\": false' property in the firebase.json emulators config.\n"}}
[debug] [2026-09-15T14:18:09.515Z] Multiple projectIds are not recommended in single project mode. Requested project ID demo-lead-integration, but the emulator is configured for demo-not-the-rug. To opt-out of single project mode add/set the '"singleProjectMode": false' property in the firebase.json emulators config.
 {"metadata":{"emulator":{"name":"firestore"},"message":"Multiple projectIds are not recommended in single project mode. Requested project ID demo-lead-integration, but the emulator is configured for demo-not-the-rug. To opt-out of single project mode add/set the '\"singleProjectMode\": false' property in the firebase.json emulators config.\n"}}
[debug] [2026-09-15T14:18:09.515Z] Sep 15, 2026 9:18:09 AM com.google.cloud.datastore.emulator.impl.util.WrappedStreamObserver onError
WARNING: Operation failed: Document (projects/demo-lead-integration/databases/(default)/documents/leads/150147ed7a05364b87d1fd4218e611e8d9a943b5dab9da6f7664f7d57d56249f) not found.
com.google.cloud.datastore.core.exception.DatastoreException: Document (projects/demo-lead-integration/databases/(default)/documents/leads/150147ed7a05364b87d1fd4218e611e8d9a943b5dab9da6f7664f7d57d56249f) not found.
	at com.google.cloud.datastore.emulator.impl.firestore.CloudFirestoreV1.getDocument(CloudFirestoreV1.java:340)
	at com.google.cloud.datastore.emulator.impl.firestore.CloudFirestoreV1Router.getDocument(CloudFirestoreV1Router.java:132)
	at com.google.cloud.datastore.emulator.impl.firestore.CloudFirestoreV1Router.getOrListDocuments(CloudFirestoreV1Router.java:126)
	at com.google.cloud.datastore.emulator.firestore.v1.FirestoreV1GrpcAdapter$1.lambda$getOrListDocuments$0(FirestoreV1GrpcAdapter.java:108)
	at com.google.cloud.datastore.emulator.firestore.v1.FirestoreV1GrpcAdapter.unary(FirestoreV1GrpcAdapter.java:72)
	at com.google.cloud.datastore.emulator.firestore.v1.FirestoreV1GrpcAdapter$1.getOrListDocuments(FirestoreV1GrpcAdapter.java:108)
	at com.google.firestore.v1.FirestoreGrpc$MethodHandlers.invoke(FirestoreGrpc.java:1376)
	at io.grpc.stub.ServerCalls$UnaryServerCallHandler$UnaryServerCallListener.onHalfClose(ServerCalls.java:182)
	at io.grpc.PartialForwardingServerCallListener.onHalfClose(PartialForwardingServerCallListener.java:35)
	at io.grpc.ForwardingServerCallListener.onHalfClose(ForwardingServerCallListener.java:23)
	at io.grpc.ForwardingServerCallListener$SimpleForwardingServerCallListener.onHalfClose(ForwardingServerCallListener.java:40)
	at io.grpc.Contexts$ContextualizedServerCallListener.onHalfClose(Contexts.java:86)
	at io.grpc.PartialForwardingServerCallListener.onHalfClose(PartialForwardingServerCallListener.java:35)
	at io.grpc.ForwardingServerCallListener.onHalfClose(ForwardingServerCallListener.java:23)
	at io.grpc.ForwardingServerCallListener$SimpleForwardingServerCallListener.onHalfClose(ForwardingServerCallListener.java:40)
	at io.grpc.Contexts$ContextualizedServerCallListener.onHalfClose(Contexts.java:86)
	at io.grpc.internal.ServerCallImpl$ServerStreamListenerImpl.halfClosed(ServerCallImpl.java:356)
	at io.grpc.internal.ServerImpl$JumpToApplicationThreadServerStreamListener$1HalfClosed.runInContext(ServerImpl.java:861)
	at io.grpc.internal.ContextRunnable.run(ContextRunnable.java:37)
	at io.grpc.internal.SerializingExecutor.run(SerializingExecutor.java:133)
	at java.base/java.util.concurrent.ThreadPoolExecutor.runWorker(ThreadPoolExecutor.java:1144)
	at java.base/java.util.concurrent.ThreadPoolExecutor$Worker.run(ThreadPoolExecutor.java:642)
	at java.base/java.lang.Thread.run(Thread.java:1583)

 {"metadata":{"emulator":{"name":"firestore"},"message":"Sep 15, 2026 9:18:09 AM com.google.cloud.datastore.emulator.impl.util.WrappedStreamObserver onError\nWARNING: Operation failed: Document (projects/demo-lead-integration/databases/(default)/documents/leads/150147ed7a05364b87d1fd4218e611e8d9a943b5dab9da6f7664f7d57d56249f) not found.\ncom.google.cloud.datastore.core.exception.DatastoreException: Document (projects/demo-lead-integration/databases/(default)/documents/leads/150147ed7a05364b87d1fd4218e611e8d9a943b5dab9da6f7664f7d57d56249f) not found.\n\tat com.google.cloud.datastore.emulator.impl.firestore.CloudFirestoreV1.getDocument(CloudFirestoreV1.java:340)\n\tat com.google.cloud.datastore.emulator.impl.firestore.CloudFirestoreV1Router.getDocument(CloudFirestoreV1Router.java:132)\n\tat com.google.cloud.datastore.emulator.impl.firestore.CloudFirestoreV1Router.getOrListDocuments(CloudFirestoreV1Router.java:126)\n\tat com.google.cloud.datastore.emulator.firestore.v1.FirestoreV1GrpcAdapter$1.lambda$getOrListDocuments$0(FirestoreV1GrpcAdapter.java:108)\n\tat com.google.cloud.datastore.emulator.firestore.v1.FirestoreV1GrpcAdapter.unary(FirestoreV1GrpcAdapter.java:72)\n\tat com.google.cloud.datastore.emulator.firestore.v1.FirestoreV1GrpcAdapter$1.getOrListDocuments(FirestoreV1GrpcAdapter.java:108)\n\tat com.google.firestore.v1.FirestoreGrpc$MethodHandlers.invoke(FirestoreGrpc.java:1376)\n\tat io.grpc.stub.ServerCalls$UnaryServerCallHandler$UnaryServerCallListener.onHalfClose(ServerCalls.java:182)\n\tat io.grpc.PartialForwardingServerCallListener.onHalfClose(PartialForwardingServerCallListener.java:35)\n\tat io.grpc.ForwardingServerCallListener.onHalfClose(ForwardingServerCallListener.java:23)\n\tat io.grpc.ForwardingServerCallListener$SimpleForwardingServerCallListener.onHalfClose(ForwardingServerCallListener.java:40)\n\tat io.grpc.Contexts$ContextualizedServerCallListener.onHalfClose(Contexts.java:86)\n\tat io.grpc.PartialForwardingServerCallListener.onHalfClose(PartialForwardingServerCallListener.java:35)\n\tat io.grpc.ForwardingServerCallListener.onHalfClose(ForwardingServerCallListener.java:23)\n\tat io.grpc.ForwardingServerCallListener$SimpleForwardingServerCallListener.onHalfClose(ForwardingServerCallListener.java:40)\n\tat io.grpc.Contexts$ContextualizedServerCallListener.onHalfClose(Contexts.java:86)\n\tat io.grpc.internal.ServerCallImpl$ServerStreamListenerImpl.halfClosed(ServerCallImpl.java:356)\n\tat io.grpc.internal.ServerImpl$JumpToApplicationThreadServerStreamListener$1HalfClosed.runInContext(ServerImpl.java:861)\n\tat io.grpc.internal.ContextRunnable.run(ContextRunnable.java:37)\n\tat io.grpc.internal.SerializingExecutor.run(SerializingExecutor.java:133)\n\tat java.base/java.util.concurrent.ThreadPoolExecutor.runWorker(ThreadPoolExecutor.java:1144)\n\tat java.base/java.util.concurrent.ThreadPoolExecutor$Worker.run(ThreadPoolExecutor.java:642)\n\tat java.base/java.lang.Thread.run(Thread.java:1583)\n\n"}}
[debug] [2026-09-15T14:18:09.516Z] Sep 15, 2026 9:18:09 AM io.gapi.emulators.netty.HttpHandler$1 onError
INFO: Exception when handling request: NOT_FOUND: Document (projects/demo-lead-integration/databases/(default)/documents/leads/150147ed7a05364b87d1fd4218e611e8d9a943b5dab9da6f7664f7d57d56249f) not found.
 {"metadata":{"emulator":{"name":"firestore"},"message":"Sep 15, 2026 9:18:09 AM io.gapi.emulators.netty.HttpHandler$1 onError\nINFO: Exception when handling request: NOT_FOUND: Document (projects/demo-lead-integration/databases/(default)/documents/leads/150147ed7a05364b87d1fd4218e611e8d9a943b5dab9da6f7664f7d57d56249f) not found.\n"}}
[debug] [2026-09-15T14:18:09.517Z] Multiple projectIds are not recommended in single project mode. Requested project ID demo-lead-integration, but the emulator is configured for demo-not-the-rug. To opt-out of single project mode add/set the '"singleProjectMode": false' property in the firebase.json emulators config.
 {"metadata":{"emulator":{"name":"firestore"},"message":"Multiple projectIds are not recommended in single project mode. Requested project ID demo-lead-integration, but the emulator is configured for demo-not-the-rug. To opt-out of single project mode add/set the '\"singleProjectMode\": false' property in the firebase.json emulators config.\n"}}
[debug] [2026-09-15T14:18:09.521Z] Multiple projectIds are not recommended in single project mode. Requested project ID demo-lead-integration, but the emulator is configured for demo-not-the-rug. To opt-out of single project mode add/set the '"singleProjectMode": false' property in the firebase.json emulators config.
 {"metadata":{"emulator":{"name":"firestore"},"message":"Multiple projectIds are not recommended in single project mode. Requested project ID demo-lead-integration, but the emulator is configured for demo-not-the-rug. To opt-out of single project mode add/set the '\"singleProjectMode\": false' property in the firebase.json emulators config.\n"}}
[debug] [2026-09-15T14:18:09.523Z] Multiple projectIds are not recommended in single project mode. Requested project ID demo-lead-integration, but the emulator is configured for demo-not-the-rug. To opt-out of single project mode add/set the '"singleProjectMode": false' property in the firebase.json emulators config.
 {"metadata":{"emulator":{"name":"firestore"},"message":"Multiple projectIds are not recommended in single project mode. Requested project ID demo-lead-integration, but the emulator is configured for demo-not-the-rug. To opt-out of single project mode add/set the '\"singleProjectMode\": false' property in the firebase.json emulators config.\n"}}
[debug] [2026-09-15T14:18:09.525Z] Multiple projectIds are not recommended in single project mode. Requested project ID demo-lead-integration, but the emulator is configured for demo-not-the-rug. To opt-out of single project mode add/set the '"singleProjectMode": false' property in the firebase.json emulators config.
 {"metadata":{"emulator":{"name":"firestore"},"message":"Multiple projectIds are not recommended in single project mode. Requested project ID demo-lead-integration, but the emulator is configured for demo-not-the-rug. To opt-out of single project mode add/set the '\"singleProjectMode\": false' property in the firebase.json emulators config.\n"}}
[debug] [2026-09-15T14:18:09.527Z] Multiple projectIds are not recommended in single project mode. Requested project ID demo-lead-integration, but the emulator is configured for demo-not-the-rug. To opt-out of single project mode add/set the '"singleProjectMode": false' property in the firebase.json emulators config.
 {"metadata":{"emulator":{"name":"firestore"},"message":"Multiple projectIds are not recommended in single project mode. Requested project ID demo-lead-integration, but the emulator is configured for demo-not-the-rug. To opt-out of single project mode add/set the '\"singleProjectMode\": false' property in the firebase.json emulators config.\n"}}
[debug] [2026-09-15T14:18:09.529Z] Multiple projectIds are not recommended in single project mode. Requested project ID demo-lead-integration, but the emulator is configured for demo-not-the-rug. To opt-out of single project mode add/set the '"singleProjectMode": false' property in the firebase.json emulators config.
 {"metadata":{"emulator":{"name":"firestore"},"message":"Multiple projectIds are not recommended in single project mode. Requested project ID demo-lead-integration, but the emulator is configured for demo-not-the-rug. To opt-out of single project mode add/set the '\"singleProjectMode\": false' property in the firebase.json emulators config.\n"}}
[debug] [2026-09-15T14:18:09.529Z] Sep 15, 2026 9:18:09 AM com.google.cloud.datastore.emulator.impl.util.WrappedStreamObserver onError
WARNING: Operation failed: Document (projects/demo-lead-integration/databases/(default)/documents/leads/8763ea20c834844dd2d8c0ffc92815c13fe3c7514778c1b4706ac6a3ca3d0c3e) not found.
com.google.cloud.datastore.core.exception.DatastoreException: Document (projects/demo-lead-integration/databases/(default)/documents/leads/8763ea20c834844dd2d8c0ffc92815c13fe3c7514778c1b4706ac6a3ca3d0c3e) not found.
	at com.google.cloud.datastore.emulator.impl.firestore.CloudFirestoreV1.getDocument(CloudFirestoreV1.java:340)
	at com.google.cloud.datastore.emulator.impl.firestore.CloudFirestoreV1Router.getDocument(CloudFirestoreV1Router.java:132)
	at com.google.cloud.datastore.emulator.impl.firestore.CloudFirestoreV1Router.getOrListDocuments(CloudFirestoreV1Router.java:126)
	at com.google.cloud.datastore.emulator.firestore.v1.FirestoreV1GrpcAdapter$1.lambda$getOrListDocuments$0(FirestoreV1GrpcAdapter.java:108)
	at com.google.cloud.datastore.emulator.firestore.v1.FirestoreV1GrpcAdapter.unary(FirestoreV1GrpcAdapter.java:72)
	at com.google.cloud.datastore.emulator.firestore.v1.FirestoreV1GrpcAdapter$1.getOrListDocuments(FirestoreV1GrpcAdapter.java:108)
	at com.google.firestore.v1.FirestoreGrpc$MethodHandlers.invoke(FirestoreGrpc.java:1376)
	at io.grpc.stub.ServerCalls$UnaryServerCallHandler$UnaryServerCallListener.onHalfClose(ServerCalls.java:182)
	at io.grpc.PartialForwardingServerCallListener.onHalfClose(PartialForwardingServerCallListener.java:35)
	at io.grpc.ForwardingServerCallListener.onHalfClose(ForwardingServerCallListener.java:23)
	at io.grpc.ForwardingServerCallListener$SimpleForwardingServerCallListener.onHalfClose(ForwardingServerCallListener.java:40)
	at io.grpc.Contexts$ContextualizedServerCallListener.onHalfClose(Contexts.java:86)
	at io.grpc.PartialForwardingServerCallListener.onHalfClose(PartialForwardingServerCallListener.java:35)
	at io.grpc.ForwardingServerCallListener.onHalfClose(ForwardingServerCallListener.java:23)
	at io.grpc.ForwardingServerCallListener$SimpleForwardingServerCallListener.onHalfClose(ForwardingServerCallListener.java:40)
	at io.grpc.Contexts$ContextualizedServerCallListener.onHalfClose(Contexts.java:86)
	at io.grpc.internal.ServerCallImpl$ServerStreamListenerImpl.halfClosed(ServerCallImpl.java:356)
	at io.grpc.internal.ServerImpl$JumpToApplicationThreadServerStreamListener$1HalfClosed.runInContext(ServerImpl.java:861)
	at io.grpc.internal.ContextRunnable.run(ContextRunnable.java:37)
	at io.grpc.internal.SerializingExecutor.run(SerializingExecutor.java:133)
	at java.base/java.util.concurrent.ThreadPoolExecutor.runWorker(ThreadPoolExecutor.java:1144)
	at java.base/java.util.concurrent.ThreadPoolExecutor$Worker.run(ThreadPoolExecutor.java:642)
	at java.base/java.lang.Thread.run(Thread.java:1583)

 {"metadata":{"emulator":{"name":"firestore"},"message":"Sep 15, 2026 9:18:09 AM com.google.cloud.datastore.emulator.impl.util.WrappedStreamObserver onError\nWARNING: Operation failed: Document (projects/demo-lead-integration/databases/(default)/documents/leads/8763ea20c834844dd2d8c0ffc92815c13fe3c7514778c1b4706ac6a3ca3d0c3e) not found.\ncom.google.cloud.datastore.core.exception.DatastoreException: Document (projects/demo-lead-integration/databases/(default)/documents/leads/8763ea20c834844dd2d8c0ffc92815c13fe3c7514778c1b4706ac6a3ca3d0c3e) not found.\n\tat com.google.cloud.datastore.emulator.impl.firestore.CloudFirestoreV1.getDocument(CloudFirestoreV1.java:340)\n\tat com.google.cloud.datastore.emulator.impl.firestore.CloudFirestoreV1Router.getDocument(CloudFirestoreV1Router.java:132)\n\tat com.google.cloud.datastore.emulator.impl.firestore.CloudFirestoreV1Router.getOrListDocuments(CloudFirestoreV1Router.java:126)\n\tat com.google.cloud.datastore.emulator.firestore.v1.FirestoreV1GrpcAdapter$1.lambda$getOrListDocuments$0(FirestoreV1GrpcAdapter.java:108)\n\tat com.google.cloud.datastore.emulator.firestore.v1.FirestoreV1GrpcAdapter.unary(FirestoreV1GrpcAdapter.java:72)\n\tat com.google.cloud.datastore.emulator.firestore.v1.FirestoreV1GrpcAdapter$1.getOrListDocuments(FirestoreV1GrpcAdapter.java:108)\n\tat com.google.firestore.v1.FirestoreGrpc$MethodHandlers.invoke(FirestoreGrpc.java:1376)\n\tat io.grpc.stub.ServerCalls$UnaryServerCallHandler$UnaryServerCallListener.onHalfClose(ServerCalls.java:182)\n\tat io.grpc.PartialForwardingServerCallListener.onHalfClose(PartialForwardingServerCallListener.java:35)\n\tat io.grpc.ForwardingServerCallListener.onHalfClose(ForwardingServerCallListener.java:23)\n\tat io.grpc.ForwardingServerCallListener$SimpleForwardingServerCallListener.onHalfClose(ForwardingServerCallListener.java:40)\n\tat io.grpc.Contexts$ContextualizedServerCallListener.onHalfClose(Contexts.java:86)\n\tat io.grpc.PartialForwardingServerCallListener.onHalfClose(PartialForwardingServerCallListener.java:35)\n\tat io.grpc.ForwardingServerCallListener.onHalfClose(ForwardingServerCallListener.java:23)\n\tat io.grpc.ForwardingServerCallListener$SimpleForwardingServerCallListener.onHalfClose(ForwardingServerCallListener.java:40)\n\tat io.grpc.Contexts$ContextualizedServerCallListener.onHalfClose(Contexts.java:86)\n\tat io.grpc.internal.ServerCallImpl$ServerStreamListenerImpl.halfClosed(ServerCallImpl.java:356)\n\tat io.grpc.internal.ServerImpl$JumpToApplicationThreadServerStreamListener$1HalfClosed.runInContext(ServerImpl.java:861)\n\tat io.grpc.internal.ContextRunnable.run(ContextRunnable.java:37)\n\tat io.grpc.internal.SerializingExecutor.run(SerializingExecutor.java:133)\n\tat java.base/java.util.concurrent.ThreadPoolExecutor.runWorker(ThreadPoolExecutor.java:1144)\n\tat java.base/java.util.concurrent.ThreadPoolExecutor$Worker.run(ThreadPoolExecutor.java:642)\n\tat java.base/java.lang.Thread.run(Thread.java:1583)\n\n"}}
[debug] [2026-09-15T14:18:09.530Z] Sep 15, 2026 9:18:09 AM io.gapi.emulators.netty.HttpHandler$1 onError
INFO: Exception when handling request: NOT_FOUND: Document (projects/demo-lead-integration/databases/(default)/documents/leads/8763ea20c834844dd2d8c0ffc92815c13fe3c7514778c1b4706ac6a3ca3d0c3e) not found.
 {"metadata":{"emulator":{"name":"firestore"},"message":"Sep 15, 2026 9:18:09 AM io.gapi.emulators.netty.HttpHandler$1 onError\nINFO: Exception when handling request: NOT_FOUND: Document (projects/demo-lead-integration/databases/(default)/documents/leads/8763ea20c834844dd2d8c0ffc92815c13fe3c7514778c1b4706ac6a3ca3d0c3e) not found.\n"}}
[debug] [2026-09-15T14:18:09.531Z] Multiple projectIds are not recommended in single project mode. Requested project ID demo-lead-integration, but the emulator is configured for demo-not-the-rug. To opt-out of single project mode add/set the '"singleProjectMode": false' property in the firebase.json emulators config.
 {"metadata":{"emulator":{"name":"firestore"},"message":"Multiple projectIds are not recommended in single project mode. Requested project ID demo-lead-integration, but the emulator is configured for demo-not-the-rug. To opt-out of single project mode add/set the '\"singleProjectMode\": false' property in the firebase.json emulators config.\n"}}
[debug] [2026-09-15T14:18:09.534Z] Multiple projectIds are not recommended in single project mode. Requested project ID demo-lead-integration, but the emulator is configured for demo-not-the-rug. To opt-out of single project mode add/set the '"singleProjectMode": false' property in the firebase.json emulators config.
 {"metadata":{"emulator":{"name":"firestore"},"message":"Multiple projectIds are not recommended in single project mode. Requested project ID demo-lead-integration, but the emulator is configured for demo-not-the-rug. To opt-out of single project mode add/set the '\"singleProjectMode\": false' property in the firebase.json emulators config.\n"}}
[debug] [2026-09-15T14:18:09.537Z] Multiple projectIds are not recommended in single project mode. Requested project ID demo-lead-integration, but the emulator is configured for demo-not-the-rug. To opt-out of single project mode add/set the '"singleProjectMode": false' property in the firebase.json emulators config.
 {"metadata":{"emulator":{"name":"firestore"},"message":"Multiple projectIds are not recommended in single project mode. Requested project ID demo-lead-integration, but the emulator is configured for demo-not-the-rug. To opt-out of single project mode add/set the '\"singleProjectMode\": false' property in the firebase.json emulators config.\n"}}
[debug] [2026-09-15T14:18:09.539Z] Multiple projectIds are not recommended in single project mode. Requested project ID demo-lead-integration, but the emulator is configured for demo-not-the-rug. To opt-out of single project mode add/set the '"singleProjectMode": false' property in the firebase.json emulators config.
 {"metadata":{"emulator":{"name":"firestore"},"message":"Multiple projectIds are not recommended in single project mode. Requested project ID demo-lead-integration, but the emulator is configured for demo-not-the-rug. To opt-out of single project mode add/set the '\"singleProjectMode\": false' property in the firebase.json emulators config.\n"}}
[debug] [2026-09-15T14:18:09.539Z] Sep 15, 2026 9:18:09 AM com.google.cloud.datastore.emulator.impl.util.WrappedStreamObserver onError
WARNING: Operation failed: Document (projects/demo-lead-integration/databases/(default)/documents/leads/8763ea20c834844dd2d8c0ffc92815c13fe3c7514778c1b4706ac6a3ca3d0c3e) not found.
com.google.cloud.datastore.core.exception.DatastoreException: Document (projects/demo-lead-integration/databases/(default)/documents/leads/8763ea20c834844dd2d8c0ffc92815c13fe3c7514778c1b4706ac6a3ca3d0c3e) not found.
	at com.google.cloud.datastore.emulator.impl.firestore.CloudFirestoreV1.getDocument(CloudFirestoreV1.java:340)
	at com.google.cloud.datastore.emulator.impl.firestore.CloudFirestoreV1Router.getDocument(CloudFirestoreV1Router.java:132)
	at com.google.cloud.datastore.emulator.impl.firestore.CloudFirestoreV1Router.getOrListDocuments(CloudFirestoreV1Router.java:126)
	at com.google.cloud.datastore.emulator.firestore.v1.FirestoreV1GrpcAdapter$1.lambda$getOrListDocuments$0(FirestoreV1GrpcAdapter.java:108)
	at com.google.cloud.datastore.emulator.firestore.v1.FirestoreV1GrpcAdapter.unary(FirestoreV1GrpcAdapter.java:72)
	at com.google.cloud.datastore.emulator.firestore.v1.FirestoreV1GrpcAdapter$1.getOrListDocuments(FirestoreV1GrpcAdapter.java:108)
	at com.google.firestore.v1.FirestoreGrpc$MethodHandlers.invoke(FirestoreGrpc.java:1376)
	at io.grpc.stub.ServerCalls$UnaryServerCallHandler$UnaryServerCallListener.onHalfClose(ServerCalls.java:182)
	at io.grpc.PartialForwardingServerCallListener.onHalfClose(PartialForwardingServerCallListener.java:35)
	at io.grpc.ForwardingServerCallListener.onHalfClose(ForwardingServerCallListener.java:23)
	at io.grpc.ForwardingServerCallListener$SimpleForwardingServerCallListener.onHalfClose(ForwardingServerCallListener.java:40)
	at io.grpc.Contexts$ContextualizedServerCallListener.onHalfClose(Contexts.java:86)
	at io.grpc.PartialForwardingServerCallListener.onHalfClose(PartialForwardingServerCallListener.java:35)
	at io.grpc.ForwardingServerCallListener.onHalfClose(ForwardingServerCallListener.java:23)
	at io.grpc.ForwardingServerCallListener$SimpleForwardingServerCallListener.onHalfClose(ForwardingServerCallListener.java:40)
	at io.grpc.Contexts$ContextualizedServerCallListener.onHalfClose(Contexts.java:86)
	at io.grpc.internal.ServerCallImpl$ServerStreamListenerImpl.halfClosed(ServerCallImpl.java:356)
	at io.grpc.internal.ServerImpl$JumpToApplicationThreadServerStreamListener$1HalfClosed.runInContext(ServerImpl.java:861)
	at io.grpc.internal.ContextRunnable.run(ContextRunnable.java:37)
	at io.grpc.internal.SerializingExecutor.run(SerializingExecutor.java:133)
	at java.base/java.util.concurrent.ThreadPoolExecutor.runWorker(ThreadPoolExecutor.java:1144)
	at java.base/java.util.concurrent.ThreadPoolExecutor$Worker.run(ThreadPoolExecutor.java:642)
	at java.base/java.lang.Thread.run(Thread.java:1583)

 {"metadata":{"emulator":{"name":"firestore"},"message":"Sep 15, 2026 9:18:09 AM com.google.cloud.datastore.emulator.impl.util.WrappedStreamObserver onError\nWARNING: Operation failed: Document (projects/demo-lead-integration/databases/(default)/documents/leads/8763ea20c834844dd2d8c0ffc92815c13fe3c7514778c1b4706ac6a3ca3d0c3e) not found.\ncom.google.cloud.datastore.core.exception.DatastoreException: Document (projects/demo-lead-integration/databases/(default)/documents/leads/8763ea20c834844dd2d8c0ffc92815c13fe3c7514778c1b4706ac6a3ca3d0c3e) not found.\n\tat com.google.cloud.datastore.emulator.impl.firestore.CloudFirestoreV1.getDocument(CloudFirestoreV1.java:340)\n\tat com.google.cloud.datastore.emulator.impl.firestore.CloudFirestoreV1Router.getDocument(CloudFirestoreV1Router.java:132)\n\tat com.google.cloud.datastore.emulator.impl.firestore.CloudFirestoreV1Router.getOrListDocuments(CloudFirestoreV1Router.java:126)\n\tat com.google.cloud.datastore.emulator.firestore.v1.FirestoreV1GrpcAdapter$1.lambda$getOrListDocuments$0(FirestoreV1GrpcAdapter.java:108)\n\tat com.google.cloud.datastore.emulator.firestore.v1.FirestoreV1GrpcAdapter.unary(FirestoreV1GrpcAdapter.java:72)\n\tat com.google.cloud.datastore.emulator.firestore.v1.FirestoreV1GrpcAdapter$1.getOrListDocuments(FirestoreV1GrpcAdapter.java:108)\n\tat com.google.firestore.v1.FirestoreGrpc$MethodHandlers.invoke(FirestoreGrpc.java:1376)\n\tat io.grpc.stub.ServerCalls$UnaryServerCallHandler$UnaryServerCallListener.onHalfClose(ServerCalls.java:182)\n\tat io.grpc.PartialForwardingServerCallListener.onHalfClose(PartialForwardingServerCallListener.java:35)\n\tat io.grpc.ForwardingServerCallListener.onHalfClose(ForwardingServerCallListener.java:23)\n\tat io.grpc.ForwardingServerCallListener$SimpleForwardingServerCallListener.onHalfClose(ForwardingServerCallListener.java:40)\n\tat io.grpc.Contexts$ContextualizedServerCallListener.onHalfClose(Contexts.java:86)\n\tat io.grpc.PartialForwardingServerCallListener.onHalfClose(PartialForwardingServerCallListener.java:35)\n\tat io.grpc.ForwardingServerCallListener.onHalfClose(ForwardingServerCallListener.java:23)\n\tat io.grpc.ForwardingServerCallListener$SimpleForwardingServerCallListener.onHalfClose(ForwardingServerCallListener.java:40)\n\tat io.grpc.Contexts$ContextualizedServerCallListener.onHalfClose(Contexts.java:86)\n\tat io.grpc.internal.ServerCallImpl$ServerStreamListenerImpl.halfClosed(ServerCallImpl.java:356)\n\tat io.grpc.internal.ServerImpl$JumpToApplicationThreadServerStreamListener$1HalfClosed.runInContext(ServerImpl.java:861)\n\tat io.grpc.internal.ContextRunnable.run(ContextRunnable.java:37)\n\tat io.grpc.internal.SerializingExecutor.run(SerializingExecutor.java:133)\n\tat java.base/java.util.concurrent.ThreadPoolExecutor.runWorker(ThreadPoolExecutor.java:1144)\n\tat java.base/java.util.concurrent.ThreadPoolExecutor$Worker.run(ThreadPoolExecutor.java:642)\n\tat java.base/java.lang.Thread.run(Thread.java:1583)\n\n"}}
[debug] [2026-09-15T14:18:09.539Z] Sep 15, 2026 9:18:09 AM io.gapi.emulators.netty.HttpHandler$1 onError
INFO: Exception when handling request: NOT_FOUND: Document (projects/demo-lead-integration/databases/(default)/documents/leads/8763ea20c834844dd2d8c0ffc92815c13fe3c7514778c1b4706ac6a3ca3d0c3e) not found.
 {"metadata":{"emulator":{"name":"firestore"},"message":"Sep 15, 2026 9:18:09 AM io.gapi.emulators.netty.HttpHandler$1 onError\nINFO: Exception when handling request: NOT_FOUND: Document (projects/demo-lead-integration/databases/(default)/documents/leads/8763ea20c834844dd2d8c0ffc92815c13fe3c7514778c1b4706ac6a3ca3d0c3e) not found.\n"}}
[debug] [2026-09-15T14:18:09.540Z] Multiple projectIds are not recommended in single project mode. Requested project ID demo-lead-integration, but the emulator is configured for demo-not-the-rug. To opt-out of single project mode add/set the '"singleProjectMode": false' property in the firebase.json emulators config.
 {"metadata":{"emulator":{"name":"firestore"},"message":"Multiple projectIds are not recommended in single project mode. Requested project ID demo-lead-integration, but the emulator is configured for demo-not-the-rug. To opt-out of single project mode add/set the '\"singleProjectMode\": false' property in the firebase.json emulators config.\n"}}
[debug] [2026-09-15T14:18:09.544Z] Sep 15, 2026 9:18:09 AM com.google.cloud.datastore.emulator.impl.util.WrappedStreamObserver onError
WARNING: Operation failed: entity already exists: EntityRef[partitionRef=dev~demo-lead-integration, path=/leads/cdc2b3ef7388374b22d4a13806ced0862b7f20caf13fc1d0b889674b50b91343]
com.google.cloud.datastore.core.exception.DatastoreException: entity already exists: EntityRef[partitionRef=dev~demo-lead-integration, path=/leads/cdc2b3ef7388374b22d4a13806ced0862b7f20caf13fc1d0b889674b50b91343]
	at com.google.cloud.datastore.core.exception.DatastoreException.withProblem(DatastoreException.java:352)
	at com.google.cloud.datastore.emulator.impl.util.FirestoreEmulatorConverters.alreadyExists(FirestoreEmulatorConverters.java:748)
	at com.google.cloud.datastore.emulator.impl.util.FirestoreEmulatorConverters.checkMutation(FirestoreEmulatorConverters.java:214)
	at com.google.cloud.datastore.emulator.impl.firestore.FirestoreEmulatorHelper.commitHelper(FirestoreEmulatorHelper.java:390)
	at com.google.cloud.datastore.emulator.impl.firestore.FirestoreEmulatorHelper.internalCommit(FirestoreEmulatorHelper.java:339)
	at com.google.cloud.datastore.emulator.impl.firestore.CloudFirestoreV1.internalCommit(CloudFirestoreV1.java:1243)
	at com.google.cloud.datastore.emulator.impl.firestore.CloudFirestoreV1.createDocument(CloudFirestoreV1.java:450)
	at com.google.cloud.datastore.emulator.impl.firestore.CloudFirestoreV1Router.createDocument(CloudFirestoreV1Router.java:146)
	at com.google.cloud.datastore.emulator.firestore.v1.FirestoreV1GrpcAdapter$1.lambda$createDocument$0(FirestoreV1GrpcAdapter.java:126)
	at com.google.cloud.datastore.emulator.firestore.v1.FirestoreV1GrpcAdapter.unary(FirestoreV1GrpcAdapter.java:72)
	at com.google.cloud.datastore.emulator.firestore.v1.FirestoreV1GrpcAdapter$1.createDocument(FirestoreV1GrpcAdapter.java:126)
	at com.google.firestore.v1.FirestoreGrpc$MethodHandlers.invoke(FirestoreGrpc.java:1436)
	at io.grpc.stub.ServerCalls$UnaryServerCallHandler$UnaryServerCallListener.onHalfClose(ServerCalls.java:182)
	at io.grpc.PartialForwardingServerCallListener.onHalfClose(PartialForwardingServerCallListener.java:35)
	at io.grpc.ForwardingServerCallListener.onHalfClose(ForwardingServerCallListener.java:23)
	at io.grpc.ForwardingServerCallListener$SimpleForwardingServerCallListener.onHalfClose(ForwardingServerCallListener.java:40)
	at io.grpc.Contexts$ContextualizedServerCallListener.onHalfClose(Contexts.java:86)
	at io.grpc.PartialForwardingServerCallListener.onHalfClose(PartialForwardingServerCallListener.java:35)
	at io.grpc.ForwardingServerCallListener.onHalfClose(ForwardingServerCallListener.java:23)
	at io.grpc.ForwardingServerCallListener$SimpleForwardingServerCallListener.onHalfClose(ForwardingServerCallListener.java:40)
	at io.grpc.Contexts$ContextualizedServerCallListener.onHalfClose(Contexts.java:86)
	at io.grpc.internal.ServerCallImpl$ServerStreamListenerImpl.halfClosed(ServerCallImpl.java:356)
	at io.grpc.internal.ServerImpl$JumpToApplicationThreadServerStreamListener$1HalfClosed.runInContext(ServerImpl.java:861)
	at io.grpc.internal.ContextRunnable.run(ContextRunnable.java:37)
	at io.grpc.internal.SerializingExecutor.run(SerializingExecutor.java:133)
	at java.base/java.util.concurrent.ThreadPoolExecutor.runWorker(ThreadPoolExecutor.java:1144)
	at java.base/java.util.concurrent.ThreadPoolExecutor$Worker.run(ThreadPoolExecutor.java:642)
	at java.base/java.lang.Thread.run(Thread.java:1583)

 {"metadata":{"emulator":{"name":"firestore"},"message":"Sep 15, 2026 9:18:09 AM com.google.cloud.datastore.emulator.impl.util.WrappedStreamObserver onError\nWARNING: Operation failed: entity already exists: EntityRef[partitionRef=dev~demo-lead-integration, path=/leads/cdc2b3ef7388374b22d4a13806ced0862b7f20caf13fc1d0b889674b50b91343]\ncom.google.cloud.datastore.core.exception.DatastoreException: entity already exists: EntityRef[partitionRef=dev~demo-lead-integration, path=/leads/cdc2b3ef7388374b22d4a13806ced0862b7f20caf13fc1d0b889674b50b91343]\n\tat com.google.cloud.datastore.core.exception.DatastoreException.withProblem(DatastoreException.java:352)\n\tat com.google.cloud.datastore.emulator.impl.util.FirestoreEmulatorConverters.alreadyExists(FirestoreEmulatorConverters.java:748)\n\tat com.google.cloud.datastore.emulator.impl.util.FirestoreEmulatorConverters.checkMutation(FirestoreEmulatorConverters.java:214)\n\tat com.google.cloud.datastore.emulator.impl.firestore.FirestoreEmulatorHelper.commitHelper(FirestoreEmulatorHelper.java:390)\n\tat com.google.cloud.datastore.emulator.impl.firestore.FirestoreEmulatorHelper.internalCommit(FirestoreEmulatorHelper.java:339)\n\tat com.google.cloud.datastore.emulator.impl.firestore.CloudFirestoreV1.internalCommit(CloudFirestoreV1.java:1243)\n\tat com.google.cloud.datastore.emulator.impl.firestore.CloudFirestoreV1.createDocument(CloudFirestoreV1.java:450)\n\tat com.google.cloud.datastore.emulator.impl.firestore.CloudFirestoreV1Router.createDocument(CloudFirestoreV1Router.java:146)\n\tat com.google.cloud.datastore.emulator.firestore.v1.FirestoreV1GrpcAdapter$1.lambda$createDocument$0(FirestoreV1GrpcAdapter.java:126)\n\tat com.google.cloud.datastore.emulator.firestore.v1.FirestoreV1GrpcAdapter.unary(FirestoreV1GrpcAdapter.java:72)\n\tat com.google.cloud.datastore.emulator.firestore.v1.FirestoreV1GrpcAdapter$1.createDocument(FirestoreV1GrpcAdapter.java:126)\n\tat com.google.firestore.v1.FirestoreGrpc$MethodHandlers.invoke(FirestoreGrpc.java:1436)\n\tat io.grpc.stub.ServerCalls$UnaryServerCallHandler$UnaryServerCallListener.onHalfClose(ServerCalls.java:182)\n\tat io.grpc.PartialForwardingServerCallListener.onHalfClose(PartialForwardingServerCallListener.java:35)\n\tat io.grpc.ForwardingServerCallListener.onHalfClose(ForwardingServerCallListener.java:23)\n\tat io.grpc.ForwardingServerCallListener$SimpleForwardingServerCallListener.onHalfClose(ForwardingServerCallListener.java:40)\n\tat io.grpc.Contexts$ContextualizedServerCallListener.onHalfClose(Contexts.java:86)\n\tat io.grpc.PartialForwardingServerCallListener.onHalfClose(PartialForwardingServerCallListener.java:35)\n\tat io.grpc.ForwardingServerCallListener.onHalfClose(ForwardingServerCallListener.java:23)\n\tat io.grpc.ForwardingServerCallListener$SimpleForwardingServerCallListener.onHalfClose(ForwardingServerCallListener.java:40)\n\tat io.grpc.Contexts$ContextualizedServerCallListener.onHalfClose(Contexts.java:86)\n\tat io.grpc.internal.ServerCallImpl$ServerStreamListenerImpl.halfClosed(ServerCallImpl.java:356)\n\tat io.grpc.internal.ServerImpl$JumpToApplicationThreadServerStreamListener$1HalfClosed.runInContext(ServerImpl.java:861)\n\tat io.grpc.internal.ContextRunnable.run(ContextRunnable.java:37)\n\tat io.grpc.internal.SerializingExecutor.run(SerializingExecutor.java:133)\n\tat java.base/java.util.concurrent.ThreadPoolExecutor.runWorker(ThreadPoolExecutor.java:1144)\n\tat java.base/java.util.concurrent.ThreadPoolExecutor$Worker.run(ThreadPoolExecutor.java:642)\n\tat java.base/java.lang.Thread.run(Thread.java:1583)\n\n"}}
[debug] [2026-09-15T14:18:09.544Z] Sep 15, 2026 9:18:09 AM io.gapi.emulators.netty.HttpHandler$1 onError
INFO: Exception when handling request: ALREADY_EXISTS: entity already exists: EntityRef[partitionRef=dev~demo-lead-integration, path=/leads/cdc2b3ef7388374b22d4a13806ced0862b7f20caf13fc1d0b889674b50b91343]
 {"metadata":{"emulator":{"name":"firestore"},"message":"Sep 15, 2026 9:18:09 AM io.gapi.emulators.netty.HttpHandler$1 onError\nINFO: Exception when handling request: ALREADY_EXISTS: entity already exists: EntityRef[partitionRef=dev~demo-lead-integration, path=/leads/cdc2b3ef7388374b22d4a13806ced0862b7f20caf13fc1d0b889674b50b91343]\n"}}
[debug] [2026-09-15T14:18:09.545Z] Multiple projectIds are not recommended in single project mode. Requested project ID demo-lead-integration, but the emulator is configured for demo-not-the-rug. To opt-out of single project mode add/set the '"singleProjectMode": false' property in the firebase.json emulators config.
 {"metadata":{"emulator":{"name":"firestore"},"message":"Multiple projectIds are not recommended in single project mode. Requested project ID demo-lead-integration, but the emulator is configured for demo-not-the-rug. To opt-out of single project mode add/set the '\"singleProjectMode\": false' property in the firebase.json emulators config.\n"}}
[debug] [2026-09-15T14:18:09.558Z] Multiple projectIds are not recommended in single project mode. Requested project ID demo-lead-integration, but the emulator is configured for demo-not-the-rug. To opt-out of single project mode add/set the '"singleProjectMode": false' property in the firebase.json emulators config.
 {"metadata":{"emulator":{"name":"firestore"},"message":"Multiple projectIds are not recommended in single project mode. Requested project ID demo-lead-integration, but the emulator is configured for demo-not-the-rug. To opt-out of single project mode add/set the '\"singleProjectMode\": false' property in the firebase.json emulators config.\n"}}
[debug] [2026-09-15T14:18:09.586Z] Multiple projectIds are not recommended in single project mode. Requested project ID demo-lead-integration, but the emulator is configured for demo-not-the-rug. To opt-out of single project mode add/set the '"singleProjectMode": false' property in the firebase.json emulators config.
 {"metadata":{"emulator":{"name":"firestore"},"message":"Multiple projectIds are not recommended in single project mode. Requested project ID demo-lead-integration, but the emulator is configured for demo-not-the-rug. To opt-out of single project mode add/set the '\"singleProjectMode\": false' property in the firebase.json emulators config.\n"}}
[debug] [2026-09-15T14:18:09.588Z] Sep 15, 2026 9:18:09 AM io.gapi.emulators.netty.HttpVersionRoutingHandler channelRead
INFO: Detected non-HTTP/2 connection.
 {"metadata":{"emulator":{"name":"firestore"},"message":"Sep 15, 2026 9:18:09 AM io.gapi.emulators.netty.HttpVersionRoutingHandler channelRead\nINFO: Detected non-HTTP/2 connection.\n"}}
[debug] [2026-09-15T14:18:09.589Z] Multiple projectIds are not recommended in single project mode. Requested project ID demo-lead-integration, but the emulator is configured for demo-not-the-rug. To opt-out of single project mode add/set the '"singleProjectMode": false' property in the firebase.json emulators config.
 {"metadata":{"emulator":{"name":"firestore"},"message":"Multiple projectIds are not recommended in single project mode. Requested project ID demo-lead-integration, but the emulator is configured for demo-not-the-rug. To opt-out of single project mode add/set the '\"singleProjectMode\": false' property in the firebase.json emulators config.\n"}}
[debug] [2026-09-15T14:18:09.589Z] Multiple projectIds are not recommended in single project mode. Requested project ID demo-lead-integration, but the emulator is configured for demo-not-the-rug. To opt-out of single project mode add/set the '"singleProjectMode": false' property in the firebase.json emulators config.
 {"metadata":{"emulator":{"name":"firestore"},"message":"Multiple projectIds are not recommended in single project mode. Requested project ID demo-lead-integration, but the emulator is configured for demo-not-the-rug. To opt-out of single project mode add/set the '\"singleProjectMode\": false' property in the firebase.json emulators config.\n"}}
[debug] [2026-09-15T14:18:09.592Z] Multiple projectIds are not recommended in single project mode. Requested project ID demo-lead-integration, but the emulator is configured for demo-not-the-rug. To opt-out of single project mode add/set the '"singleProjectMode": false' property in the firebase.json emulators config.
 {"metadata":{"emulator":{"name":"firestore"},"message":"Multiple projectIds are not recommended in single project mode. Requested project ID demo-lead-integration, but the emulator is configured for demo-not-the-rug. To opt-out of single project mode add/set the '\"singleProjectMode\": false' property in the firebase.json emulators config.\n"}}
[debug] [2026-09-15T14:18:09.592Z] Multiple projectIds are not recommended in single project mode. Requested project ID demo-lead-integration, but the emulator is configured for demo-not-the-rug. To opt-out of single project mode add/set the '"singleProjectMode": false' property in the firebase.json emulators config.
 {"metadata":{"emulator":{"name":"firestore"},"message":"Multiple projectIds are not recommended in single project mode. Requested project ID demo-lead-integration, but the emulator is configured for demo-not-the-rug. To opt-out of single project mode add/set the '\"singleProjectMode\": false' property in the firebase.json emulators config.\n"}}
[debug] [2026-09-15T14:18:09.592Z] Sep 15, 2026 9:18:09 AM com.google.cloud.datastore.emulator.impl.util.WrappedStreamObserver onError
WARNING: Operation failed: Document (projects/demo-lead-integration/databases/(default)/documents/leads/bc48692c44bde28ac6676d30524b391c81c2abb75db8e331870b24e1367d7693) not found.
com.google.cloud.datastore.core.exception.DatastoreException: Document (projects/demo-lead-integration/databases/(default)/documents/leads/bc48692c44bde28ac6676d30524b391c81c2abb75db8e331870b24e1367d7693) not found.
	at com.google.cloud.datastore.emulator.impl.firestore.CloudFirestoreV1.getDocument(CloudFirestoreV1.java:340)
	at com.google.cloud.datastore.emulator.impl.firestore.CloudFirestoreV1Router.getDocument(CloudFirestoreV1Router.java:132)
	at com.google.cloud.datastore.emulator.impl.firestore.CloudFirestoreV1Router.getOrListDocuments(CloudFirestoreV1Router.java:126)
	at com.google.cloud.datastore.emulator.firestore.v1.FirestoreV1GrpcAdapter$1.lambda$getOrListDocuments$0(FirestoreV1GrpcAdapter.java:108)
	at com.google.cloud.datastore.emulator.firestore.v1.FirestoreV1GrpcAdapter.unary(FirestoreV1GrpcAdapter.java:72)
	at com.google.cloud.datastore.emulator.firestore.v1.FirestoreV1GrpcAdapter$1.getOrListDocuments(FirestoreV1GrpcAdapter.java:108)
	at com.google.firestore.v1.FirestoreGrpc$MethodHandlers.invoke(FirestoreGrpc.java:1376)
	at io.grpc.stub.ServerCalls$UnaryServerCallHandler$UnaryServerCallListener.onHalfClose(ServerCalls.java:182)
	at io.grpc.PartialForwardingServerCallListener.onHalfClose(PartialForwardingServerCallListener.java:35)
	at io.grpc.ForwardingServerCallListener.onHalfClose(ForwardingServerCallListener.java:23)
	at io.grpc.ForwardingServerCallListener$SimpleForwardingServerCallListener.onHalfClose(ForwardingServerCallListener.java:40)
	at io.grpc.Contexts$ContextualizedServerCallListener.onHalfClose(Contexts.java:86)
	at io.grpc.PartialForwardingServerCallListener.onHalfClose(PartialForwardingServerCallListener.java:35)
	at io.grpc.ForwardingServerCallListener.onHalfClose(ForwardingServerCallListener.java:23)
	at io.grpc.ForwardingServerCallListener$SimpleForwardingServerCallListener.onHalfClose(ForwardingServerCallListener.java:40)
	at io.grpc.Contexts$ContextualizedServerCallListener.onHalfClose(Contexts.java:86)
	at io.grpc.internal.ServerCallImpl$ServerStreamListenerImpl.halfClosed(ServerCallImpl.java:356)
	at io.grpc.internal.ServerImpl$JumpToApplicationThreadServerStreamListener$1HalfClosed.runInContext(ServerImpl.java:861)
	at io.grpc.internal.ContextRunnable.run(ContextRunnable.java:37)
	at io.grpc.internal.SerializingExecutor.run(SerializingExecutor.java:133)
	at java.base/java.util.concurrent.ThreadPoolExecutor.runWorker(ThreadPoolExecutor.java:1144)
	at java.base/java.util.concurrent.ThreadPoolExecutor$Worker.run(ThreadPoolExecutor.java:642)
	at java.base/java.lang.Thread.run(Thread.java:1583)

 {"metadata":{"emulator":{"name":"firestore"},"message":"Sep 15, 2026 9:18:09 AM com.google.cloud.datastore.emulator.impl.util.WrappedStreamObserver onError\nWARNING: Operation failed: Document (projects/demo-lead-integration/databases/(default)/documents/leads/bc48692c44bde28ac6676d30524b391c81c2abb75db8e331870b24e1367d7693) not found.\ncom.google.cloud.datastore.core.exception.DatastoreException: Document (projects/demo-lead-integration/databases/(default)/documents/leads/bc48692c44bde28ac6676d30524b391c81c2abb75db8e331870b24e1367d7693) not found.\n\tat com.google.cloud.datastore.emulator.impl.firestore.CloudFirestoreV1.getDocument(CloudFirestoreV1.java:340)\n\tat com.google.cloud.datastore.emulator.impl.firestore.CloudFirestoreV1Router.getDocument(CloudFirestoreV1Router.java:132)\n\tat com.google.cloud.datastore.emulator.impl.firestore.CloudFirestoreV1Router.getOrListDocuments(CloudFirestoreV1Router.java:126)\n\tat com.google.cloud.datastore.emulator.firestore.v1.FirestoreV1GrpcAdapter$1.lambda$getOrListDocuments$0(FirestoreV1GrpcAdapter.java:108)\n\tat com.google.cloud.datastore.emulator.firestore.v1.FirestoreV1GrpcAdapter.unary(FirestoreV1GrpcAdapter.java:72)\n\tat com.google.cloud.datastore.emulator.firestore.v1.FirestoreV1GrpcAdapter$1.getOrListDocuments(FirestoreV1GrpcAdapter.java:108)\n\tat com.google.firestore.v1.FirestoreGrpc$MethodHandlers.invoke(FirestoreGrpc.java:1376)\n\tat io.grpc.stub.ServerCalls$UnaryServerCallHandler$UnaryServerCallListener.onHalfClose(ServerCalls.java:182)\n\tat io.grpc.PartialForwardingServerCallListener.onHalfClose(PartialForwardingServerCallListener.java:35)\n\tat io.grpc.ForwardingServerCallListener.onHalfClose(ForwardingServerCallListener.java:23)\n\tat io.grpc.ForwardingServerCallListener$SimpleForwardingServerCallListener.onHalfClose(ForwardingServerCallListener.java:40)\n\tat io.grpc.Contexts$ContextualizedServerCallListener.onHalfClose(Contexts.java:86)\n\tat io.grpc.PartialForwardingServerCallListener.onHalfClose(PartialForwardingServerCallListener.java:35)\n\tat io.grpc.ForwardingServerCallListener.onHalfClose(ForwardingServerCallListener.java:23)\n\tat io.grpc.ForwardingServerCallListener$SimpleForwardingServerCallListener.onHalfClose(ForwardingServerCallListener.java:40)\n\tat io.grpc.Contexts$ContextualizedServerCallListener.onHalfClose(Contexts.java:86)\n\tat io.grpc.internal.ServerCallImpl$ServerStreamListenerImpl.halfClosed(ServerCallImpl.java:356)\n\tat io.grpc.internal.ServerImpl$JumpToApplicationThreadServerStreamListener$1HalfClosed.runInContext(ServerImpl.java:861)\n\tat io.grpc.internal.ContextRunnable.run(ContextRunnable.java:37)\n\tat io.grpc.internal.SerializingExecutor.run(SerializingExecutor.java:133)\n\tat java.base/java.util.concurrent.ThreadPoolExecutor.runWorker(ThreadPoolExecutor.java:1144)\n\tat java.base/java.util.concurrent.ThreadPoolExecutor$Worker.run(ThreadPoolExecutor.java:642)\n\tat java.base/java.lang.Thread.run(Thread.java:1583)\n\n"}}
[debug] [2026-09-15T14:18:09.592Z] Sep 15, 2026 9:18:09 AM com.google.cloud.datastore.emulator.impl.util.WrappedStreamObserver onError
WARNING: Operation failed: Document (projects/demo-lead-integration/databases/(default)/documents/leads/bc48692c44bde28ac6676d30524b391c81c2abb75db8e331870b24e1367d7693) not found.
com.google.cloud.datastore.core.exception.DatastoreException: Document (projects/demo-lead-integration/databases/(default)/documents/leads/bc48692c44bde28ac6676d30524b391c81c2abb75db8e331870b24e1367d7693) not found.
	at com.google.cloud.datastore.emulator.impl.firestore.CloudFirestoreV1.getDocument(CloudFirestoreV1.java:340)
	at com.google.cloud.datastore.emulator.impl.firestore.CloudFirestoreV1Router.getDocument(CloudFirestoreV1Router.java:132)
	at com.google.cloud.datastore.emulator.impl.firestore.CloudFirestoreV1Router.getOrListDocuments(CloudFirestoreV1Router.java:126)
	at com.google.cloud.datastore.emulator.firestore.v1.FirestoreV1GrpcAdapter$1.lambda$getOrListDocuments$0(FirestoreV1GrpcAdapter.java:108)
	at com.google.cloud.datastore.emulator.firestore.v1.FirestoreV1GrpcAdapter.unary(FirestoreV1GrpcAdapter.java:72)
	at com.google.cloud.datastore.emulator.firestore.v1.FirestoreV1GrpcAdapter$1.getOrListDocuments(FirestoreV1GrpcAdapter.java:108)
	at com.google.firestore.v1.FirestoreGrpc$MethodHandlers.invoke(FirestoreGrpc.java:1376)
	at io.grpc.stub.ServerCalls$UnaryServerCallHandler$UnaryServerCallListener.onHalfClose(ServerCalls.java:182)
	at io.grpc.PartialForwardingServerCallListener.onHalfClose(PartialForwardingServerCallListener.java:35)
	at io.grpc.ForwardingServerCallListener.onHalfClose(ForwardingServerCallListener.java:23)
	at io.grpc.ForwardingServerCallListener$SimpleForwardingServerCallListener.onHalfClose(ForwardingServerCallListener.java:40)
	at io.grpc.Contexts$ContextualizedServerCallListener.onHalfClose(Contexts.java:86)
	at io.grpc.PartialForwardingServerCallListener.onHalfClose(PartialForwardingServerCallListener.java:35)
	at io.grpc.ForwardingServerCallListener.onHalfClose(ForwardingServerCallListener.java:23)
	at io.grpc.ForwardingServerCallListener$SimpleForwardingServerCallListener.onHalfClose(ForwardingServerCallListener.java:40)
	at io.grpc.Contexts$ContextualizedServerCallListener.onHalfClose(Contexts.java:86)
	at io.grpc.internal.ServerCallImpl$ServerStreamListenerImpl.halfClosed(ServerCallImpl.java:356)
	at io.grpc.internal.ServerImpl$JumpToApplicationThreadServerStreamListener$1HalfClosed.runInContext(ServerImpl.java:861)
	at io.grpc.internal.ContextRunnable.run(ContextRunnable.java:37)
	at io.grpc.internal.SerializingExecutor.run(SerializingExecutor.java:133)
	at java.base/java.util.concurrent.ThreadPoolExecutor.runWorker(ThreadPoolExecutor.java:1144)
	at java.base/java.util.concurrent.ThreadPoolExecutor$Worker.run(ThreadPoolExecutor.java:642)
	at java.base/java.lang.Thread.run(Thread.java:1583)

 {"metadata":{"emulator":{"name":"firestore"},"message":"Sep 15, 2026 9:18:09 AM com.google.cloud.datastore.emulator.impl.util.WrappedStreamObserver onError\nWARNING: Operation failed: Document (projects/demo-lead-integration/databases/(default)/documents/leads/bc48692c44bde28ac6676d30524b391c81c2abb75db8e331870b24e1367d7693) not found.\ncom.google.cloud.datastore.core.exception.DatastoreException: Document (projects/demo-lead-integration/databases/(default)/documents/leads/bc48692c44bde28ac6676d30524b391c81c2abb75db8e331870b24e1367d7693) not found.\n\tat com.google.cloud.datastore.emulator.impl.firestore.CloudFirestoreV1.getDocument(CloudFirestoreV1.java:340)\n\tat com.google.cloud.datastore.emulator.impl.firestore.CloudFirestoreV1Router.getDocument(CloudFirestoreV1Router.java:132)\n\tat com.google.cloud.datastore.emulator.impl.firestore.CloudFirestoreV1Router.getOrListDocuments(CloudFirestoreV1Router.java:126)\n\tat com.google.cloud.datastore.emulator.firestore.v1.FirestoreV1GrpcAdapter$1.lambda$getOrListDocuments$0(FirestoreV1GrpcAdapter.java:108)\n\tat com.google.cloud.datastore.emulator.firestore.v1.FirestoreV1GrpcAdapter.unary(FirestoreV1GrpcAdapter.java:72)\n\tat com.google.cloud.datastore.emulator.firestore.v1.FirestoreV1GrpcAdapter$1.getOrListDocuments(FirestoreV1GrpcAdapter.java:108)\n\tat com.google.firestore.v1.FirestoreGrpc$MethodHandlers.invoke(FirestoreGrpc.java:1376)\n\tat io.grpc.stub.ServerCalls$UnaryServerCallHandler$UnaryServerCallListener.onHalfClose(ServerCalls.java:182)\n\tat io.grpc.PartialForwardingServerCallListener.onHalfClose(PartialForwardingServerCallListener.java:35)\n\tat io.grpc.ForwardingServerCallListener.onHalfClose(ForwardingServerCallListener.java:23)\n\tat io.grpc.ForwardingServerCallListener$SimpleForwardingServerCallListener.onHalfClose(ForwardingServerCallListener.java:40)\n\tat io.grpc.Contexts$ContextualizedServerCallListener.onHalfClose(Contexts.java:86)\n\tat io.grpc.PartialForwardingServerCallListener.onHalfClose(PartialForwardingServerCallListener.java:35)\n\tat io.grpc.ForwardingServerCallListener.onHalfClose(ForwardingServerCallListener.java:23)\n\tat io.grpc.ForwardingServerCallListener$SimpleForwardingServerCallListener.onHalfClose(ForwardingServerCallListener.java:40)\n\tat io.grpc.Contexts$ContextualizedServerCallListener.onHalfClose(Contexts.java:86)\n\tat io.grpc.internal.ServerCallImpl$ServerStreamListenerImpl.halfClosed(ServerCallImpl.java:356)\n\tat io.grpc.internal.ServerImpl$JumpToApplicationThreadServerStreamListener$1HalfClosed.runInContext(ServerImpl.java:861)\n\tat io.grpc.internal.ContextRunnable.run(ContextRunnable.java:37)\n\tat io.grpc.internal.SerializingExecutor.run(SerializingExecutor.java:133)\n\tat java.base/java.util.concurrent.ThreadPoolExecutor.runWorker(ThreadPoolExecutor.java:1144)\n\tat java.base/java.util.concurrent.ThreadPoolExecutor$Worker.run(ThreadPoolExecutor.java:642)\n\tat java.base/java.lang.Thread.run(Thread.java:1583)\n\n"}}
[debug] [2026-09-15T14:18:09.593Z] Sep 15, 2026 9:18:09 AM io.gapi.emulators.netty.HttpHandler$1 onError
INFO: Exception when handling request: NOT_FOUND: Document (projects/demo-lead-integration/databases/(default)/documents/leads/bc48692c44bde28ac6676d30524b391c81c2abb75db8e331870b24e1367d7693) not found.
 {"metadata":{"emulator":{"name":"firestore"},"message":"Sep 15, 2026 9:18:09 AM io.gapi.emulators.netty.HttpHandler$1 onError\nINFO: Exception when handling request: NOT_FOUND: Document (projects/demo-lead-integration/databases/(default)/documents/leads/bc48692c44bde28ac6676d30524b391c81c2abb75db8e331870b24e1367d7693) not found.\n"}}
[debug] [2026-09-15T14:18:09.593Z] Sep 15, 2026 9:18:09 AM io.gapi.emulators.netty.HttpHandler$1 onError
INFO: Exception when handling request: NOT_FOUND: Document (projects/demo-lead-integration/databases/(default)/documents/leads/bc48692c44bde28ac6676d30524b391c81c2abb75db8e331870b24e1367d7693) not found.
 {"metadata":{"emulator":{"name":"firestore"},"message":"Sep 15, 2026 9:18:09 AM io.gapi.emulators.netty.HttpHandler$1 onError\nINFO: Exception when handling request: NOT_FOUND: Document (projects/demo-lead-integration/databases/(default)/documents/leads/bc48692c44bde28ac6676d30524b391c81c2abb75db8e331870b24e1367d7693) not found.\n"}}
[debug] [2026-09-15T14:18:09.594Z] Multiple projectIds are not recommended in single project mode. Requested project ID demo-lead-integration, but the emulator is configured for demo-not-the-rug. To opt-out of single project mode add/set the '"singleProjectMode": false' property in the firebase.json emulators config.
 {"metadata":{"emulator":{"name":"firestore"},"message":"Multiple projectIds are not recommended in single project mode. Requested project ID demo-lead-integration, but the emulator is configured for demo-not-the-rug. To opt-out of single project mode add/set the '\"singleProjectMode\": false' property in the firebase.json emulators config.\n"}}
[debug] [2026-09-15T14:18:09.594Z] Multiple projectIds are not recommended in single project mode. Requested project ID demo-lead-integration, but the emulator is configured for demo-not-the-rug. To opt-out of single project mode add/set the '"singleProjectMode": false' property in the firebase.json emulators config.
 {"metadata":{"emulator":{"name":"firestore"},"message":"Multiple projectIds are not recommended in single project mode. Requested project ID demo-lead-integration, but the emulator is configured for demo-not-the-rug. To opt-out of single project mode add/set the '\"singleProjectMode\": false' property in the firebase.json emulators config.\n"}}
[debug] [2026-09-15T14:18:09.595Z] Sep 15, 2026 9:18:09 AM com.google.cloud.datastore.emulator.impl.util.WrappedStreamObserver onError
WARNING: Operation failed: entity already exists: EntityRef[partitionRef=dev~demo-lead-integration, path=/leads/7556115e84fb1b8c5799d34414760b71b319480cd2c824d6bc4bb48867fb8ad5]
com.google.cloud.datastore.core.exception.DatastoreException: entity already exists: EntityRef[partitionRef=dev~demo-lead-integration, path=/leads/7556115e84fb1b8c5799d34414760b71b319480cd2c824d6bc4bb48867fb8ad5]
	at com.google.cloud.datastore.core.exception.DatastoreException.withProblem(DatastoreException.java:352)
	at com.google.cloud.datastore.emulator.impl.util.FirestoreEmulatorConverters.alreadyExists(FirestoreEmulatorConverters.java:748)
	at com.google.cloud.datastore.emulator.impl.util.FirestoreEmulatorConverters.checkMutation(FirestoreEmulatorConverters.java:214)
	at com.google.cloud.datastore.emulator.impl.firestore.FirestoreEmulatorHelper.commitHelper(FirestoreEmulatorHelper.java:390)
	at com.google.cloud.datastore.emulator.impl.firestore.FirestoreEmulatorHelper.internalCommit(FirestoreEmulatorHelper.java:339)
	at com.google.cloud.datastore.emulator.impl.firestore.CloudFirestoreV1.internalCommit(CloudFirestoreV1.java:1243)
	at com.google.cloud.datastore.emulator.impl.firestore.CloudFirestoreV1.createDocument(CloudFirestoreV1.java:450)
	at com.google.cloud.datastore.emulator.impl.firestore.CloudFirestoreV1Router.createDocument(CloudFirestoreV1Router.java:146)
	at com.google.cloud.datastore.emulator.firestore.v1.FirestoreV1GrpcAdapter$1.lambda$createDocument$0(FirestoreV1GrpcAdapter.java:126)
	at com.google.cloud.datastore.emulator.firestore.v1.FirestoreV1GrpcAdapter.unary(FirestoreV1GrpcAdapter.java:72)
	at com.google.cloud.datastore.emulator.firestore.v1.FirestoreV1GrpcAdapter$1.createDocument(FirestoreV1GrpcAdapter.java:126)
	at com.google.firestore.v1.FirestoreGrpc$MethodHandlers.invoke(FirestoreGrpc.java:1436)
	at io.grpc.stub.ServerCalls$UnaryServerCallHandler$UnaryServerCallListener.onHalfClose(ServerCalls.java:182)
	at io.grpc.PartialForwardingServerCallListener.onHalfClose(PartialForwardingServerCallListener.java:35)
	at io.grpc.ForwardingServerCallListener.onHalfClose(ForwardingServerCallListener.java:23)
	at io.grpc.ForwardingServerCallListener$SimpleForwardingServerCallListener.onHalfClose(ForwardingServerCallListener.java:40)
	at io.grpc.Contexts$ContextualizedServerCallListener.onHalfClose(Contexts.java:86)
	at io.grpc.PartialForwardingServerCallListener.onHalfClose(PartialForwardingServerCallListener.java:35)
	at io.grpc.ForwardingServerCallListener.onHalfClose(ForwardingServerCallListener.java:23)
	at io.grpc.ForwardingServerCallListener$SimpleForwardingServerCallListener.onHalfClose(ForwardingServerCallListener.java:40)
	at io.grpc.Contexts$ContextualizedServerCallListener.onHalfClose(Contexts.java:86)
	at io.grpc.internal.ServerCallImpl$ServerStreamListenerImpl.halfClosed(ServerCallImpl.java:356)
	at io.grpc.internal.ServerImpl$JumpToApplicationThreadServerStreamListener$1HalfClosed.runInContext(ServerImpl.java:861)
	at io.grpc.internal.ContextRunnable.run(ContextRunnable.java:37)
	at io.grpc.internal.SerializingExecutor.run(SerializingExecutor.java:133)
	at java.base/java.util.concurrent.ThreadPoolExecutor.runWorker(ThreadPoolExecutor.java:1144)
	at java.base/java.util.concurrent.ThreadPoolExecutor$Worker.run(ThreadPoolExecutor.java:642)
	at java.base/java.lang.Thread.run(Thread.java:1583)

 {"metadata":{"emulator":{"name":"firestore"},"message":"Sep 15, 2026 9:18:09 AM com.google.cloud.datastore.emulator.impl.util.WrappedStreamObserver onError\nWARNING: Operation failed: entity already exists: EntityRef[partitionRef=dev~demo-lead-integration, path=/leads/7556115e84fb1b8c5799d34414760b71b319480cd2c824d6bc4bb48867fb8ad5]\ncom.google.cloud.datastore.core.exception.DatastoreException: entity already exists: EntityRef[partitionRef=dev~demo-lead-integration, path=/leads/7556115e84fb1b8c5799d34414760b71b319480cd2c824d6bc4bb48867fb8ad5]\n\tat com.google.cloud.datastore.core.exception.DatastoreException.withProblem(DatastoreException.java:352)\n\tat com.google.cloud.datastore.emulator.impl.util.FirestoreEmulatorConverters.alreadyExists(FirestoreEmulatorConverters.java:748)\n\tat com.google.cloud.datastore.emulator.impl.util.FirestoreEmulatorConverters.checkMutation(FirestoreEmulatorConverters.java:214)\n\tat com.google.cloud.datastore.emulator.impl.firestore.FirestoreEmulatorHelper.commitHelper(FirestoreEmulatorHelper.java:390)\n\tat com.google.cloud.datastore.emulator.impl.firestore.FirestoreEmulatorHelper.internalCommit(FirestoreEmulatorHelper.java:339)\n\tat com.google.cloud.datastore.emulator.impl.firestore.CloudFirestoreV1.internalCommit(CloudFirestoreV1.java:1243)\n\tat com.google.cloud.datastore.emulator.impl.firestore.CloudFirestoreV1.createDocument(CloudFirestoreV1.java:450)\n\tat com.google.cloud.datastore.emulator.impl.firestore.CloudFirestoreV1Router.createDocument(CloudFirestoreV1Router.java:146)\n\tat com.google.cloud.datastore.emulator.firestore.v1.FirestoreV1GrpcAdapter$1.lambda$createDocument$0(FirestoreV1GrpcAdapter.java:126)\n\tat com.google.cloud.datastore.emulator.firestore.v1.FirestoreV1GrpcAdapter.unary(FirestoreV1GrpcAdapter.java:72)\n\tat com.google.cloud.datastore.emulator.firestore.v1.FirestoreV1GrpcAdapter$1.createDocument(FirestoreV1GrpcAdapter.java:126)\n\tat com.google.firestore.v1.FirestoreGrpc$MethodHandlers.invoke(FirestoreGrpc.java:1436)\n\tat io.grpc.stub.ServerCalls$UnaryServerCallHandler$UnaryServerCallListener.onHalfClose(ServerCalls.java:182)\n\tat io.grpc.PartialForwardingServerCallListener.onHalfClose(PartialForwardingServerCallListener.java:35)\n\tat io.grpc.ForwardingServerCallListener.onHalfClose(ForwardingServerCallListener.java:23)\n\tat io.grpc.ForwardingServerCallListener$SimpleForwardingServerCallListener.onHalfClose(ForwardingServerCallListener.java:40)\n\tat io.grpc.Contexts$ContextualizedServerCallListener.onHalfClose(Contexts.java:86)\n\tat io.grpc.PartialForwardingServerCallListener.onHalfClose(PartialForwardingServerCallListener.java:35)\n\tat io.grpc.ForwardingServerCallListener.onHalfClose(ForwardingServerCallListener.java:23)\n\tat io.grpc.ForwardingServerCallListener$SimpleForwardingServerCallListener.onHalfClose(ForwardingServerCallListener.java:40)\n\tat io.grpc.Contexts$ContextualizedServerCallListener.onHalfClose(Contexts.java:86)\n\tat io.grpc.internal.ServerCallImpl$ServerStreamListenerImpl.halfClosed(ServerCallImpl.java:356)\n\tat io.grpc.internal.ServerImpl$JumpToApplicationThreadServerStreamListener$1HalfClosed.runInContext(ServerImpl.java:861)\n\tat io.grpc.internal.ContextRunnable.run(ContextRunnable.java:37)\n\tat io.grpc.internal.SerializingExecutor.run(SerializingExecutor.java:133)\n\tat java.base/java.util.concurrent.ThreadPoolExecutor.runWorker(ThreadPoolExecutor.java:1144)\n\tat java.base/java.util.concurrent.ThreadPoolExecutor$Worker.run(ThreadPoolExecutor.java:642)\n\tat java.base/java.lang.Thread.run(Thread.java:1583)\n\n"}}
[debug] [2026-09-15T14:18:09.595Z] Sep 15, 2026 9:18:09 AM io.gapi.emulators.netty.HttpHandler$1 onError
INFO: Exception when handling request: ALREADY_EXISTS: entity already exists: EntityRef[partitionRef=dev~demo-lead-integration, path=/leads/7556115e84fb1b8c5799d34414760b71b319480cd2c824d6bc4bb48867fb8ad5]
 {"metadata":{"emulator":{"name":"firestore"},"message":"Sep 15, 2026 9:18:09 AM io.gapi.emulators.netty.HttpHandler$1 onError\nINFO: Exception when handling request: ALREADY_EXISTS: entity already exists: EntityRef[partitionRef=dev~demo-lead-integration, path=/leads/7556115e84fb1b8c5799d34414760b71b319480cd2c824d6bc4bb48867fb8ad5]\n"}}
[debug] [2026-09-15T14:18:09.596Z] Multiple projectIds are not recommended in single project mode. Requested project ID demo-lead-integration, but the emulator is configured for demo-not-the-rug. To opt-out of single project mode add/set the '"singleProjectMode": false' property in the firebase.json emulators config.
 {"metadata":{"emulator":{"name":"firestore"},"message":"Multiple projectIds are not recommended in single project mode. Requested project ID demo-lead-integration, but the emulator is configured for demo-not-the-rug. To opt-out of single project mode add/set the '\"singleProjectMode\": false' property in the firebase.json emulators config.\n"}}
[debug] [2026-09-15T14:18:09.597Z] Multiple projectIds are not recommended in single project mode. Requested project ID demo-lead-integration, but the emulator is configured for demo-not-the-rug. To opt-out of single project mode add/set the '"singleProjectMode": false' property in the firebase.json emulators config.
 {"metadata":{"emulator":{"name":"firestore"},"message":"Multiple projectIds are not recommended in single project mode. Requested project ID demo-lead-integration, but the emulator is configured for demo-not-the-rug. To opt-out of single project mode add/set the '\"singleProjectMode\": false' property in the firebase.json emulators config.\n"}}
[debug] [2026-09-15T14:18:09.600Z] Multiple projectIds are not recommended in single project mode. Requested project ID demo-lead-integration, but the emulator is configured for demo-not-the-rug. To opt-out of single project mode add/set the '"singleProjectMode": false' property in the firebase.json emulators config.
 {"metadata":{"emulator":{"name":"firestore"},"message":"Multiple projectIds are not recommended in single project mode. Requested project ID demo-lead-integration, but the emulator is configured for demo-not-the-rug. To opt-out of single project mode add/set the '\"singleProjectMode\": false' property in the firebase.json emulators config.\n"}}
[debug] [2026-09-15T14:18:09.602Z] Multiple projectIds are not recommended in single project mode. Requested project ID demo-lead-integration, but the emulator is configured for demo-not-the-rug. To opt-out of single project mode add/set the '"singleProjectMode": false' property in the firebase.json emulators config.
 {"metadata":{"emulator":{"name":"firestore"},"message":"Multiple projectIds are not recommended in single project mode. Requested project ID demo-lead-integration, but the emulator is configured for demo-not-the-rug. To opt-out of single project mode add/set the '\"singleProjectMode\": false' property in the firebase.json emulators config.\n"}}
[debug] [2026-09-15T14:18:09.605Z] Multiple projectIds are not recommended in single project mode. Requested project ID demo-lead-integration, but the emulator is configured for demo-not-the-rug. To opt-out of single project mode add/set the '"singleProjectMode": false' property in the firebase.json emulators config.
 {"metadata":{"emulator":{"name":"firestore"},"message":"Multiple projectIds are not recommended in single project mode. Requested project ID demo-lead-integration, but the emulator is configured for demo-not-the-rug. To opt-out of single project mode add/set the '\"singleProjectMode\": false' property in the firebase.json emulators config.\n"}}
[debug] [2026-09-15T14:18:09.607Z] Multiple projectIds are not recommended in single project mode. Requested project ID demo-lead-integration, but the emulator is configured for demo-not-the-rug. To opt-out of single project mode add/set the '"singleProjectMode": false' property in the firebase.json emulators config.
 {"metadata":{"emulator":{"name":"firestore"},"message":"Multiple projectIds are not recommended in single project mode. Requested project ID demo-lead-integration, but the emulator is configured for demo-not-the-rug. To opt-out of single project mode add/set the '\"singleProjectMode\": false' property in the firebase.json emulators config.\n"}}
[debug] [2026-09-15T14:18:09.607Z] Sep 15, 2026 9:18:09 AM com.google.cloud.datastore.emulator.impl.util.WrappedStreamObserver onError
WARNING: Operation failed: Document (projects/demo-lead-integration/databases/(default)/documents/leads/b083f32cf82501f613821a5418d74e8bb6793192a52be26f7cab136dc752e0c5) not found.
com.google.cloud.datastore.core.exception.DatastoreException: Document (projects/demo-lead-integration/databases/(default)/documents/leads/b083f32cf82501f613821a5418d74e8bb6793192a52be26f7cab136dc752e0c5) not found.
	at com.google.cloud.datastore.emulator.impl.firestore.CloudFirestoreV1.getDocument(CloudFirestoreV1.java:340)
	at com.google.cloud.datastore.emulator.impl.firestore.CloudFirestoreV1Router.getDocument(CloudFirestoreV1Router.java:132)
	at com.google.cloud.datastore.emulator.impl.firestore.CloudFirestoreV1Router.getOrListDocuments(CloudFirestoreV1Router.java:126)
	at com.google.cloud.datastore.emulator.firestore.v1.FirestoreV1GrpcAdapter$1.lambda$getOrListDocuments$0(FirestoreV1GrpcAdapter.java:108)
	at com.google.cloud.datastore.emulator.firestore.v1.FirestoreV1GrpcAdapter.unary(FirestoreV1GrpcAdapter.java:72)
	at com.google.cloud.datastore.emulator.firestore.v1.FirestoreV1GrpcAdapter$1.getOrListDocuments(FirestoreV1GrpcAdapter.java:108)
	at com.google.firestore.v1.FirestoreGrpc$MethodHandlers.invoke(FirestoreGrpc.java:1376)
	at io.grpc.stub.ServerCalls$UnaryServerCallHandler$UnaryServerCallListener.onHalfClose(ServerCalls.java:182)
	at io.grpc.PartialForwardingServerCallListener.onHalfClose(PartialForwardingServerCallListener.java:35)
	at io.grpc.ForwardingServerCallListener.onHalfClose(ForwardingServerCallListener.java:23)
	at io.grpc.ForwardingServerCallListener$SimpleForwardingServerCallListener.onHalfClose(ForwardingServerCallListener.java:40)
	at io.grpc.Contexts$ContextualizedServerCallListener.onHalfClose(Contexts.java:86)
	at io.grpc.PartialForwardingServerCallListener.onHalfClose(PartialForwardingServerCallListener.java:35)
	at io.grpc.ForwardingServerCallListener.onHalfClose(ForwardingServerCallListener.java:23)
	at io.grpc.ForwardingServerCallListener$SimpleForwardingServerCallListener.onHalfClose(ForwardingServerCallListener.java:40)
	at io.grpc.Contexts$ContextualizedServerCallListener.onHalfClose(Contexts.java:86)
	at io.grpc.internal.ServerCallImpl$ServerStreamListenerImpl.halfClosed(ServerCallImpl.java:356)
	at io.grpc.internal.ServerImpl$JumpToApplicationThreadServerStreamListener$1HalfClosed.runInContext(ServerImpl.java:861)
	at io.grpc.internal.ContextRunnable.run(ContextRunnable.java:37)
	at io.grpc.internal.SerializingExecutor.run(SerializingExecutor.java:133)
	at java.base/java.util.concurrent.ThreadPoolExecutor.runWorker(ThreadPoolExecutor.java:1144)
	at java.base/java.util.concurrent.ThreadPoolExecutor$Worker.run(ThreadPoolExecutor.java:642)
	at java.base/java.lang.Thread.run(Thread.java:1583)

 {"metadata":{"emulator":{"name":"firestore"},"message":"Sep 15, 2026 9:18:09 AM com.google.cloud.datastore.emulator.impl.util.WrappedStreamObserver onError\nWARNING: Operation failed: Document (projects/demo-lead-integration/databases/(default)/documents/leads/b083f32cf82501f613821a5418d74e8bb6793192a52be26f7cab136dc752e0c5) not found.\ncom.google.cloud.datastore.core.exception.DatastoreException: Document (projects/demo-lead-integration/databases/(default)/documents/leads/b083f32cf82501f613821a5418d74e8bb6793192a52be26f7cab136dc752e0c5) not found.\n\tat com.google.cloud.datastore.emulator.impl.firestore.CloudFirestoreV1.getDocument(CloudFirestoreV1.java:340)\n\tat com.google.cloud.datastore.emulator.impl.firestore.CloudFirestoreV1Router.getDocument(CloudFirestoreV1Router.java:132)\n\tat com.google.cloud.datastore.emulator.impl.firestore.CloudFirestoreV1Router.getOrListDocuments(CloudFirestoreV1Router.java:126)\n\tat com.google.cloud.datastore.emulator.firestore.v1.FirestoreV1GrpcAdapter$1.lambda$getOrListDocuments$0(FirestoreV1GrpcAdapter.java:108)\n\tat com.google.cloud.datastore.emulator.firestore.v1.FirestoreV1GrpcAdapter.unary(FirestoreV1GrpcAdapter.java:72)\n\tat com.google.cloud.datastore.emulator.firestore.v1.FirestoreV1GrpcAdapter$1.getOrListDocuments(FirestoreV1GrpcAdapter.java:108)\n\tat com.google.firestore.v1.FirestoreGrpc$MethodHandlers.invoke(FirestoreGrpc.java:1376)\n\tat io.grpc.stub.ServerCalls$UnaryServerCallHandler$UnaryServerCallListener.onHalfClose(ServerCalls.java:182)\n\tat io.grpc.PartialForwardingServerCallListener.onHalfClose(PartialForwardingServerCallListener.java:35)\n\tat io.grpc.ForwardingServerCallListener.onHalfClose(ForwardingServerCallListener.java:23)\n\tat io.grpc.ForwardingServerCallListener$SimpleForwardingServerCallListener.onHalfClose(ForwardingServerCallListener.java:40)\n\tat io.grpc.Contexts$ContextualizedServerCallListener.onHalfClose(Contexts.java:86)\n\tat io.grpc.PartialForwardingServerCallListener.onHalfClose(PartialForwardingServerCallListener.java:35)\n\tat io.grpc.ForwardingServerCallListener.onHalfClose(ForwardingServerCallListener.java:23)\n\tat io.grpc.ForwardingServerCallListener$SimpleForwardingServerCallListener.onHalfClose(ForwardingServerCallListener.java:40)\n\tat io.grpc.Contexts$ContextualizedServerCallListener.onHalfClose(Contexts.java:86)\n\tat io.grpc.internal.ServerCallImpl$ServerStreamListenerImpl.halfClosed(ServerCallImpl.java:356)\n\tat io.grpc.internal.ServerImpl$JumpToApplicationThreadServerStreamListener$1HalfClosed.runInContext(ServerImpl.java:861)\n\tat io.grpc.internal.ContextRunnable.run(ContextRunnable.java:37)\n\tat io.grpc.internal.SerializingExecutor.run(SerializingExecutor.java:133)\n\tat java.base/java.util.concurrent.ThreadPoolExecutor.runWorker(ThreadPoolExecutor.java:1144)\n\tat java.base/java.util.concurrent.ThreadPoolExecutor$Worker.run(ThreadPoolExecutor.java:642)\n\tat java.base/java.lang.Thread.run(Thread.java:1583)\n\n"}}
[debug] [2026-09-15T14:18:09.608Z] Sep 15, 2026 9:18:09 AM io.gapi.emulators.netty.HttpHandler$1 onError
INFO: Exception when handling request: NOT_FOUND: Document (projects/demo-lead-integration/databases/(default)/documents/leads/b083f32cf82501f613821a5418d74e8bb6793192a52be26f7cab136dc752e0c5) not found.
 {"metadata":{"emulator":{"name":"firestore"},"message":"Sep 15, 2026 9:18:09 AM io.gapi.emulators.netty.HttpHandler$1 onError\nINFO: Exception when handling request: NOT_FOUND: Document (projects/demo-lead-integration/databases/(default)/documents/leads/b083f32cf82501f613821a5418d74e8bb6793192a52be26f7cab136dc752e0c5) not found.\n"}}
[debug] [2026-09-15T14:18:09.609Z] Multiple projectIds are not recommended in single project mode. Requested project ID demo-lead-integration, but the emulator is configured for demo-not-the-rug. To opt-out of single project mode add/set the '"singleProjectMode": false' property in the firebase.json emulators config.
 {"metadata":{"emulator":{"name":"firestore"},"message":"Multiple projectIds are not recommended in single project mode. Requested project ID demo-lead-integration, but the emulator is configured for demo-not-the-rug. To opt-out of single project mode add/set the '\"singleProjectMode\": false' property in the firebase.json emulators config.\n"}}
[debug] [2026-09-15T14:18:09.613Z] Multiple projectIds are not recommended in single project mode. Requested project ID demo-lead-integration, but the emulator is configured for demo-not-the-rug. To opt-out of single project mode add/set the '"singleProjectMode": false' property in the firebase.json emulators config.
 {"metadata":{"emulator":{"name":"firestore"},"message":"Multiple projectIds are not recommended in single project mode. Requested project ID demo-lead-integration, but the emulator is configured for demo-not-the-rug. To opt-out of single project mode add/set the '\"singleProjectMode\": false' property in the firebase.json emulators config.\n"}}
[debug] [2026-09-15T14:18:09.616Z] Multiple projectIds are not recommended in single project mode. Requested project ID demo-lead-integration, but the emulator is configured for demo-not-the-rug. To opt-out of single project mode add/set the '"singleProjectMode": false' property in the firebase.json emulators config.
 {"metadata":{"emulator":{"name":"firestore"},"message":"Multiple projectIds are not recommended in single project mode. Requested project ID demo-lead-integration, but the emulator is configured for demo-not-the-rug. To opt-out of single project mode add/set the '\"singleProjectMode\": false' property in the firebase.json emulators config.\n"}}
[debug] [2026-09-15T14:18:09.619Z] Multiple projectIds are not recommended in single project mode. Requested project ID demo-lead-integration, but the emulator is configured for demo-not-the-rug. To opt-out of single project mode add/set the '"singleProjectMode": false' property in the firebase.json emulators config.
 {"metadata":{"emulator":{"name":"firestore"},"message":"Multiple projectIds are not recommended in single project mode. Requested project ID demo-lead-integration, but the emulator is configured for demo-not-the-rug. To opt-out of single project mode add/set the '\"singleProjectMode\": false' property in the firebase.json emulators config.\n"}}
[debug] [2026-09-15T14:18:09.619Z] Sep 15, 2026 9:18:09 AM com.google.cloud.datastore.emulator.impl.util.WrappedStreamObserver onError
WARNING: Operation failed: Document (projects/demo-lead-integration/databases/(default)/documents/leads/466fa42f5ecf22e9257dec478ba76543985bb784bfd9f7661cc7811c4affaa83) not found.
com.google.cloud.datastore.core.exception.DatastoreException: Document (projects/demo-lead-integration/databases/(default)/documents/leads/466fa42f5ecf22e9257dec478ba76543985bb784bfd9f7661cc7811c4affaa83) not found.
	at com.google.cloud.datastore.emulator.impl.firestore.CloudFirestoreV1.getDocument(CloudFirestoreV1.java:340)
	at com.google.cloud.datastore.emulator.impl.firestore.CloudFirestoreV1Router.getDocument(CloudFirestoreV1Router.java:132)
	at com.google.cloud.datastore.emulator.impl.firestore.CloudFirestoreV1Router.getOrListDocuments(CloudFirestoreV1Router.java:126)
	at com.google.cloud.datastore.emulator.firestore.v1.FirestoreV1GrpcAdapter$1.lambda$getOrListDocuments$0(FirestoreV1GrpcAdapter.java:108)
	at com.google.cloud.datastore.emulator.firestore.v1.FirestoreV1GrpcAdapter.unary(FirestoreV1GrpcAdapter.java:72)
	at com.google.cloud.datastore.emulator.firestore.v1.FirestoreV1GrpcAdapter$1.getOrListDocuments(FirestoreV1GrpcAdapter.java:108)
	at com.google.firestore.v1.FirestoreGrpc$MethodHandlers.invoke(FirestoreGrpc.java:1376)
	at io.grpc.stub.ServerCalls$UnaryServerCallHandler$UnaryServerCallListener.onHalfClose(ServerCalls.java:182)
	at io.grpc.PartialForwardingServerCallListener.onHalfClose(PartialForwardingServerCallListener.java:35)
	at io.grpc.ForwardingServerCallListener.onHalfClose(ForwardingServerCallListener.java:23)
	at io.grpc.ForwardingServerCallListener$SimpleForwardingServerCallListener.onHalfClose(ForwardingServerCallListener.java:40)
	at io.grpc.Contexts$ContextualizedServerCallListener.onHalfClose(Contexts.java:86)
	at io.grpc.PartialForwardingServerCallListener.onHalfClose(PartialForwardingServerCallListener.java:35)
	at io.grpc.ForwardingServerCallListener.onHalfClose(ForwardingServerCallListener.java:23)
	at io.grpc.ForwardingServerCallListener$SimpleForwardingServerCallListener.onHalfClose(ForwardingServerCallListener.java:40)
	at io.grpc.Contexts$ContextualizedServerCallListener.onHalfClose(Contexts.java:86)
	at io.grpc.internal.ServerCallImpl$ServerStreamListenerImpl.halfClosed(ServerCallImpl.java:356)
	at io.grpc.internal.ServerImpl$JumpToApplicationThreadServerStreamListener$1HalfClosed.runInContext(ServerImpl.java:861)
	at io.grpc.internal.ContextRunnable.run(ContextRunnable.java:37)
	at io.grpc.internal.SerializingExecutor.run(SerializingExecutor.java:133)
	at java.base/java.util.concurrent.ThreadPoolExecutor.runWorker(ThreadPoolExecutor.java:1144)
	at java.base/java.util.concurrent.ThreadPoolExecutor$Worker.run(ThreadPoolExecutor.java:642)
	at java.base/java.lang.Thread.run(Thread.java:1583)

 {"metadata":{"emulator":{"name":"firestore"},"message":"Sep 15, 2026 9:18:09 AM com.google.cloud.datastore.emulator.impl.util.WrappedStreamObserver onError\nWARNING: Operation failed: Document (projects/demo-lead-integration/databases/(default)/documents/leads/466fa42f5ecf22e9257dec478ba76543985bb784bfd9f7661cc7811c4affaa83) not found.\ncom.google.cloud.datastore.core.exception.DatastoreException: Document (projects/demo-lead-integration/databases/(default)/documents/leads/466fa42f5ecf22e9257dec478ba76543985bb784bfd9f7661cc7811c4affaa83) not found.\n\tat com.google.cloud.datastore.emulator.impl.firestore.CloudFirestoreV1.getDocument(CloudFirestoreV1.java:340)\n\tat com.google.cloud.datastore.emulator.impl.firestore.CloudFirestoreV1Router.getDocument(CloudFirestoreV1Router.java:132)\n\tat com.google.cloud.datastore.emulator.impl.firestore.CloudFirestoreV1Router.getOrListDocuments(CloudFirestoreV1Router.java:126)\n\tat com.google.cloud.datastore.emulator.firestore.v1.FirestoreV1GrpcAdapter$1.lambda$getOrListDocuments$0(FirestoreV1GrpcAdapter.java:108)\n\tat com.google.cloud.datastore.emulator.firestore.v1.FirestoreV1GrpcAdapter.unary(FirestoreV1GrpcAdapter.java:72)\n\tat com.google.cloud.datastore.emulator.firestore.v1.FirestoreV1GrpcAdapter$1.getOrListDocuments(FirestoreV1GrpcAdapter.java:108)\n\tat com.google.firestore.v1.FirestoreGrpc$MethodHandlers.invoke(FirestoreGrpc.java:1376)\n\tat io.grpc.stub.ServerCalls$UnaryServerCallHandler$UnaryServerCallListener.onHalfClose(ServerCalls.java:182)\n\tat io.grpc.PartialForwardingServerCallListener.onHalfClose(PartialForwardingServerCallListener.java:35)\n\tat io.grpc.ForwardingServerCallListener.onHalfClose(ForwardingServerCallListener.java:23)\n\tat io.grpc.ForwardingServerCallListener$SimpleForwardingServerCallListener.onHalfClose(ForwardingServerCallListener.java:40)\n\tat io.grpc.Contexts$ContextualizedServerCallListener.onHalfClose(Contexts.java:86)\n\tat io.grpc.PartialForwardingServerCallListener.onHalfClose(PartialForwardingServerCallListener.java:35)\n\tat io.grpc.ForwardingServerCallListener.onHalfClose(ForwardingServerCallListener.java:23)\n\tat io.grpc.ForwardingServerCallListener$SimpleForwardingServerCallListener.onHalfClose(ForwardingServerCallListener.java:40)\n\tat io.grpc.Contexts$ContextualizedServerCallListener.onHalfClose(Contexts.java:86)\n\tat io.grpc.internal.ServerCallImpl$ServerStreamListenerImpl.halfClosed(ServerCallImpl.java:356)\n\tat io.grpc.internal.ServerImpl$JumpToApplicationThreadServerStreamListener$1HalfClosed.runInContext(ServerImpl.java:861)\n\tat io.grpc.internal.ContextRunnable.run(ContextRunnable.java:37)\n\tat io.grpc.internal.SerializingExecutor.run(SerializingExecutor.java:133)\n\tat java.base/java.util.concurrent.ThreadPoolExecutor.runWorker(ThreadPoolExecutor.java:1144)\n\tat java.base/java.util.concurrent.ThreadPoolExecutor$Worker.run(ThreadPoolExecutor.java:642)\n\tat java.base/java.lang.Thread.run(Thread.java:1583)\n\n"}}
[debug] [2026-09-15T14:18:09.620Z] Sep 15, 2026 9:18:09 AM io.gapi.emulators.netty.HttpHandler$1 onError
INFO: Exception when handling request: NOT_FOUND: Document (projects/demo-lead-integration/databases/(default)/documents/leads/466fa42f5ecf22e9257dec478ba76543985bb784bfd9f7661cc7811c4affaa83) not found.
 {"metadata":{"emulator":{"name":"firestore"},"message":"Sep 15, 2026 9:18:09 AM io.gapi.emulators.netty.HttpHandler$1 onError\nINFO: Exception when handling request: NOT_FOUND: Document (projects/demo-lead-integration/databases/(default)/documents/leads/466fa42f5ecf22e9257dec478ba76543985bb784bfd9f7661cc7811c4affaa83) not found.\n"}}
[debug] [2026-09-15T14:18:09.621Z] Multiple projectIds are not recommended in single project mode. Requested project ID demo-lead-integration, but the emulator is configured for demo-not-the-rug. To opt-out of single project mode add/set the '"singleProjectMode": false' property in the firebase.json emulators config.
 {"metadata":{"emulator":{"name":"firestore"},"message":"Multiple projectIds are not recommended in single project mode. Requested project ID demo-lead-integration, but the emulator is configured for demo-not-the-rug. To opt-out of single project mode add/set the '\"singleProjectMode\": false' property in the firebase.json emulators config.\n"}}
[debug] [2026-09-15T14:18:09.625Z] Multiple projectIds are not recommended in single project mode. Requested project ID demo-lead-integration, but the emulator is configured for demo-not-the-rug. To opt-out of single project mode add/set the '"singleProjectMode": false' property in the firebase.json emulators config.
 {"metadata":{"emulator":{"name":"firestore"},"message":"Multiple projectIds are not recommended in single project mode. Requested project ID demo-lead-integration, but the emulator is configured for demo-not-the-rug. To opt-out of single project mode add/set the '\"singleProjectMode\": false' property in the firebase.json emulators config.\n"}}
[debug] [2026-09-15T14:18:09.629Z] Multiple projectIds are not recommended in single project mode. Requested project ID demo-lead-integration, but the emulator is configured for demo-not-the-rug. To opt-out of single project mode add/set the '"singleProjectMode": false' property in the firebase.json emulators config.
 {"metadata":{"emulator":{"name":"firestore"},"message":"Multiple projectIds are not recommended in single project mode. Requested project ID demo-lead-integration, but the emulator is configured for demo-not-the-rug. To opt-out of single project mode add/set the '\"singleProjectMode\": false' property in the firebase.json emulators config.\n"}}
[debug] [2026-09-15T14:18:09.633Z] Multiple projectIds are not recommended in single project mode. Requested project ID demo-lead-integration, but the emulator is configured for demo-not-the-rug. To opt-out of single project mode add/set the '"singleProjectMode": false' property in the firebase.json emulators config.
 {"metadata":{"emulator":{"name":"firestore"},"message":"Multiple projectIds are not recommended in single project mode. Requested project ID demo-lead-integration, but the emulator is configured for demo-not-the-rug. To opt-out of single project mode add/set the '\"singleProjectMode\": false' property in the firebase.json emulators config.\n"}}
[debug] [2026-09-15T14:18:09.636Z] Multiple projectIds are not recommended in single project mode. Requested project ID demo-lead-integration, but the emulator is configured for demo-not-the-rug. To opt-out of single project mode add/set the '"singleProjectMode": false' property in the firebase.json emulators config.
 {"metadata":{"emulator":{"name":"firestore"},"message":"Multiple projectIds are not recommended in single project mode. Requested project ID demo-lead-integration, but the emulator is configured for demo-not-the-rug. To opt-out of single project mode add/set the '\"singleProjectMode\": false' property in the firebase.json emulators config.\n"}}
[debug] [2026-09-15T14:18:09.639Z] Multiple projectIds are not recommended in single project mode. Requested project ID demo-lead-integration, but the emulator is configured for demo-not-the-rug. To opt-out of single project mode add/set the '"singleProjectMode": false' property in the firebase.json emulators config.
 {"metadata":{"emulator":{"name":"firestore"},"message":"Multiple projectIds are not recommended in single project mode. Requested project ID demo-lead-integration, but the emulator is configured for demo-not-the-rug. To opt-out of single project mode add/set the '\"singleProjectMode\": false' property in the firebase.json emulators config.\n"}}
[debug] [2026-09-15T14:18:09.642Z] Multiple projectIds are not recommended in single project mode. Requested project ID demo-lead-integration, but the emulator is configured for demo-not-the-rug. To opt-out of single project mode add/set the '"singleProjectMode": false' property in the firebase.json emulators config.
 {"metadata":{"emulator":{"name":"firestore"},"message":"Multiple projectIds are not recommended in single project mode. Requested project ID demo-lead-integration, but the emulator is configured for demo-not-the-rug. To opt-out of single project mode add/set the '\"singleProjectMode\": false' property in the firebase.json emulators config.\n"}}
[debug] [2026-09-15T14:18:09.642Z] Sep 15, 2026 9:18:09 AM io.gapi.emulators.netty.HttpVersionRoutingHandler channelRead
INFO: Detected non-HTTP/2 connection.
 {"metadata":{"emulator":{"name":"firestore"},"message":"Sep 15, 2026 9:18:09 AM io.gapi.emulators.netty.HttpVersionRoutingHandler channelRead\nINFO: Detected non-HTTP/2 connection.\n"}}
[debug] [2026-09-15T14:18:09.643Z] Sep 15, 2026 9:18:09 AM io.gapi.emulators.netty.HttpVersionRoutingHandler channelRead
INFO: Detected non-HTTP/2 connection.
Sep 15, 2026 9:18:09 AM io.gapi.emulators.netty.HttpVersionRoutingHandler channelRead
INFO: Detected non-HTTP/2 connection.
 {"metadata":{"emulator":{"name":"firestore"},"message":"Sep 15, 2026 9:18:09 AM io.gapi.emulators.netty.HttpVersionRoutingHandler channelRead\nINFO: Detected non-HTTP/2 connection.\nSep 15, 2026 9:18:09 AM io.gapi.emulators.netty.HttpVersionRoutingHandler channelRead\nINFO: Detected non-HTTP/2 connection.\n"}}
[debug] [2026-09-15T14:18:09.643Z] Sep 15, 2026 9:18:09 AM io.gapi.emulators.netty.HttpVersionRoutingHandler channelRead
INFO: Detected non-HTTP/2 connection.
Sep 15, 2026 9:18:09 AM io.gapi.emulators.netty.HttpVersionRoutingHandler channelRead
INFO: Detected non-HTTP/2 connection.
 {"metadata":{"emulator":{"name":"firestore"},"message":"Sep 15, 2026 9:18:09 AM io.gapi.emulators.netty.HttpVersionRoutingHandler channelRead\nINFO: Detected non-HTTP/2 connection.\nSep 15, 2026 9:18:09 AM io.gapi.emulators.netty.HttpVersionRoutingHandler channelRead\nINFO: Detected non-HTTP/2 connection.\n"}}
[debug] [2026-09-15T14:18:09.643Z] Sep 15, 2026 9:18:09 AM io.gapi.emulators.netty.HttpVersionRoutingHandler channelRead
INFO: Detected non-HTTP/2 connection.
Sep 15, 2026 9:18:09 AM io.gapi.emulators.netty.HttpVersionRoutingHandler channelRead
INFO: Detected non-HTTP/2 connection.
 {"metadata":{"emulator":{"name":"firestore"},"message":"Sep 15, 2026 9:18:09 AM io.gapi.emulators.netty.HttpVersionRoutingHandler channelRead\nINFO: Detected non-HTTP/2 connection.\nSep 15, 2026 9:18:09 AM io.gapi.emulators.netty.HttpVersionRoutingHandler channelRead\nINFO: Detected non-HTTP/2 connection.\n"}}
[debug] [2026-09-15T14:18:09.643Z] Multiple projectIds are not recommended in single project mode. Requested project ID demo-lead-integration, but the emulator is configured for demo-not-the-rug. To opt-out of single project mode add/set the '"singleProjectMode": false' property in the firebase.json emulators config.
 {"metadata":{"emulator":{"name":"firestore"},"message":"Multiple projectIds are not recommended in single project mode. Requested project ID demo-lead-integration, but the emulator is configured for demo-not-the-rug. To opt-out of single project mode add/set the '\"singleProjectMode\": false' property in the firebase.json emulators config.\n"}}
[debug] [2026-09-15T14:18:09.643Z] Sep 15, 2026 9:18:09 AM io.gapi.emulators.netty.HttpVersionRoutingHandler channelRead
INFO: Detected non-HTTP/2 connection.
 {"metadata":{"emulator":{"name":"firestore"},"message":"Sep 15, 2026 9:18:09 AM io.gapi.emulators.netty.HttpVersionRoutingHandler channelRead\nINFO: Detected non-HTTP/2 connection.\n"}}
[debug] [2026-09-15T14:18:09.644Z] Multiple projectIds are not recommended in single project mode. Requested project ID demo-lead-integration, but the emulator is configured for demo-not-the-rug. To opt-out of single project mode add/set the '"singleProjectMode": false' property in the firebase.json emulators config.
 {"metadata":{"emulator":{"name":"firestore"},"message":"Multiple projectIds are not recommended in single project mode. Requested project ID demo-lead-integration, but the emulator is configured for demo-not-the-rug. To opt-out of single project mode add/set the '\"singleProjectMode\": false' property in the firebase.json emulators config.\n"}}
[debug] [2026-09-15T14:18:09.644Z] Multiple projectIds are not recommended in single project mode. Requested project ID demo-lead-integration, but the emulator is configured for demo-not-the-rug. To opt-out of single project mode add/set the '"singleProjectMode": false' property in the firebase.json emulators config.
 {"metadata":{"emulator":{"name":"firestore"},"message":"Multiple projectIds are not recommended in single project mode. Requested project ID demo-lead-integration, but the emulator is configured for demo-not-the-rug. To opt-out of single project mode add/set the '\"singleProjectMode\": false' property in the firebase.json emulators config.\n"}}
[debug] [2026-09-15T14:18:09.644Z] Multiple projectIds are not recommended in single project mode. Requested project ID demo-lead-integration, but the emulator is configured for demo-not-the-rug. To opt-out of single project mode add/set the '"singleProjectMode": false' property in the firebase.json emulators config.
 {"metadata":{"emulator":{"name":"firestore"},"message":"Multiple projectIds are not recommended in single project mode. Requested project ID demo-lead-integration, but the emulator is configured for demo-not-the-rug. To opt-out of single project mode add/set the '\"singleProjectMode\": false' property in the firebase.json emulators config.\n"}}
[debug] [2026-09-15T14:18:09.645Z] Multiple projectIds are not recommended in single project mode. Requested project ID demo-lead-integration, but the emulator is configured for demo-not-the-rug. To opt-out of single project mode add/set the '"singleProjectMode": false' property in the firebase.json emulators config.
 {"metadata":{"emulator":{"name":"firestore"},"message":"Multiple projectIds are not recommended in single project mode. Requested project ID demo-lead-integration, but the emulator is configured for demo-not-the-rug. To opt-out of single project mode add/set the '\"singleProjectMode\": false' property in the firebase.json emulators config.\n"}}
[debug] [2026-09-15T14:18:09.645Z] Multiple projectIds are not recommended in single project mode. Requested project ID demo-lead-integration, but the emulator is configured for demo-not-the-rug. To opt-out of single project mode add/set the '"singleProjectMode": false' property in the firebase.json emulators config.
 {"metadata":{"emulator":{"name":"firestore"},"message":"Multiple projectIds are not recommended in single project mode. Requested project ID demo-lead-integration, but the emulator is configured for demo-not-the-rug. To opt-out of single project mode add/set the '\"singleProjectMode\": false' property in the firebase.json emulators config.\n"}}
[debug] [2026-09-15T14:18:09.646Z] Multiple projectIds are not recommended in single project mode. Requested project ID demo-lead-integration, but the emulator is configured for demo-not-the-rug. To opt-out of single project mode add/set the '"singleProjectMode": false' property in the firebase.json emulators config.
 {"metadata":{"emulator":{"name":"firestore"},"message":"Multiple projectIds are not recommended in single project mode. Requested project ID demo-lead-integration, but the emulator is configured for demo-not-the-rug. To opt-out of single project mode add/set the '\"singleProjectMode\": false' property in the firebase.json emulators config.\n"}}
[debug] [2026-09-15T14:18:09.646Z] Multiple projectIds are not recommended in single project mode. Requested project ID demo-lead-integration, but the emulator is configured for demo-not-the-rug. To opt-out of single project mode add/set the '"singleProjectMode": false' property in the firebase.json emulators config.
 {"metadata":{"emulator":{"name":"firestore"},"message":"Multiple projectIds are not recommended in single project mode. Requested project ID demo-lead-integration, but the emulator is configured for demo-not-the-rug. To opt-out of single project mode add/set the '\"singleProjectMode\": false' property in the firebase.json emulators config.\n"}}
[debug] [2026-09-15T14:18:09.647Z] Multiple projectIds are not recommended in single project mode. Requested project ID demo-lead-integration, but the emulator is configured for demo-not-the-rug. To opt-out of single project mode add/set the '"singleProjectMode": false' property in the firebase.json emulators config.
 {"metadata":{"emulator":{"name":"firestore"},"message":"Multiple projectIds are not recommended in single project mode. Requested project ID demo-lead-integration, but the emulator is configured for demo-not-the-rug. To opt-out of single project mode add/set the '\"singleProjectMode\": false' property in the firebase.json emulators config.\n"}}
[debug] [2026-09-15T14:18:09.650Z] Multiple projectIds are not recommended in single project mode. Requested project ID demo-lead-integration, but the emulator is configured for demo-not-the-rug. To opt-out of single project mode add/set the '"singleProjectMode": false' property in the firebase.json emulators config.
 {"metadata":{"emulator":{"name":"firestore"},"message":"Multiple projectIds are not recommended in single project mode. Requested project ID demo-lead-integration, but the emulator is configured for demo-not-the-rug. To opt-out of single project mode add/set the '\"singleProjectMode\": false' property in the firebase.json emulators config.\n"}}
[debug] [2026-09-15T14:18:09.652Z] Multiple projectIds are not recommended in single project mode. Requested project ID demo-lead-integration, but the emulator is configured for demo-not-the-rug. To opt-out of single project mode add/set the '"singleProjectMode": false' property in the firebase.json emulators config.
 {"metadata":{"emulator":{"name":"firestore"},"message":"Multiple projectIds are not recommended in single project mode. Requested project ID demo-lead-integration, but the emulator is configured for demo-not-the-rug. To opt-out of single project mode add/set the '\"singleProjectMode\": false' property in the firebase.json emulators config.\n"}}
[debug] [2026-09-15T14:18:09.654Z] Multiple projectIds are not recommended in single project mode. Requested project ID demo-lead-integration, but the emulator is configured for demo-not-the-rug. To opt-out of single project mode add/set the '"singleProjectMode": false' property in the firebase.json emulators config.
 {"metadata":{"emulator":{"name":"firestore"},"message":"Multiple projectIds are not recommended in single project mode. Requested project ID demo-lead-integration, but the emulator is configured for demo-not-the-rug. To opt-out of single project mode add/set the '\"singleProjectMode\": false' property in the firebase.json emulators config.\n"}}
[debug] [2026-09-15T14:18:09.654Z] Sep 15, 2026 9:18:09 AM com.google.cloud.datastore.emulator.impl.util.WrappedStreamObserver onError
WARNING: Operation failed: Document (projects/demo-lead-integration/databases/(default)/documents/leads/82ef4de1acee6a2c9530bb956599d736bd8e45f9d7dfd26b0af2be4a0cc4ab49) not found.
com.google.cloud.datastore.core.exception.DatastoreException: Document (projects/demo-lead-integration/databases/(default)/documents/leads/82ef4de1acee6a2c9530bb956599d736bd8e45f9d7dfd26b0af2be4a0cc4ab49) not found.
	at com.google.cloud.datastore.emulator.impl.firestore.CloudFirestoreV1.getDocument(CloudFirestoreV1.java:340)
	at com.google.cloud.datastore.emulator.impl.firestore.CloudFirestoreV1Router.getDocument(CloudFirestoreV1Router.java:132)
	at com.google.cloud.datastore.emulator.impl.firestore.CloudFirestoreV1Router.getOrListDocuments(CloudFirestoreV1Router.java:126)
	at com.google.cloud.datastore.emulator.firestore.v1.FirestoreV1GrpcAdapter$1.lambda$getOrListDocuments$0(FirestoreV1GrpcAdapter.java:108)
	at com.google.cloud.datastore.emulator.firestore.v1.FirestoreV1GrpcAdapter.unary(FirestoreV1GrpcAdapter.java:72)
	at com.google.cloud.datastore.emulator.firestore.v1.FirestoreV1GrpcAdapter$1.getOrListDocuments(FirestoreV1GrpcAdapter.java:108)
	at com.google.firestore.v1.FirestoreGrpc$MethodHandlers.invoke(FirestoreGrpc.java:1376)
	at io.grpc.stub.ServerCalls$UnaryServerCallHandler$UnaryServerCallListener.onHalfClose(ServerCalls.java:182)
	at io.grpc.PartialForwardingServerCallListener.onHalfClose(PartialForwardingServerCallListener.java:35)
	at io.grpc.ForwardingServerCallListener.onHalfClose(ForwardingServerCallListener.java:23)
	at io.grpc.ForwardingServerCallListener$SimpleForwardingServerCallListener.onHalfClose(ForwardingServerCallListener.java:40)
	at io.grpc.Contexts$ContextualizedServerCallListener.onHalfClose(Contexts.java:86)
	at io.grpc.PartialForwardingServerCallListener.onHalfClose(PartialForwardingServerCallListener.java:35)
	at io.grpc.ForwardingServerCallListener.onHalfClose(ForwardingServerCallListener.java:23)
	at io.grpc.ForwardingServerCallListener$SimpleForwardingServerCallListener.onHalfClose(ForwardingServerCallListener.java:40)
	at io.grpc.Contexts$ContextualizedServerCallListener.onHalfClose(Contexts.java:86)
	at io.grpc.internal.ServerCallImpl$ServerStreamListenerImpl.halfClosed(ServerCallImpl.java:356)
	at io.grpc.internal.ServerImpl$JumpToApplicationThreadServerStreamListener$1HalfClosed.runInContext(ServerImpl.java:861)
	at io.grpc.internal.ContextRunnable.run(ContextRunnable.java:37)
	at io.grpc.internal.SerializingExecutor.run(SerializingExecutor.java:133)
	at java.base/java.util.concurrent.ThreadPoolExecutor.runWorker(ThreadPoolExecutor.java:1144)
	at java.base/java.util.concurrent.ThreadPoolExecutor$Worker.run(ThreadPoolExecutor.java:642)
	at java.base/java.lang.Thread.run(Thread.java:1583)

 {"metadata":{"emulator":{"name":"firestore"},"message":"Sep 15, 2026 9:18:09 AM com.google.cloud.datastore.emulator.impl.util.WrappedStreamObserver onError\nWARNING: Operation failed: Document (projects/demo-lead-integration/databases/(default)/documents/leads/82ef4de1acee6a2c9530bb956599d736bd8e45f9d7dfd26b0af2be4a0cc4ab49) not found.\ncom.google.cloud.datastore.core.exception.DatastoreException: Document (projects/demo-lead-integration/databases/(default)/documents/leads/82ef4de1acee6a2c9530bb956599d736bd8e45f9d7dfd26b0af2be4a0cc4ab49) not found.\n\tat com.google.cloud.datastore.emulator.impl.firestore.CloudFirestoreV1.getDocument(CloudFirestoreV1.java:340)\n\tat com.google.cloud.datastore.emulator.impl.firestore.CloudFirestoreV1Router.getDocument(CloudFirestoreV1Router.java:132)\n\tat com.google.cloud.datastore.emulator.impl.firestore.CloudFirestoreV1Router.getOrListDocuments(CloudFirestoreV1Router.java:126)\n\tat com.google.cloud.datastore.emulator.firestore.v1.FirestoreV1GrpcAdapter$1.lambda$getOrListDocuments$0(FirestoreV1GrpcAdapter.java:108)\n\tat com.google.cloud.datastore.emulator.firestore.v1.FirestoreV1GrpcAdapter.unary(FirestoreV1GrpcAdapter.java:72)\n\tat com.google.cloud.datastore.emulator.firestore.v1.FirestoreV1GrpcAdapter$1.getOrListDocuments(FirestoreV1GrpcAdapter.java:108)\n\tat com.google.firestore.v1.FirestoreGrpc$MethodHandlers.invoke(FirestoreGrpc.java:1376)\n\tat io.grpc.stub.ServerCalls$UnaryServerCallHandler$UnaryServerCallListener.onHalfClose(ServerCalls.java:182)\n\tat io.grpc.PartialForwardingServerCallListener.onHalfClose(PartialForwardingServerCallListener.java:35)\n\tat io.grpc.ForwardingServerCallListener.onHalfClose(ForwardingServerCallListener.java:23)\n\tat io.grpc.ForwardingServerCallListener$SimpleForwardingServerCallListener.onHalfClose(ForwardingServerCallListener.java:40)\n\tat io.grpc.Contexts$ContextualizedServerCallListener.onHalfClose(Contexts.java:86)\n\tat io.grpc.PartialForwardingServerCallListener.onHalfClose(PartialForwardingServerCallListener.java:35)\n\tat io.grpc.ForwardingServerCallListener.onHalfClose(ForwardingServerCallListener.java:23)\n\tat io.grpc.ForwardingServerCallListener$SimpleForwardingServerCallListener.onHalfClose(ForwardingServerCallListener.java:40)\n\tat io.grpc.Contexts$ContextualizedServerCallListener.onHalfClose(Contexts.java:86)\n\tat io.grpc.internal.ServerCallImpl$ServerStreamListenerImpl.halfClosed(ServerCallImpl.java:356)\n\tat io.grpc.internal.ServerImpl$JumpToApplicationThreadServerStreamListener$1HalfClosed.runInContext(ServerImpl.java:861)\n\tat io.grpc.internal.ContextRunnable.run(ContextRunnable.java:37)\n\tat io.grpc.internal.SerializingExecutor.run(SerializingExecutor.java:133)\n\tat java.base/java.util.concurrent.ThreadPoolExecutor.runWorker(ThreadPoolExecutor.java:1144)\n\tat java.base/java.util.concurrent.ThreadPoolExecutor$Worker.run(ThreadPoolExecutor.java:642)\n\tat java.base/java.lang.Thread.run(Thread.java:1583)\n\n"}}
[debug] [2026-09-15T14:18:09.655Z] Sep 15, 2026 9:18:09 AM io.gapi.emulators.netty.HttpHandler$1 onError
INFO: Exception when handling request: NOT_FOUND: Document (projects/demo-lead-integration/databases/(default)/documents/leads/82ef4de1acee6a2c9530bb956599d736bd8e45f9d7dfd26b0af2be4a0cc4ab49) not found.
 {"metadata":{"emulator":{"name":"firestore"},"message":"Sep 15, 2026 9:18:09 AM io.gapi.emulators.netty.HttpHandler$1 onError\nINFO: Exception when handling request: NOT_FOUND: Document (projects/demo-lead-integration/databases/(default)/documents/leads/82ef4de1acee6a2c9530bb956599d736bd8e45f9d7dfd26b0af2be4a0cc4ab49) not found.\n"}}
[debug] [2026-09-15T14:18:09.656Z] Multiple projectIds are not recommended in single project mode. Requested project ID demo-lead-integration, but the emulator is configured for demo-not-the-rug. To opt-out of single project mode add/set the '"singleProjectMode": false' property in the firebase.json emulators config.
 {"metadata":{"emulator":{"name":"firestore"},"message":"Multiple projectIds are not recommended in single project mode. Requested project ID demo-lead-integration, but the emulator is configured for demo-not-the-rug. To opt-out of single project mode add/set the '\"singleProjectMode\": false' property in the firebase.json emulators config.\n"}}
[debug] [2026-09-15T14:18:09.658Z] Multiple projectIds are not recommended in single project mode. Requested project ID demo-lead-integration, but the emulator is configured for demo-not-the-rug. To opt-out of single project mode add/set the '"singleProjectMode": false' property in the firebase.json emulators config.
 {"metadata":{"emulator":{"name":"firestore"},"message":"Multiple projectIds are not recommended in single project mode. Requested project ID demo-lead-integration, but the emulator is configured for demo-not-the-rug. To opt-out of single project mode add/set the '\"singleProjectMode\": false' property in the firebase.json emulators config.\n"}}
[debug] [2026-09-15T14:18:09.661Z] Multiple projectIds are not recommended in single project mode. Requested project ID demo-lead-integration, but the emulator is configured for demo-not-the-rug. To opt-out of single project mode add/set the '"singleProjectMode": false' property in the firebase.json emulators config.
 {"metadata":{"emulator":{"name":"firestore"},"message":"Multiple projectIds are not recommended in single project mode. Requested project ID demo-lead-integration, but the emulator is configured for demo-not-the-rug. To opt-out of single project mode add/set the '\"singleProjectMode\": false' property in the firebase.json emulators config.\n"}}
[debug] [2026-09-15T14:18:09.663Z] Multiple projectIds are not recommended in single project mode. Requested project ID demo-lead-integration, but the emulator is configured for demo-not-the-rug. To opt-out of single project mode add/set the '"singleProjectMode": false' property in the firebase.json emulators config.
 {"metadata":{"emulator":{"name":"firestore"},"message":"Multiple projectIds are not recommended in single project mode. Requested project ID demo-lead-integration, but the emulator is configured for demo-not-the-rug. To opt-out of single project mode add/set the '\"singleProjectMode\": false' property in the firebase.json emulators config.\n"}}
[debug] [2026-09-15T14:18:09.663Z] Sep 15, 2026 9:18:09 AM com.google.cloud.datastore.emulator.impl.util.WrappedStreamObserver onError
WARNING: Operation failed: Document (projects/demo-lead-integration/databases/(default)/documents/leads/3e2aff4c09d97b8549acb122b6e7ba9d8de9f24efde4bd15a2140c95a1ea57e6) not found.
com.google.cloud.datastore.core.exception.DatastoreException: Document (projects/demo-lead-integration/databases/(default)/documents/leads/3e2aff4c09d97b8549acb122b6e7ba9d8de9f24efde4bd15a2140c95a1ea57e6) not found.
	at com.google.cloud.datastore.emulator.impl.firestore.CloudFirestoreV1.getDocument(CloudFirestoreV1.java:340)
	at com.google.cloud.datastore.emulator.impl.firestore.CloudFirestoreV1Router.getDocument(CloudFirestoreV1Router.java:132)
	at com.google.cloud.datastore.emulator.impl.firestore.CloudFirestoreV1Router.getOrListDocuments(CloudFirestoreV1Router.java:126)
	at com.google.cloud.datastore.emulator.firestore.v1.FirestoreV1GrpcAdapter$1.lambda$getOrListDocuments$0(FirestoreV1GrpcAdapter.java:108)
	at com.google.cloud.datastore.emulator.firestore.v1.FirestoreV1GrpcAdapter.unary(FirestoreV1GrpcAdapter.java:72)
	at com.google.cloud.datastore.emulator.firestore.v1.FirestoreV1GrpcAdapter$1.getOrListDocuments(FirestoreV1GrpcAdapter.java:108)
	at com.google.firestore.v1.FirestoreGrpc$MethodHandlers.invoke(FirestoreGrpc.java:1376)
	at io.grpc.stub.ServerCalls$UnaryServerCallHandler$UnaryServerCallListener.onHalfClose(ServerCalls.java:182)
	at io.grpc.PartialForwardingServerCallListener.onHalfClose(PartialForwardingServerCallListener.java:35)
	at io.grpc.ForwardingServerCallListener.onHalfClose(ForwardingServerCallListener.java:23)
	at io.grpc.ForwardingServerCallListener$SimpleForwardingServerCallListener.onHalfClose(ForwardingServerCallListener.java:40)
	at io.grpc.Contexts$ContextualizedServerCallListener.onHalfClose(Contexts.java:86)
	at io.grpc.PartialForwardingServerCallListener.onHalfClose(PartialForwardingServerCallListener.java:35)
	at io.grpc.ForwardingServerCallListener.onHalfClose(ForwardingServerCallListener.java:23)
	at io.grpc.ForwardingServerCallListener$SimpleForwardingServerCallListener.onHalfClose(ForwardingServerCallListener.java:40)
	at io.grpc.Contexts$ContextualizedServerCallListener.onHalfClose(Contexts.java:86)
	at io.grpc.internal.ServerCallImpl$ServerStreamListenerImpl.halfClosed(ServerCallImpl.java:356)
	at io.grpc.internal.ServerImpl$JumpToApplicationThreadServerStreamListener$1HalfClosed.runInContext(ServerImpl.java:861)
	at io.grpc.internal.ContextRunnable.run(ContextRunnable.java:37)
	at io.grpc.internal.SerializingExecutor.run(SerializingExecutor.java:133)
	at java.base/java.util.concurrent.ThreadPoolExecutor.runWorker(ThreadPoolExecutor.java:1144)
	at java.base/java.util.concurrent.ThreadPoolExecutor$Worker.run(ThreadPoolExecutor.java:642)
	at java.base/java.lang.Thread.run(Thread.java:1583)

 {"metadata":{"emulator":{"name":"firestore"},"message":"Sep 15, 2026 9:18:09 AM com.google.cloud.datastore.emulator.impl.util.WrappedStreamObserver onError\nWARNING: Operation failed: Document (projects/demo-lead-integration/databases/(default)/documents/leads/3e2aff4c09d97b8549acb122b6e7ba9d8de9f24efde4bd15a2140c95a1ea57e6) not found.\ncom.google.cloud.datastore.core.exception.DatastoreException: Document (projects/demo-lead-integration/databases/(default)/documents/leads/3e2aff4c09d97b8549acb122b6e7ba9d8de9f24efde4bd15a2140c95a1ea57e6) not found.\n\tat com.google.cloud.datastore.emulator.impl.firestore.CloudFirestoreV1.getDocument(CloudFirestoreV1.java:340)\n\tat com.google.cloud.datastore.emulator.impl.firestore.CloudFirestoreV1Router.getDocument(CloudFirestoreV1Router.java:132)\n\tat com.google.cloud.datastore.emulator.impl.firestore.CloudFirestoreV1Router.getOrListDocuments(CloudFirestoreV1Router.java:126)\n\tat com.google.cloud.datastore.emulator.firestore.v1.FirestoreV1GrpcAdapter$1.lambda$getOrListDocuments$0(FirestoreV1GrpcAdapter.java:108)\n\tat com.google.cloud.datastore.emulator.firestore.v1.FirestoreV1GrpcAdapter.unary(FirestoreV1GrpcAdapter.java:72)\n\tat com.google.cloud.datastore.emulator.firestore.v1.FirestoreV1GrpcAdapter$1.getOrListDocuments(FirestoreV1GrpcAdapter.java:108)\n\tat com.google.firestore.v1.FirestoreGrpc$MethodHandlers.invoke(FirestoreGrpc.java:1376)\n\tat io.grpc.stub.ServerCalls$UnaryServerCallHandler$UnaryServerCallListener.onHalfClose(ServerCalls.java:182)\n\tat io.grpc.PartialForwardingServerCallListener.onHalfClose(PartialForwardingServerCallListener.java:35)\n\tat io.grpc.ForwardingServerCallListener.onHalfClose(ForwardingServerCallListener.java:23)\n\tat io.grpc.ForwardingServerCallListener$SimpleForwardingServerCallListener.onHalfClose(ForwardingServerCallListener.java:40)\n\tat io.grpc.Contexts$ContextualizedServerCallListener.onHalfClose(Contexts.java:86)\n\tat io.grpc.PartialForwardingServerCallListener.onHalfClose(PartialForwardingServerCallListener.java:35)\n\tat io.grpc.ForwardingServerCallListener.onHalfClose(ForwardingServerCallListener.java:23)\n\tat io.grpc.ForwardingServerCallListener$SimpleForwardingServerCallListener.onHalfClose(ForwardingServerCallListener.java:40)\n\tat io.grpc.Contexts$ContextualizedServerCallListener.onHalfClose(Contexts.java:86)\n\tat io.grpc.internal.ServerCallImpl$ServerStreamListenerImpl.halfClosed(ServerCallImpl.java:356)\n\tat io.grpc.internal.ServerImpl$JumpToApplicationThreadServerStreamListener$1HalfClosed.runInContext(ServerImpl.java:861)\n\tat io.grpc.internal.ContextRunnable.run(ContextRunnable.java:37)\n\tat io.grpc.internal.SerializingExecutor.run(SerializingExecutor.java:133)\n\tat java.base/java.util.concurrent.ThreadPoolExecutor.runWorker(ThreadPoolExecutor.java:1144)\n\tat java.base/java.util.concurrent.ThreadPoolExecutor$Worker.run(ThreadPoolExecutor.java:642)\n\tat java.base/java.lang.Thread.run(Thread.java:1583)\n\n"}}
[debug] [2026-09-15T14:18:09.663Z] Sep 15, 2026 9:18:09 AM io.gapi.emulators.netty.HttpHandler$1 onError
INFO: Exception when handling request: NOT_FOUND: Document (projects/demo-lead-integration/databases/(default)/documents/leads/3e2aff4c09d97b8549acb122b6e7ba9d8de9f24efde4bd15a2140c95a1ea57e6) not found.
 {"metadata":{"emulator":{"name":"firestore"},"message":"Sep 15, 2026 9:18:09 AM io.gapi.emulators.netty.HttpHandler$1 onError\nINFO: Exception when handling request: NOT_FOUND: Document (projects/demo-lead-integration/databases/(default)/documents/leads/3e2aff4c09d97b8549acb122b6e7ba9d8de9f24efde4bd15a2140c95a1ea57e6) not found.\n"}}
[debug] [2026-09-15T14:18:09.664Z] Multiple projectIds are not recommended in single project mode. Requested project ID demo-lead-integration, but the emulator is configured for demo-not-the-rug. To opt-out of single project mode add/set the '"singleProjectMode": false' property in the firebase.json emulators config.
 {"metadata":{"emulator":{"name":"firestore"},"message":"Multiple projectIds are not recommended in single project mode. Requested project ID demo-lead-integration, but the emulator is configured for demo-not-the-rug. To opt-out of single project mode add/set the '\"singleProjectMode\": false' property in the firebase.json emulators config.\n"}}
[debug] [2026-09-15T14:18:09.667Z] Multiple projectIds are not recommended in single project mode. Requested project ID demo-lead-integration, but the emulator is configured for demo-not-the-rug. To opt-out of single project mode add/set the '"singleProjectMode": false' property in the firebase.json emulators config.
 {"metadata":{"emulator":{"name":"firestore"},"message":"Multiple projectIds are not recommended in single project mode. Requested project ID demo-lead-integration, but the emulator is configured for demo-not-the-rug. To opt-out of single project mode add/set the '\"singleProjectMode\": false' property in the firebase.json emulators config.\n"}}
[debug] [2026-09-15T14:18:09.669Z] Multiple projectIds are not recommended in single project mode. Requested project ID demo-lead-integration, but the emulator is configured for demo-not-the-rug. To opt-out of single project mode add/set the '"singleProjectMode": false' property in the firebase.json emulators config.
 {"metadata":{"emulator":{"name":"firestore"},"message":"Multiple projectIds are not recommended in single project mode. Requested project ID demo-lead-integration, but the emulator is configured for demo-not-the-rug. To opt-out of single project mode add/set the '\"singleProjectMode\": false' property in the firebase.json emulators config.\n"}}
[debug] [2026-09-15T14:18:09.671Z] Multiple projectIds are not recommended in single project mode. Requested project ID demo-lead-integration, but the emulator is configured for demo-not-the-rug. To opt-out of single project mode add/set the '"singleProjectMode": false' property in the firebase.json emulators config.
 {"metadata":{"emulator":{"name":"firestore"},"message":"Multiple projectIds are not recommended in single project mode. Requested project ID demo-lead-integration, but the emulator is configured for demo-not-the-rug. To opt-out of single project mode add/set the '\"singleProjectMode\": false' property in the firebase.json emulators config.\n"}}
[debug] [2026-09-15T14:18:09.671Z] Sep 15, 2026 9:18:09 AM com.google.cloud.datastore.emulator.impl.util.WrappedStreamObserver onError
WARNING: Operation failed: Document (projects/demo-lead-integration/databases/(default)/documents/leads/318643c832d5709e835da2872c46232cf6d9b6b9698d769d0425eb01daa69b5e) not found.
com.google.cloud.datastore.core.exception.DatastoreException: Document (projects/demo-lead-integration/databases/(default)/documents/leads/318643c832d5709e835da2872c46232cf6d9b6b9698d769d0425eb01daa69b5e) not found.
	at com.google.cloud.datastore.emulator.impl.firestore.CloudFirestoreV1.getDocument(CloudFirestoreV1.java:340)
	at com.google.cloud.datastore.emulator.impl.firestore.CloudFirestoreV1Router.getDocument(CloudFirestoreV1Router.java:132)
	at com.google.cloud.datastore.emulator.impl.firestore.CloudFirestoreV1Router.getOrListDocuments(CloudFirestoreV1Router.java:126)
	at com.google.cloud.datastore.emulator.firestore.v1.FirestoreV1GrpcAdapter$1.lambda$getOrListDocuments$0(FirestoreV1GrpcAdapter.java:108)
	at com.google.cloud.datastore.emulator.firestore.v1.FirestoreV1GrpcAdapter.unary(FirestoreV1GrpcAdapter.java:72)
	at com.google.cloud.datastore.emulator.firestore.v1.FirestoreV1GrpcAdapter$1.getOrListDocuments(FirestoreV1GrpcAdapter.java:108)
	at com.google.firestore.v1.FirestoreGrpc$MethodHandlers.invoke(FirestoreGrpc.java:1376)
	at io.grpc.stub.ServerCalls$UnaryServerCallHandler$UnaryServerCallListener.onHalfClose(ServerCalls.java:182)
	at io.grpc.PartialForwardingServerCallListener.onHalfClose(PartialForwardingServerCallListener.java:35)
	at io.grpc.ForwardingServerCallListener.onHalfClose(ForwardingServerCallListener.java:23)
	at io.grpc.ForwardingServerCallListener$SimpleForwardingServerCallListener.onHalfClose(ForwardingServerCallListener.java:40)
	at io.grpc.Contexts$ContextualizedServerCallListener.onHalfClose(Contexts.java:86)
	at io.grpc.PartialForwardingServerCallListener.onHalfClose(PartialForwardingServerCallListener.java:35)
	at io.grpc.ForwardingServerCallListener.onHalfClose(ForwardingServerCallListener.java:23)
	at io.grpc.ForwardingServerCallListener$SimpleForwardingServerCallListener.onHalfClose(ForwardingServerCallListener.java:40)
	at io.grpc.Contexts$ContextualizedServerCallListener.onHalfClose(Contexts.java:86)
	at io.grpc.internal.ServerCallImpl$ServerStreamListenerImpl.halfClosed(ServerCallImpl.java:356)
	at io.grpc.internal.ServerImpl$JumpToApplicationThreadServerStreamListener$1HalfClosed.runInContext(ServerImpl.java:861)
	at io.grpc.internal.ContextRunnable.run(ContextRunnable.java:37)
	at io.grpc.internal.SerializingExecutor.run(SerializingExecutor.java:133)
	at java.base/java.util.concurrent.ThreadPoolExecutor.runWorker(ThreadPoolExecutor.java:1144)
	at java.base/java.util.concurrent.ThreadPoolExecutor$Worker.run(ThreadPoolExecutor.java:642)
	at java.base/java.lang.Thread.run(Thread.java:1583)

 {"metadata":{"emulator":{"name":"firestore"},"message":"Sep 15, 2026 9:18:09 AM com.google.cloud.datastore.emulator.impl.util.WrappedStreamObserver onError\nWARNING: Operation failed: Document (projects/demo-lead-integration/databases/(default)/documents/leads/318643c832d5709e835da2872c46232cf6d9b6b9698d769d0425eb01daa69b5e) not found.\ncom.google.cloud.datastore.core.exception.DatastoreException: Document (projects/demo-lead-integration/databases/(default)/documents/leads/318643c832d5709e835da2872c46232cf6d9b6b9698d769d0425eb01daa69b5e) not found.\n\tat com.google.cloud.datastore.emulator.impl.firestore.CloudFirestoreV1.getDocument(CloudFirestoreV1.java:340)\n\tat com.google.cloud.datastore.emulator.impl.firestore.CloudFirestoreV1Router.getDocument(CloudFirestoreV1Router.java:132)\n\tat com.google.cloud.datastore.emulator.impl.firestore.CloudFirestoreV1Router.getOrListDocuments(CloudFirestoreV1Router.java:126)\n\tat com.google.cloud.datastore.emulator.firestore.v1.FirestoreV1GrpcAdapter$1.lambda$getOrListDocuments$0(FirestoreV1GrpcAdapter.java:108)\n\tat com.google.cloud.datastore.emulator.firestore.v1.FirestoreV1GrpcAdapter.unary(FirestoreV1GrpcAdapter.java:72)\n\tat com.google.cloud.datastore.emulator.firestore.v1.FirestoreV1GrpcAdapter$1.getOrListDocuments(FirestoreV1GrpcAdapter.java:108)\n\tat com.google.firestore.v1.FirestoreGrpc$MethodHandlers.invoke(FirestoreGrpc.java:1376)\n\tat io.grpc.stub.ServerCalls$UnaryServerCallHandler$UnaryServerCallListener.onHalfClose(ServerCalls.java:182)\n\tat io.grpc.PartialForwardingServerCallListener.onHalfClose(PartialForwardingServerCallListener.java:35)\n\tat io.grpc.ForwardingServerCallListener.onHalfClose(ForwardingServerCallListener.java:23)\n\tat io.grpc.ForwardingServerCallListener$SimpleForwardingServerCallListener.onHalfClose(ForwardingServerCallListener.java:40)\n\tat io.grpc.Contexts$ContextualizedServerCallListener.onHalfClose(Contexts.java:86)\n\tat io.grpc.PartialForwardingServerCallListener.onHalfClose(PartialForwardingServerCallListener.java:35)\n\tat io.grpc.ForwardingServerCallListener.onHalfClose(ForwardingServerCallListener.java:23)\n\tat io.grpc.ForwardingServerCallListener$SimpleForwardingServerCallListener.onHalfClose(ForwardingServerCallListener.java:40)\n\tat io.grpc.Contexts$ContextualizedServerCallListener.onHalfClose(Contexts.java:86)\n\tat io.grpc.internal.ServerCallImpl$ServerStreamListenerImpl.halfClosed(ServerCallImpl.java:356)\n\tat io.grpc.internal.ServerImpl$JumpToApplicationThreadServerStreamListener$1HalfClosed.runInContext(ServerImpl.java:861)\n\tat io.grpc.internal.ContextRunnable.run(ContextRunnable.java:37)\n\tat io.grpc.internal.SerializingExecutor.run(SerializingExecutor.java:133)\n\tat java.base/java.util.concurrent.ThreadPoolExecutor.runWorker(ThreadPoolExecutor.java:1144)\n\tat java.base/java.util.concurrent.ThreadPoolExecutor$Worker.run(ThreadPoolExecutor.java:642)\n\tat java.base/java.lang.Thread.run(Thread.java:1583)\n\n"}}
[debug] [2026-09-15T14:18:09.671Z] Sep 15, 2026 9:18:09 AM io.gapi.emulators.netty.HttpHandler$1 onError
INFO: Exception when handling request: NOT_FOUND: Document (projects/demo-lead-integration/databases/(default)/documents/leads/318643c832d5709e835da2872c46232cf6d9b6b9698d769d0425eb01daa69b5e) not found.
 {"metadata":{"emulator":{"name":"firestore"},"message":"Sep 15, 2026 9:18:09 AM io.gapi.emulators.netty.HttpHandler$1 onError\nINFO: Exception when handling request: NOT_FOUND: Document (projects/demo-lead-integration/databases/(default)/documents/leads/318643c832d5709e835da2872c46232cf6d9b6b9698d769d0425eb01daa69b5e) not found.\n"}}
[debug] [2026-09-15T14:18:09.672Z] Multiple projectIds are not recommended in single project mode. Requested project ID demo-lead-integration, but the emulator is configured for demo-not-the-rug. To opt-out of single project mode add/set the '"singleProjectMode": false' property in the firebase.json emulators config.
 {"metadata":{"emulator":{"name":"firestore"},"message":"Multiple projectIds are not recommended in single project mode. Requested project ID demo-lead-integration, but the emulator is configured for demo-not-the-rug. To opt-out of single project mode add/set the '\"singleProjectMode\": false' property in the firebase.json emulators config.\n"}}
[debug] [2026-09-15T14:18:09.674Z] Multiple projectIds are not recommended in single project mode. Requested project ID demo-lead-integration, but the emulator is configured for demo-not-the-rug. To opt-out of single project mode add/set the '"singleProjectMode": false' property in the firebase.json emulators config.
 {"metadata":{"emulator":{"name":"firestore"},"message":"Multiple projectIds are not recommended in single project mode. Requested project ID demo-lead-integration, but the emulator is configured for demo-not-the-rug. To opt-out of single project mode add/set the '\"singleProjectMode\": false' property in the firebase.json emulators config.\n"}}
[debug] [2026-09-15T14:18:09.676Z] Multiple projectIds are not recommended in single project mode. Requested project ID demo-lead-integration, but the emulator is configured for demo-not-the-rug. To opt-out of single project mode add/set the '"singleProjectMode": false' property in the firebase.json emulators config.
 {"metadata":{"emulator":{"name":"firestore"},"message":"Multiple projectIds are not recommended in single project mode. Requested project ID demo-lead-integration, but the emulator is configured for demo-not-the-rug. To opt-out of single project mode add/set the '\"singleProjectMode\": false' property in the firebase.json emulators config.\n"}}
[debug] [2026-09-15T14:18:09.678Z] Multiple projectIds are not recommended in single project mode. Requested project ID demo-lead-integration, but the emulator is configured for demo-not-the-rug. To opt-out of single project mode add/set the '"singleProjectMode": false' property in the firebase.json emulators config.
 {"metadata":{"emulator":{"name":"firestore"},"message":"Multiple projectIds are not recommended in single project mode. Requested project ID demo-lead-integration, but the emulator is configured for demo-not-the-rug. To opt-out of single project mode add/set the '\"singleProjectMode\": false' property in the firebase.json emulators config.\n"}}
[debug] [2026-09-15T14:18:09.678Z] Sep 15, 2026 9:18:09 AM com.google.cloud.datastore.emulator.impl.util.WrappedStreamObserver onError
WARNING: Operation failed: Document (projects/demo-lead-integration/databases/(default)/documents/leads/1e73280cb035806df9713c9bdda9f081090d4f65153230227de8f89743f99f9c) not found.
com.google.cloud.datastore.core.exception.DatastoreException: Document (projects/demo-lead-integration/databases/(default)/documents/leads/1e73280cb035806df9713c9bdda9f081090d4f65153230227de8f89743f99f9c) not found.
	at com.google.cloud.datastore.emulator.impl.firestore.CloudFirestoreV1.getDocument(CloudFirestoreV1.java:340)
	at com.google.cloud.datastore.emulator.impl.firestore.CloudFirestoreV1Router.getDocument(CloudFirestoreV1Router.java:132)
	at com.google.cloud.datastore.emulator.impl.firestore.CloudFirestoreV1Router.getOrListDocuments(CloudFirestoreV1Router.java:126)
	at com.google.cloud.datastore.emulator.firestore.v1.FirestoreV1GrpcAdapter$1.lambda$getOrListDocuments$0(FirestoreV1GrpcAdapter.java:108)
	at com.google.cloud.datastore.emulator.firestore.v1.FirestoreV1GrpcAdapter.unary(FirestoreV1GrpcAdapter.java:72)
	at com.google.cloud.datastore.emulator.firestore.v1.FirestoreV1GrpcAdapter$1.getOrListDocuments(FirestoreV1GrpcAdapter.java:108)
	at com.google.firestore.v1.FirestoreGrpc$MethodHandlers.invoke(FirestoreGrpc.java:1376)
	at io.grpc.stub.ServerCalls$UnaryServerCallHandler$UnaryServerCallListener.onHalfClose(ServerCalls.java:182)
	at io.grpc.PartialForwardingServerCallListener.onHalfClose(PartialForwardingServerCallListener.java:35)
	at io.grpc.ForwardingServerCallListener.onHalfClose(ForwardingServerCallListener.java:23)
	at io.grpc.ForwardingServerCallListener$SimpleForwardingServerCallListener.onHalfClose(ForwardingServerCallListener.java:40)
	at io.grpc.Contexts$ContextualizedServerCallListener.onHalfClose(Contexts.java:86)
	at io.grpc.PartialForwardingServerCallListener.onHalfClose(PartialForwardingServerCallListener.java:35)
	at io.grpc.ForwardingServerCallListener.onHalfClose(ForwardingServerCallListener.java:23)
	at io.grpc.ForwardingServerCallListener$SimpleForwardingServerCallListener.onHalfClose(ForwardingServerCallListener.java:40)
	at io.grpc.Contexts$ContextualizedServerCallListener.onHalfClose(Contexts.java:86)
	at io.grpc.internal.ServerCallImpl$ServerStreamListenerImpl.halfClosed(ServerCallImpl.java:356)
	at io.grpc.internal.ServerImpl$JumpToApplicationThreadServerStreamListener$1HalfClosed.runInContext(ServerImpl.java:861)
	at io.grpc.internal.ContextRunnable.run(ContextRunnable.java:37)
	at io.grpc.internal.SerializingExecutor.run(SerializingExecutor.java:133)
	at java.base/java.util.concurrent.ThreadPoolExecutor.runWorker(ThreadPoolExecutor.java:1144)
	at java.base/java.util.concurrent.ThreadPoolExecutor$Worker.run(ThreadPoolExecutor.java:642)
	at java.base/java.lang.Thread.run(Thread.java:1583)

 {"metadata":{"emulator":{"name":"firestore"},"message":"Sep 15, 2026 9:18:09 AM com.google.cloud.datastore.emulator.impl.util.WrappedStreamObserver onError\nWARNING: Operation failed: Document (projects/demo-lead-integration/databases/(default)/documents/leads/1e73280cb035806df9713c9bdda9f081090d4f65153230227de8f89743f99f9c) not found.\ncom.google.cloud.datastore.core.exception.DatastoreException: Document (projects/demo-lead-integration/databases/(default)/documents/leads/1e73280cb035806df9713c9bdda9f081090d4f65153230227de8f89743f99f9c) not found.\n\tat com.google.cloud.datastore.emulator.impl.firestore.CloudFirestoreV1.getDocument(CloudFirestoreV1.java:340)\n\tat com.google.cloud.datastore.emulator.impl.firestore.CloudFirestoreV1Router.getDocument(CloudFirestoreV1Router.java:132)\n\tat com.google.cloud.datastore.emulator.impl.firestore.CloudFirestoreV1Router.getOrListDocuments(CloudFirestoreV1Router.java:126)\n\tat com.google.cloud.datastore.emulator.firestore.v1.FirestoreV1GrpcAdapter$1.lambda$getOrListDocuments$0(FirestoreV1GrpcAdapter.java:108)\n\tat com.google.cloud.datastore.emulator.firestore.v1.FirestoreV1GrpcAdapter.unary(FirestoreV1GrpcAdapter.java:72)\n\tat com.google.cloud.datastore.emulator.firestore.v1.FirestoreV1GrpcAdapter$1.getOrListDocuments(FirestoreV1GrpcAdapter.java:108)\n\tat com.google.firestore.v1.FirestoreGrpc$MethodHandlers.invoke(FirestoreGrpc.java:1376)\n\tat io.grpc.stub.ServerCalls$UnaryServerCallHandler$UnaryServerCallListener.onHalfClose(ServerCalls.java:182)\n\tat io.grpc.PartialForwardingServerCallListener.onHalfClose(PartialForwardingServerCallListener.java:35)\n\tat io.grpc.ForwardingServerCallListener.onHalfClose(ForwardingServerCallListener.java:23)\n\tat io.grpc.ForwardingServerCallListener$SimpleForwardingServerCallListener.onHalfClose(ForwardingServerCallListener.java:40)\n\tat io.grpc.Contexts$ContextualizedServerCallListener.onHalfClose(Contexts.java:86)\n\tat io.grpc.PartialForwardingServerCallListener.onHalfClose(PartialForwardingServerCallListener.java:35)\n\tat io.grpc.ForwardingServerCallListener.onHalfClose(ForwardingServerCallListener.java:23)\n\tat io.grpc.ForwardingServerCallListener$SimpleForwardingServerCallListener.onHalfClose(ForwardingServerCallListener.java:40)\n\tat io.grpc.Contexts$ContextualizedServerCallListener.onHalfClose(Contexts.java:86)\n\tat io.grpc.internal.ServerCallImpl$ServerStreamListenerImpl.halfClosed(ServerCallImpl.java:356)\n\tat io.grpc.internal.ServerImpl$JumpToApplicationThreadServerStreamListener$1HalfClosed.runInContext(ServerImpl.java:861)\n\tat io.grpc.internal.ContextRunnable.run(ContextRunnable.java:37)\n\tat io.grpc.internal.SerializingExecutor.run(SerializingExecutor.java:133)\n\tat java.base/java.util.concurrent.ThreadPoolExecutor.runWorker(ThreadPoolExecutor.java:1144)\n\tat java.base/java.util.concurrent.ThreadPoolExecutor$Worker.run(ThreadPoolExecutor.java:642)\n\tat java.base/java.lang.Thread.run(Thread.java:1583)\n\n"}}
[debug] [2026-09-15T14:18:09.679Z] Sep 15, 2026 9:18:09 AM io.gapi.emulators.netty.HttpHandler$1 onError
INFO: Exception when handling request: NOT_FOUND: Document (projects/demo-lead-integration/databases/(default)/documents/leads/1e73280cb035806df9713c9bdda9f081090d4f65153230227de8f89743f99f9c) not found.
 {"metadata":{"emulator":{"name":"firestore"},"message":"Sep 15, 2026 9:18:09 AM io.gapi.emulators.netty.HttpHandler$1 onError\nINFO: Exception when handling request: NOT_FOUND: Document (projects/demo-lead-integration/databases/(default)/documents/leads/1e73280cb035806df9713c9bdda9f081090d4f65153230227de8f89743f99f9c) not found.\n"}}
[debug] [2026-09-15T14:18:09.680Z] Multiple projectIds are not recommended in single project mode. Requested project ID demo-lead-integration, but the emulator is configured for demo-not-the-rug. To opt-out of single project mode add/set the '"singleProjectMode": false' property in the firebase.json emulators config.
 {"metadata":{"emulator":{"name":"firestore"},"message":"Multiple projectIds are not recommended in single project mode. Requested project ID demo-lead-integration, but the emulator is configured for demo-not-the-rug. To opt-out of single project mode add/set the '\"singleProjectMode\": false' property in the firebase.json emulators config.\n"}}
[debug] [2026-09-15T14:18:09.682Z] Multiple projectIds are not recommended in single project mode. Requested project ID demo-lead-integration, but the emulator is configured for demo-not-the-rug. To opt-out of single project mode add/set the '"singleProjectMode": false' property in the firebase.json emulators config.
 {"metadata":{"emulator":{"name":"firestore"},"message":"Multiple projectIds are not recommended in single project mode. Requested project ID demo-lead-integration, but the emulator is configured for demo-not-the-rug. To opt-out of single project mode add/set the '\"singleProjectMode\": false' property in the firebase.json emulators config.\n"}}
[debug] [2026-09-15T14:18:09.685Z] Multiple projectIds are not recommended in single project mode. Requested project ID demo-lead-integration, but the emulator is configured for demo-not-the-rug. To opt-out of single project mode add/set the '"singleProjectMode": false' property in the firebase.json emulators config.
 {"metadata":{"emulator":{"name":"firestore"},"message":"Multiple projectIds are not recommended in single project mode. Requested project ID demo-lead-integration, but the emulator is configured for demo-not-the-rug. To opt-out of single project mode add/set the '\"singleProjectMode\": false' property in the firebase.json emulators config.\n"}}
[debug] [2026-09-15T14:18:09.690Z] Multiple projectIds are not recommended in single project mode. Requested project ID demo-lead-integration, but the emulator is configured for demo-not-the-rug. To opt-out of single project mode add/set the '"singleProjectMode": false' property in the firebase.json emulators config.
 {"metadata":{"emulator":{"name":"firestore"},"message":"Multiple projectIds are not recommended in single project mode. Requested project ID demo-lead-integration, but the emulator is configured for demo-not-the-rug. To opt-out of single project mode add/set the '\"singleProjectMode\": false' property in the firebase.json emulators config.\n"}}
[debug] [2026-09-15T14:18:09.691Z] Sep 15, 2026 9:18:09 AM com.google.cloud.datastore.emulator.impl.util.WrappedStreamObserver onError
WARNING: Operation failed: Document (projects/demo-lead-integration/databases/(default)/documents/leads/e9a3f493e89cc39499f70fcf93857ef175bd89f1bcaffe213a1fe338f6a89e6e) not found.
com.google.cloud.datastore.core.exception.DatastoreException: Document (projects/demo-lead-integration/databases/(default)/documents/leads/e9a3f493e89cc39499f70fcf93857ef175bd89f1bcaffe213a1fe338f6a89e6e) not found.
	at com.google.cloud.datastore.emulator.impl.firestore.CloudFirestoreV1.getDocument(CloudFirestoreV1.java:340)
	at com.google.cloud.datastore.emulator.impl.firestore.CloudFirestoreV1Router.getDocument(CloudFirestoreV1Router.java:132)
	at com.google.cloud.datastore.emulator.impl.firestore.CloudFirestoreV1Router.getOrListDocuments(CloudFirestoreV1Router.java:126)
	at com.google.cloud.datastore.emulator.firestore.v1.FirestoreV1GrpcAdapter$1.lambda$getOrListDocuments$0(FirestoreV1GrpcAdapter.java:108)
	at com.google.cloud.datastore.emulator.firestore.v1.FirestoreV1GrpcAdapter.unary(FirestoreV1GrpcAdapter.java:72)
	at com.google.cloud.datastore.emulator.firestore.v1.FirestoreV1GrpcAdapter$1.getOrListDocuments(FirestoreV1GrpcAdapter.java:108)
	at com.google.firestore.v1.FirestoreGrpc$MethodHandlers.invoke(FirestoreGrpc.java:1376)
	at io.grpc.stub.ServerCalls$UnaryServerCallHandler$UnaryServerCallListener.onHalfClose(ServerCalls.java:182)
	at io.grpc.PartialForwardingServerCallListener.onHalfClose(PartialForwardingServerCallListener.java:35)
	at io.grpc.ForwardingServerCallListener.onHalfClose(ForwardingServerCallListener.java:23)
	at io.grpc.ForwardingServerCallListener$SimpleForwardingServerCallListener.onHalfClose(ForwardingServerCallListener.java:40)
	at io.grpc.Contexts$ContextualizedServerCallListener.onHalfClose(Contexts.java:86)
	at io.grpc.PartialForwardingServerCallListener.onHalfClose(PartialForwardingServerCallListener.java:35)
	at io.grpc.ForwardingServerCallListener.onHalfClose(ForwardingServerCallListener.java:23)
	at io.grpc.ForwardingServerCallListener$SimpleForwardingServerCallListener.onHalfClose(ForwardingServerCallListener.java:40)
	at io.grpc.Contexts$ContextualizedServerCallListener.onHalfClose(Contexts.java:86)
	at io.grpc.internal.ServerCallImpl$ServerStreamListenerImpl.halfClosed(ServerCallImpl.java:356)
	at io.grpc.internal.ServerImpl$JumpToApplicationThreadServerStreamListener$1HalfClosed.runInContext(ServerImpl.java:861)
	at io.grpc.internal.ContextRunnable.run(ContextRunnable.java:37)
	at io.grpc.internal.SerializingExecutor.run(SerializingExecutor.java:133)
	at java.base/java.util.concurrent.ThreadPoolExecutor.runWorker(ThreadPoolExecutor.java:1144)
	at java.base/java.util.concurrent.ThreadPoolExecutor$Worker.run(ThreadPoolExecutor.java:642)
	at java.base/java.lang.Thread.run(Thread.java:1583)

 {"metadata":{"emulator":{"name":"firestore"},"message":"Sep 15, 2026 9:18:09 AM com.google.cloud.datastore.emulator.impl.util.WrappedStreamObserver onError\nWARNING: Operation failed: Document (projects/demo-lead-integration/databases/(default)/documents/leads/e9a3f493e89cc39499f70fcf93857ef175bd89f1bcaffe213a1fe338f6a89e6e) not found.\ncom.google.cloud.datastore.core.exception.DatastoreException: Document (projects/demo-lead-integration/databases/(default)/documents/leads/e9a3f493e89cc39499f70fcf93857ef175bd89f1bcaffe213a1fe338f6a89e6e) not found.\n\tat com.google.cloud.datastore.emulator.impl.firestore.CloudFirestoreV1.getDocument(CloudFirestoreV1.java:340)\n\tat com.google.cloud.datastore.emulator.impl.firestore.CloudFirestoreV1Router.getDocument(CloudFirestoreV1Router.java:132)\n\tat com.google.cloud.datastore.emulator.impl.firestore.CloudFirestoreV1Router.getOrListDocuments(CloudFirestoreV1Router.java:126)\n\tat com.google.cloud.datastore.emulator.firestore.v1.FirestoreV1GrpcAdapter$1.lambda$getOrListDocuments$0(FirestoreV1GrpcAdapter.java:108)\n\tat com.google.cloud.datastore.emulator.firestore.v1.FirestoreV1GrpcAdapter.unary(FirestoreV1GrpcAdapter.java:72)\n\tat com.google.cloud.datastore.emulator.firestore.v1.FirestoreV1GrpcAdapter$1.getOrListDocuments(FirestoreV1GrpcAdapter.java:108)\n\tat com.google.firestore.v1.FirestoreGrpc$MethodHandlers.invoke(FirestoreGrpc.java:1376)\n\tat io.grpc.stub.ServerCalls$UnaryServerCallHandler$UnaryServerCallListener.onHalfClose(ServerCalls.java:182)\n\tat io.grpc.PartialForwardingServerCallListener.onHalfClose(PartialForwardingServerCallListener.java:35)\n\tat io.grpc.ForwardingServerCallListener.onHalfClose(ForwardingServerCallListener.java:23)\n\tat io.grpc.ForwardingServerCallListener$SimpleForwardingServerCallListener.onHalfClose(ForwardingServerCallListener.java:40)\n\tat io.grpc.Contexts$ContextualizedServerCallListener.onHalfClose(Contexts.java:86)\n\tat io.grpc.PartialForwardingServerCallListener.onHalfClose(PartialForwardingServerCallListener.java:35)\n\tat io.grpc.ForwardingServerCallListener.onHalfClose(ForwardingServerCallListener.java:23)\n\tat io.grpc.ForwardingServerCallListener$SimpleForwardingServerCallListener.onHalfClose(ForwardingServerCallListener.java:40)\n\tat io.grpc.Contexts$ContextualizedServerCallListener.onHalfClose(Contexts.java:86)\n\tat io.grpc.internal.ServerCallImpl$ServerStreamListenerImpl.halfClosed(ServerCallImpl.java:356)\n\tat io.grpc.internal.ServerImpl$JumpToApplicationThreadServerStreamListener$1HalfClosed.runInContext(ServerImpl.java:861)\n\tat io.grpc.internal.ContextRunnable.run(ContextRunnable.java:37)\n\tat io.grpc.internal.SerializingExecutor.run(SerializingExecutor.java:133)\n\tat java.base/java.util.concurrent.ThreadPoolExecutor.runWorker(ThreadPoolExecutor.java:1144)\n\tat java.base/java.util.concurrent.ThreadPoolExecutor$Worker.run(ThreadPoolExecutor.java:642)\n\tat java.base/java.lang.Thread.run(Thread.java:1583)\n\n"}}
[debug] [2026-09-15T14:18:09.691Z] Sep 15, 2026 9:18:09 AM io.gapi.emulators.netty.HttpHandler$1 onError
INFO: Exception when handling request: NOT_FOUND: Document (projects/demo-lead-integration/databases/(default)/documents/leads/e9a3f493e89cc39499f70fcf93857ef175bd89f1bcaffe213a1fe338f6a89e6e) not found.
 {"metadata":{"emulator":{"name":"firestore"},"message":"Sep 15, 2026 9:18:09 AM io.gapi.emulators.netty.HttpHandler$1 onError\nINFO: Exception when handling request: NOT_FOUND: Document (projects/demo-lead-integration/databases/(default)/documents/leads/e9a3f493e89cc39499f70fcf93857ef175bd89f1bcaffe213a1fe338f6a89e6e) not found.\n"}}
[debug] [2026-09-15T14:18:09.692Z] Multiple projectIds are not recommended in single project mode. Requested project ID demo-lead-integration, but the emulator is configured for demo-not-the-rug. To opt-out of single project mode add/set the '"singleProjectMode": false' property in the firebase.json emulators config.
 {"metadata":{"emulator":{"name":"firestore"},"message":"Multiple projectIds are not recommended in single project mode. Requested project ID demo-lead-integration, but the emulator is configured for demo-not-the-rug. To opt-out of single project mode add/set the '\"singleProjectMode\": false' property in the firebase.json emulators config.\n"}}
[debug] [2026-09-15T14:18:09.695Z] Multiple projectIds are not recommended in single project mode. Requested project ID demo-lead-integration, but the emulator is configured for demo-not-the-rug. To opt-out of single project mode add/set the '"singleProjectMode": false' property in the firebase.json emulators config.
 {"metadata":{"emulator":{"name":"firestore"},"message":"Multiple projectIds are not recommended in single project mode. Requested project ID demo-lead-integration, but the emulator is configured for demo-not-the-rug. To opt-out of single project mode add/set the '\"singleProjectMode\": false' property in the firebase.json emulators config.\n"}}
[debug] [2026-09-15T14:18:09.698Z] Multiple projectIds are not recommended in single project mode. Requested project ID demo-lead-integration, but the emulator is configured for demo-not-the-rug. To opt-out of single project mode add/set the '"singleProjectMode": false' property in the firebase.json emulators config.
 {"metadata":{"emulator":{"name":"firestore"},"message":"Multiple projectIds are not recommended in single project mode. Requested project ID demo-lead-integration, but the emulator is configured for demo-not-the-rug. To opt-out of single project mode add/set the '\"singleProjectMode\": false' property in the firebase.json emulators config.\n"}}
[debug] [2026-09-15T14:18:09.700Z] Multiple projectIds are not recommended in single project mode. Requested project ID demo-lead-integration, but the emulator is configured for demo-not-the-rug. To opt-out of single project mode add/set the '"singleProjectMode": false' property in the firebase.json emulators config.
 {"metadata":{"emulator":{"name":"firestore"},"message":"Multiple projectIds are not recommended in single project mode. Requested project ID demo-lead-integration, but the emulator is configured for demo-not-the-rug. To opt-out of single project mode add/set the '\"singleProjectMode\": false' property in the firebase.json emulators config.\n"}}
[debug] [2026-09-15T14:18:09.703Z] Multiple projectIds are not recommended in single project mode. Requested project ID demo-lead-integration, but the emulator is configured for demo-not-the-rug. To opt-out of single project mode add/set the '"singleProjectMode": false' property in the firebase.json emulators config.
 {"metadata":{"emulator":{"name":"firestore"},"message":"Multiple projectIds are not recommended in single project mode. Requested project ID demo-lead-integration, but the emulator is configured for demo-not-the-rug. To opt-out of single project mode add/set the '\"singleProjectMode\": false' property in the firebase.json emulators config.\n"}}
[debug] [2026-09-15T14:18:09.705Z] Multiple projectIds are not recommended in single project mode. Requested project ID demo-lead-integration, but the emulator is configured for demo-not-the-rug. To opt-out of single project mode add/set the '"singleProjectMode": false' property in the firebase.json emulators config.
 {"metadata":{"emulator":{"name":"firestore"},"message":"Multiple projectIds are not recommended in single project mode. Requested project ID demo-lead-integration, but the emulator is configured for demo-not-the-rug. To opt-out of single project mode add/set the '\"singleProjectMode\": false' property in the firebase.json emulators config.\n"}}
[debug] [2026-09-15T14:18:09.711Z] Multiple projectIds are not recommended in single project mode. Requested project ID demo-lead-integration, but the emulator is configured for demo-not-the-rug. To opt-out of single project mode add/set the '"singleProjectMode": false' property in the firebase.json emulators config.
 {"metadata":{"emulator":{"name":"firestore"},"message":"Multiple projectIds are not recommended in single project mode. Requested project ID demo-lead-integration, but the emulator is configured for demo-not-the-rug. To opt-out of single project mode add/set the '\"singleProjectMode\": false' property in the firebase.json emulators config.\n"}}
[debug] [2026-09-15T14:18:09.713Z] Multiple projectIds are not recommended in single project mode. Requested project ID demo-lead-integration, but the emulator is configured for demo-not-the-rug. To opt-out of single project mode add/set the '"singleProjectMode": false' property in the firebase.json emulators config.
 {"metadata":{"emulator":{"name":"firestore"},"message":"Multiple projectIds are not recommended in single project mode. Requested project ID demo-lead-integration, but the emulator is configured for demo-not-the-rug. To opt-out of single project mode add/set the '\"singleProjectMode\": false' property in the firebase.json emulators config.\n"}}
[debug] [2026-09-15T14:18:09.715Z] Multiple projectIds are not recommended in single project mode. Requested project ID demo-lead-integration, but the emulator is configured for demo-not-the-rug. To opt-out of single project mode add/set the '"singleProjectMode": false' property in the firebase.json emulators config.
 {"metadata":{"emulator":{"name":"firestore"},"message":"Multiple projectIds are not recommended in single project mode. Requested project ID demo-lead-integration, but the emulator is configured for demo-not-the-rug. To opt-out of single project mode add/set the '\"singleProjectMode\": false' property in the firebase.json emulators config.\n"}}
[debug] [2026-09-15T14:18:09.717Z] Multiple projectIds are not recommended in single project mode. Requested project ID demo-lead-integration, but the emulator is configured for demo-not-the-rug. To opt-out of single project mode add/set the '"singleProjectMode": false' property in the firebase.json emulators config.
 {"metadata":{"emulator":{"name":"firestore"},"message":"Multiple projectIds are not recommended in single project mode. Requested project ID demo-lead-integration, but the emulator is configured for demo-not-the-rug. To opt-out of single project mode add/set the '\"singleProjectMode\": false' property in the firebase.json emulators config.\n"}}
[debug] [2026-09-15T14:18:09.719Z] Multiple projectIds are not recommended in single project mode. Requested project ID demo-lead-integration, but the emulator is configured for demo-not-the-rug. To opt-out of single project mode add/set the '"singleProjectMode": false' property in the firebase.json emulators config.
 {"metadata":{"emulator":{"name":"firestore"},"message":"Multiple projectIds are not recommended in single project mode. Requested project ID demo-lead-integration, but the emulator is configured for demo-not-the-rug. To opt-out of single project mode add/set the '\"singleProjectMode\": false' property in the firebase.json emulators config.\n"}}
[debug] [2026-09-15T14:18:09.719Z] Sep 15, 2026 9:18:09 AM com.google.cloud.datastore.emulator.impl.util.WrappedStreamObserver onError
WARNING: Operation failed: Document (projects/demo-lead-integration/databases/(default)/documents/leads/c471a4176b198479eb99a58c3197b91b96388c38103d7f188cac8bea62b237d8) not found.
com.google.cloud.datastore.core.exception.DatastoreException: Document (projects/demo-lead-integration/databases/(default)/documents/leads/c471a4176b198479eb99a58c3197b91b96388c38103d7f188cac8bea62b237d8) not found.
	at com.google.cloud.datastore.emulator.impl.firestore.CloudFirestoreV1.getDocument(CloudFirestoreV1.java:340)
	at com.google.cloud.datastore.emulator.impl.firestore.CloudFirestoreV1Router.getDocument(CloudFirestoreV1Router.java:132)
	at com.google.cloud.datastore.emulator.impl.firestore.CloudFirestoreV1Router.getOrListDocuments(CloudFirestoreV1Router.java:126)
	at com.google.cloud.datastore.emulator.firestore.v1.FirestoreV1GrpcAdapter$1.lambda$getOrListDocuments$0(FirestoreV1GrpcAdapter.java:108)
	at com.google.cloud.datastore.emulator.firestore.v1.FirestoreV1GrpcAdapter.unary(FirestoreV1GrpcAdapter.java:72)
	at com.google.cloud.datastore.emulator.firestore.v1.FirestoreV1GrpcAdapter$1.getOrListDocuments(FirestoreV1GrpcAdapter.java:108)
	at com.google.firestore.v1.FirestoreGrpc$MethodHandlers.invoke(FirestoreGrpc.java:1376)
	at io.grpc.stub.ServerCalls$UnaryServerCallHandler$UnaryServerCallListener.onHalfClose(ServerCalls.java:182)
	at io.grpc.PartialForwardingServerCallListener.onHalfClose(PartialForwardingServerCallListener.java:35)
	at io.grpc.ForwardingServerCallListener.onHalfClose(ForwardingServerCallListener.java:23)
	at io.grpc.ForwardingServerCallListener$SimpleForwardingServerCallListener.onHalfClose(ForwardingServerCallListener.java:40)
	at io.grpc.Contexts$ContextualizedServerCallListener.onHalfClose(Contexts.java:86)
	at io.grpc.PartialForwardingServerCallListener.onHalfClose(PartialForwardingServerCallListener.java:35)
	at io.grpc.ForwardingServerCallListener.onHalfClose(ForwardingServerCallListener.java:23)
	at io.grpc.ForwardingServerCallListener$SimpleForwardingServerCallListener.onHalfClose(ForwardingServerCallListener.java:40)
	at io.grpc.Contexts$ContextualizedServerCallListener.onHalfClose(Contexts.java:86)
	at io.grpc.internal.ServerCallImpl$ServerStreamListenerImpl.halfClosed(ServerCallImpl.java:356)
	at io.grpc.internal.ServerImpl$JumpToApplicationThreadServerStreamListener$1HalfClosed.runInContext(ServerImpl.java:861)
	at io.grpc.internal.ContextRunnable.run(ContextRunnable.java:37)
	at io.grpc.internal.SerializingExecutor.run(SerializingExecutor.java:133)
	at java.base/java.util.concurrent.ThreadPoolExecutor.runWorker(ThreadPoolExecutor.java:1144)
	at java.base/java.util.concurrent.ThreadPoolExecutor$Worker.run(ThreadPoolExecutor.java:642)
	at java.base/java.lang.Thread.run(Thread.java:1583)

 {"metadata":{"emulator":{"name":"firestore"},"message":"Sep 15, 2026 9:18:09 AM com.google.cloud.datastore.emulator.impl.util.WrappedStreamObserver onError\nWARNING: Operation failed: Document (projects/demo-lead-integration/databases/(default)/documents/leads/c471a4176b198479eb99a58c3197b91b96388c38103d7f188cac8bea62b237d8) not found.\ncom.google.cloud.datastore.core.exception.DatastoreException: Document (projects/demo-lead-integration/databases/(default)/documents/leads/c471a4176b198479eb99a58c3197b91b96388c38103d7f188cac8bea62b237d8) not found.\n\tat com.google.cloud.datastore.emulator.impl.firestore.CloudFirestoreV1.getDocument(CloudFirestoreV1.java:340)\n\tat com.google.cloud.datastore.emulator.impl.firestore.CloudFirestoreV1Router.getDocument(CloudFirestoreV1Router.java:132)\n\tat com.google.cloud.datastore.emulator.impl.firestore.CloudFirestoreV1Router.getOrListDocuments(CloudFirestoreV1Router.java:126)\n\tat com.google.cloud.datastore.emulator.firestore.v1.FirestoreV1GrpcAdapter$1.lambda$getOrListDocuments$0(FirestoreV1GrpcAdapter.java:108)\n\tat com.google.cloud.datastore.emulator.firestore.v1.FirestoreV1GrpcAdapter.unary(FirestoreV1GrpcAdapter.java:72)\n\tat com.google.cloud.datastore.emulator.firestore.v1.FirestoreV1GrpcAdapter$1.getOrListDocuments(FirestoreV1GrpcAdapter.java:108)\n\tat com.google.firestore.v1.FirestoreGrpc$MethodHandlers.invoke(FirestoreGrpc.java:1376)\n\tat io.grpc.stub.ServerCalls$UnaryServerCallHandler$UnaryServerCallListener.onHalfClose(ServerCalls.java:182)\n\tat io.grpc.PartialForwardingServerCallListener.onHalfClose(PartialForwardingServerCallListener.java:35)\n\tat io.grpc.ForwardingServerCallListener.onHalfClose(ForwardingServerCallListener.java:23)\n\tat io.grpc.ForwardingServerCallListener$SimpleForwardingServerCallListener.onHalfClose(ForwardingServerCallListener.java:40)\n\tat io.grpc.Contexts$ContextualizedServerCallListener.onHalfClose(Contexts.java:86)\n\tat io.grpc.PartialForwardingServerCallListener.onHalfClose(PartialForwardingServerCallListener.java:35)\n\tat io.grpc.ForwardingServerCallListener.onHalfClose(ForwardingServerCallListener.java:23)\n\tat io.grpc.ForwardingServerCallListener$SimpleForwardingServerCallListener.onHalfClose(ForwardingServerCallListener.java:40)\n\tat io.grpc.Contexts$ContextualizedServerCallListener.onHalfClose(Contexts.java:86)\n\tat io.grpc.internal.ServerCallImpl$ServerStreamListenerImpl.halfClosed(ServerCallImpl.java:356)\n\tat io.grpc.internal.ServerImpl$JumpToApplicationThreadServerStreamListener$1HalfClosed.runInContext(ServerImpl.java:861)\n\tat io.grpc.internal.ContextRunnable.run(ContextRunnable.java:37)\n\tat io.grpc.internal.SerializingExecutor.run(SerializingExecutor.java:133)\n\tat java.base/java.util.concurrent.ThreadPoolExecutor.runWorker(ThreadPoolExecutor.java:1144)\n\tat java.base/java.util.concurrent.ThreadPoolExecutor$Worker.run(ThreadPoolExecutor.java:642)\n\tat java.base/java.lang.Thread.run(Thread.java:1583)\n\n"}}
[debug] [2026-09-15T14:18:09.720Z] Sep 15, 2026 9:18:09 AM io.gapi.emulators.netty.HttpHandler$1 onError
INFO: Exception when handling request: NOT_FOUND: Document (projects/demo-lead-integration/databases/(default)/documents/leads/c471a4176b198479eb99a58c3197b91b96388c38103d7f188cac8bea62b237d8) not found.
 {"metadata":{"emulator":{"name":"firestore"},"message":"Sep 15, 2026 9:18:09 AM io.gapi.emulators.netty.HttpHandler$1 onError\nINFO: Exception when handling request: NOT_FOUND: Document (projects/demo-lead-integration/databases/(default)/documents/leads/c471a4176b198479eb99a58c3197b91b96388c38103d7f188cac8bea62b237d8) not found.\n"}}
[debug] [2026-09-15T14:18:09.722Z] Multiple projectIds are not recommended in single project mode. Requested project ID demo-lead-integration, but the emulator is configured for demo-not-the-rug. To opt-out of single project mode add/set the '"singleProjectMode": false' property in the firebase.json emulators config.
 {"metadata":{"emulator":{"name":"firestore"},"message":"Multiple projectIds are not recommended in single project mode. Requested project ID demo-lead-integration, but the emulator is configured for demo-not-the-rug. To opt-out of single project mode add/set the '\"singleProjectMode\": false' property in the firebase.json emulators config.\n"}}
[debug] [2026-09-15T14:18:09.725Z] Multiple projectIds are not recommended in single project mode. Requested project ID demo-lead-integration, but the emulator is configured for demo-not-the-rug. To opt-out of single project mode add/set the '"singleProjectMode": false' property in the firebase.json emulators config.
 {"metadata":{"emulator":{"name":"firestore"},"message":"Multiple projectIds are not recommended in single project mode. Requested project ID demo-lead-integration, but the emulator is configured for demo-not-the-rug. To opt-out of single project mode add/set the '\"singleProjectMode\": false' property in the firebase.json emulators config.\n"}}
[debug] [2026-09-15T14:18:09.728Z] Multiple projectIds are not recommended in single project mode. Requested project ID demo-lead-integration, but the emulator is configured for demo-not-the-rug. To opt-out of single project mode add/set the '"singleProjectMode": false' property in the firebase.json emulators config.
 {"metadata":{"emulator":{"name":"firestore"},"message":"Multiple projectIds are not recommended in single project mode. Requested project ID demo-lead-integration, but the emulator is configured for demo-not-the-rug. To opt-out of single project mode add/set the '\"singleProjectMode\": false' property in the firebase.json emulators config.\n"}}
[debug] [2026-09-15T14:18:27.310Z] Sep 15, 2026 9:18:27 AM io.gapi.emulators.netty.HttpVersionRoutingHandler channelRead
INFO: Detected non-HTTP/2 connection.
 {"metadata":{"emulator":{"name":"firestore"},"message":"Sep 15, 2026 9:18:27 AM io.gapi.emulators.netty.HttpVersionRoutingHandler channelRead\nINFO: Detected non-HTTP/2 connection.\n"}}
[debug] [2026-09-15T14:18:27.313Z] Sep 15, 2026 9:18:27 AM io.gapi.emulators.netty.HttpVersionRoutingHandler channelRead
INFO: Detected non-HTTP/2 connection.
 {"metadata":{"emulator":{"name":"firestore"},"message":"Sep 15, 2026 9:18:27 AM io.gapi.emulators.netty.HttpVersionRoutingHandler channelRead\nINFO: Detected non-HTTP/2 connection.\n"}}
[debug] [2026-09-15T14:18:27.314Z] Multiple projectIds are not recommended in single project mode. Requested project ID demo-lead-integration, but the emulator is configured for demo-not-the-rug. To opt-out of single project mode add/set the '"singleProjectMode": false' property in the firebase.json emulators config.
 {"metadata":{"emulator":{"name":"firestore"},"message":"Multiple projectIds are not recommended in single project mode. Requested project ID demo-lead-integration, but the emulator is configured for demo-not-the-rug. To opt-out of single project mode add/set the '\"singleProjectMode\": false' property in the firebase.json emulators config.\n"}}
[debug] [2026-09-15T14:18:27.359Z] Multiple projectIds are not recommended in single project mode. Requested project ID demo-lead-integration, but the emulator is configured for demo-not-the-rug. To opt-out of single project mode add/set the '"singleProjectMode": false' property in the firebase.json emulators config.
 {"metadata":{"emulator":{"name":"firestore"},"message":"Multiple projectIds are not recommended in single project mode. Requested project ID demo-lead-integration, but the emulator is configured for demo-not-the-rug. To opt-out of single project mode add/set the '\"singleProjectMode\": false' property in the firebase.json emulators config.\n"}}
[debug] [2026-09-15T14:18:27.363Z] Multiple projectIds are not recommended in single project mode. Requested project ID demo-lead-integration, but the emulator is configured for demo-not-the-rug. To opt-out of single project mode add/set the '"singleProjectMode": false' property in the firebase.json emulators config.
 {"metadata":{"emulator":{"name":"firestore"},"message":"Multiple projectIds are not recommended in single project mode. Requested project ID demo-lead-integration, but the emulator is configured for demo-not-the-rug. To opt-out of single project mode add/set the '\"singleProjectMode\": false' property in the firebase.json emulators config.\n"}}
[debug] [2026-09-15T14:18:27.363Z] Sep 15, 2026 9:18:27 AM com.google.cloud.datastore.emulator.impl.util.WrappedStreamObserver onError
WARNING: Operation failed: Document (projects/demo-lead-integration/databases/(default)/documents/leads/ac49bf6a86deb2f01dd4ffbbf9b796281e326cd586cc97fc6f59d82194c10f45) not found.
com.google.cloud.datastore.core.exception.DatastoreException: Document (projects/demo-lead-integration/databases/(default)/documents/leads/ac49bf6a86deb2f01dd4ffbbf9b796281e326cd586cc97fc6f59d82194c10f45) not found.
	at com.google.cloud.datastore.emulator.impl.firestore.CloudFirestoreV1.getDocument(CloudFirestoreV1.java:340)
	at com.google.cloud.datastore.emulator.impl.firestore.CloudFirestoreV1Router.getDocument(CloudFirestoreV1Router.java:132)
	at com.google.cloud.datastore.emulator.impl.firestore.CloudFirestoreV1Router.getOrListDocuments(CloudFirestoreV1Router.java:126)
	at com.google.cloud.datastore.emulator.firestore.v1.FirestoreV1GrpcAdapter$1.lambda$getOrListDocuments$0(FirestoreV1GrpcAdapter.java:108)
	at com.google.cloud.datastore.emulator.firestore.v1.FirestoreV1GrpcAdapter.unary(FirestoreV1GrpcAdapter.java:72)
	at com.google.cloud.datastore.emulator.firestore.v1.FirestoreV1GrpcAdapter$1.getOrListDocuments(FirestoreV1GrpcAdapter.java:108)
	at com.google.firestore.v1.FirestoreGrpc$MethodHandlers.invoke(FirestoreGrpc.java:1376)
	at io.grpc.stub.ServerCalls$UnaryServerCallHandler$UnaryServerCallListener.onHalfClose(ServerCalls.java:182)
	at io.grpc.PartialForwardingServerCallListener.onHalfClose(PartialForwardingServerCallListener.java:35)
	at io.grpc.ForwardingServerCallListener.onHalfClose(ForwardingServerCallListener.java:23)
	at io.grpc.ForwardingServerCallListener$SimpleForwardingServerCallListener.onHalfClose(ForwardingServerCallListener.java:40)
	at io.grpc.Contexts$ContextualizedServerCallListener.onHalfClose(Contexts.java:86)
	at io.grpc.PartialForwardingServerCallListener.onHalfClose(PartialForwardingServerCallListener.java:35)
	at io.grpc.ForwardingServerCallListener.onHalfClose(ForwardingServerCallListener.java:23)
	at io.grpc.ForwardingServerCallListener$SimpleForwardingServerCallListener.onHalfClose(ForwardingServerCallListener.java:40)
	at io.grpc.Contexts$ContextualizedServerCallListener.onHalfClose(Contexts.java:86)
	at io.grpc.internal.ServerCallImpl$ServerStreamListenerImpl.halfClosed(ServerCallImpl.java:356)
	at io.grpc.internal.ServerImpl$JumpToApplicationThreadServerStreamListener$1HalfClosed.runInContext(ServerImpl.java:861)
	at io.grpc.internal.ContextRunnable.run(ContextRunnable.java:37)
	at io.grpc.internal.SerializingExecutor.run(SerializingExecutor.java:133)
	at java.base/java.util.concurrent.ThreadPoolExecutor.runWorker(ThreadPoolExecutor.java:1144)
	at java.base/java.util.concurrent.ThreadPoolExecutor$Worker.run(ThreadPoolExecutor.java:642)
	at java.base/java.lang.Thread.run(Thread.java:1583)

 {"metadata":{"emulator":{"name":"firestore"},"message":"Sep 15, 2026 9:18:27 AM com.google.cloud.datastore.emulator.impl.util.WrappedStreamObserver onError\nWARNING: Operation failed: Document (projects/demo-lead-integration/databases/(default)/documents/leads/ac49bf6a86deb2f01dd4ffbbf9b796281e326cd586cc97fc6f59d82194c10f45) not found.\ncom.google.cloud.datastore.core.exception.DatastoreException: Document (projects/demo-lead-integration/databases/(default)/documents/leads/ac49bf6a86deb2f01dd4ffbbf9b796281e326cd586cc97fc6f59d82194c10f45) not found.\n\tat com.google.cloud.datastore.emulator.impl.firestore.CloudFirestoreV1.getDocument(CloudFirestoreV1.java:340)\n\tat com.google.cloud.datastore.emulator.impl.firestore.CloudFirestoreV1Router.getDocument(CloudFirestoreV1Router.java:132)\n\tat com.google.cloud.datastore.emulator.impl.firestore.CloudFirestoreV1Router.getOrListDocuments(CloudFirestoreV1Router.java:126)\n\tat com.google.cloud.datastore.emulator.firestore.v1.FirestoreV1GrpcAdapter$1.lambda$getOrListDocuments$0(FirestoreV1GrpcAdapter.java:108)\n\tat com.google.cloud.datastore.emulator.firestore.v1.FirestoreV1GrpcAdapter.unary(FirestoreV1GrpcAdapter.java:72)\n\tat com.google.cloud.datastore.emulator.firestore.v1.FirestoreV1GrpcAdapter$1.getOrListDocuments(FirestoreV1GrpcAdapter.java:108)\n\tat com.google.firestore.v1.FirestoreGrpc$MethodHandlers.invoke(FirestoreGrpc.java:1376)\n\tat io.grpc.stub.ServerCalls$UnaryServerCallHandler$UnaryServerCallListener.onHalfClose(ServerCalls.java:182)\n\tat io.grpc.PartialForwardingServerCallListener.onHalfClose(PartialForwardingServerCallListener.java:35)\n\tat io.grpc.ForwardingServerCallListener.onHalfClose(ForwardingServerCallListener.java:23)\n\tat io.grpc.ForwardingServerCallListener$SimpleForwardingServerCallListener.onHalfClose(ForwardingServerCallListener.java:40)\n\tat io.grpc.Contexts$ContextualizedServerCallListener.onHalfClose(Contexts.java:86)\n\tat io.grpc.PartialForwardingServerCallListener.onHalfClose(PartialForwardingServerCallListener.java:35)\n\tat io.grpc.ForwardingServerCallListener.onHalfClose(ForwardingServerCallListener.java:23)\n\tat io.grpc.ForwardingServerCallListener$SimpleForwardingServerCallListener.onHalfClose(ForwardingServerCallListener.java:40)\n\tat io.grpc.Contexts$ContextualizedServerCallListener.onHalfClose(Contexts.java:86)\n\tat io.grpc.internal.ServerCallImpl$ServerStreamListenerImpl.halfClosed(ServerCallImpl.java:356)\n\tat io.grpc.internal.ServerImpl$JumpToApplicationThreadServerStreamListener$1HalfClosed.runInContext(ServerImpl.java:861)\n\tat io.grpc.internal.ContextRunnable.run(ContextRunnable.java:37)\n\tat io.grpc.internal.SerializingExecutor.run(SerializingExecutor.java:133)\n\tat java.base/java.util.concurrent.ThreadPoolExecutor.runWorker(ThreadPoolExecutor.java:1144)\n\tat java.base/java.util.concurrent.ThreadPoolExecutor$Worker.run(ThreadPoolExecutor.java:642)\n\tat java.base/java.lang.Thread.run(Thread.java:1583)\n\n"}}
[debug] [2026-09-15T14:18:27.363Z] Sep 15, 2026 9:18:27 AM io.gapi.emulators.netty.HttpHandler$1 onError
INFO: Exception when handling request: NOT_FOUND: Document (projects/demo-lead-integration/databases/(default)/documents/leads/ac49bf6a86deb2f01dd4ffbbf9b796281e326cd586cc97fc6f59d82194c10f45) not found.
 {"metadata":{"emulator":{"name":"firestore"},"message":"Sep 15, 2026 9:18:27 AM io.gapi.emulators.netty.HttpHandler$1 onError\nINFO: Exception when handling request: NOT_FOUND: Document (projects/demo-lead-integration/databases/(default)/documents/leads/ac49bf6a86deb2f01dd4ffbbf9b796281e326cd586cc97fc6f59d82194c10f45) not found.\n"}}
[debug] [2026-09-15T14:18:27.365Z] Multiple projectIds are not recommended in single project mode. Requested project ID demo-lead-integration, but the emulator is configured for demo-not-the-rug. To opt-out of single project mode add/set the '"singleProjectMode": false' property in the firebase.json emulators config.
 {"metadata":{"emulator":{"name":"firestore"},"message":"Multiple projectIds are not recommended in single project mode. Requested project ID demo-lead-integration, but the emulator is configured for demo-not-the-rug. To opt-out of single project mode add/set the '\"singleProjectMode\": false' property in the firebase.json emulators config.\n"}}
[debug] [2026-09-15T14:18:27.369Z] Multiple projectIds are not recommended in single project mode. Requested project ID demo-lead-integration, but the emulator is configured for demo-not-the-rug. To opt-out of single project mode add/set the '"singleProjectMode": false' property in the firebase.json emulators config.
 {"metadata":{"emulator":{"name":"firestore"},"message":"Multiple projectIds are not recommended in single project mode. Requested project ID demo-lead-integration, but the emulator is configured for demo-not-the-rug. To opt-out of single project mode add/set the '\"singleProjectMode\": false' property in the firebase.json emulators config.\n"}}
[debug] [2026-09-15T14:18:27.373Z] Multiple projectIds are not recommended in single project mode. Requested project ID demo-lead-integration, but the emulator is configured for demo-not-the-rug. To opt-out of single project mode add/set the '"singleProjectMode": false' property in the firebase.json emulators config.
 {"metadata":{"emulator":{"name":"firestore"},"message":"Multiple projectIds are not recommended in single project mode. Requested project ID demo-lead-integration, but the emulator is configured for demo-not-the-rug. To opt-out of single project mode add/set the '\"singleProjectMode\": false' property in the firebase.json emulators config.\n"}}
[debug] [2026-09-15T14:18:27.376Z] Multiple projectIds are not recommended in single project mode. Requested project ID demo-lead-integration, but the emulator is configured for demo-not-the-rug. To opt-out of single project mode add/set the '"singleProjectMode": false' property in the firebase.json emulators config.
 {"metadata":{"emulator":{"name":"firestore"},"message":"Multiple projectIds are not recommended in single project mode. Requested project ID demo-lead-integration, but the emulator is configured for demo-not-the-rug. To opt-out of single project mode add/set the '\"singleProjectMode\": false' property in the firebase.json emulators config.\n"}}
[debug] [2026-09-15T14:18:27.378Z] Multiple projectIds are not recommended in single project mode. Requested project ID demo-lead-integration, but the emulator is configured for demo-not-the-rug. To opt-out of single project mode add/set the '"singleProjectMode": false' property in the firebase.json emulators config.
 {"metadata":{"emulator":{"name":"firestore"},"message":"Multiple projectIds are not recommended in single project mode. Requested project ID demo-lead-integration, but the emulator is configured for demo-not-the-rug. To opt-out of single project mode add/set the '\"singleProjectMode\": false' property in the firebase.json emulators config.\n"}}
[debug] [2026-09-15T14:18:27.380Z] Multiple projectIds are not recommended in single project mode. Requested project ID demo-lead-integration, but the emulator is configured for demo-not-the-rug. To opt-out of single project mode add/set the '"singleProjectMode": false' property in the firebase.json emulators config.
 {"metadata":{"emulator":{"name":"firestore"},"message":"Multiple projectIds are not recommended in single project mode. Requested project ID demo-lead-integration, but the emulator is configured for demo-not-the-rug. To opt-out of single project mode add/set the '\"singleProjectMode\": false' property in the firebase.json emulators config.\n"}}
[debug] [2026-09-15T14:18:27.381Z] Sep 15, 2026 9:18:27 AM com.google.cloud.datastore.emulator.impl.util.WrappedStreamObserver onError
WARNING: Operation failed: Document (projects/demo-lead-integration/databases/(default)/documents/leads/f805d04d1bd72a6401a11d5643a0b8d0fe4aeb7808c4b0c7e908d9a58ce468f2) not found.
com.google.cloud.datastore.core.exception.DatastoreException: Document (projects/demo-lead-integration/databases/(default)/documents/leads/f805d04d1bd72a6401a11d5643a0b8d0fe4aeb7808c4b0c7e908d9a58ce468f2) not found.
	at com.google.cloud.datastore.emulator.impl.firestore.CloudFirestoreV1.getDocument(CloudFirestoreV1.java:340)
	at com.google.cloud.datastore.emulator.impl.firestore.CloudFirestoreV1Router.getDocument(CloudFirestoreV1Router.java:132)
	at com.google.cloud.datastore.emulator.impl.firestore.CloudFirestoreV1Router.getOrListDocuments(CloudFirestoreV1Router.java:126)
	at com.google.cloud.datastore.emulator.firestore.v1.FirestoreV1GrpcAdapter$1.lambda$getOrListDocuments$0(FirestoreV1GrpcAdapter.java:108)
	at com.google.cloud.datastore.emulator.firestore.v1.FirestoreV1GrpcAdapter.unary(FirestoreV1GrpcAdapter.java:72)
	at com.google.cloud.datastore.emulator.firestore.v1.FirestoreV1GrpcAdapter$1.getOrListDocuments(FirestoreV1GrpcAdapter.java:108)
	at com.google.firestore.v1.FirestoreGrpc$MethodHandlers.invoke(FirestoreGrpc.java:1376)
	at io.grpc.stub.ServerCalls$UnaryServerCallHandler$UnaryServerCallListener.onHalfClose(ServerCalls.java:182)
	at io.grpc.PartialForwardingServerCallListener.onHalfClose(PartialForwardingServerCallListener.java:35)
	at io.grpc.ForwardingServerCallListener.onHalfClose(ForwardingServerCallListener.java:23)
	at io.grpc.ForwardingServerCallListener$SimpleForwardingServerCallListener.onHalfClose(ForwardingServerCallListener.java:40)
	at io.grpc.Contexts$ContextualizedServerCallListener.onHalfClose(Contexts.java:86)
	at io.grpc.PartialForwardingServerCallListener.onHalfClose(PartialForwardingServerCallListener.java:35)
	at io.grpc.ForwardingServerCallListener.onHalfClose(ForwardingServerCallListener.java:23)
	at io.grpc.ForwardingServerCallListener$SimpleForwardingServerCallListener.onHalfClose(ForwardingServerCallListener.java:40)
	at io.grpc.Contexts$ContextualizedServerCallListener.onHalfClose(Contexts.java:86)
	at io.grpc.internal.ServerCallImpl$ServerStreamListenerImpl.halfClosed(ServerCallImpl.java:356)
	at io.grpc.internal.ServerImpl$JumpToApplicationThreadServerStreamListener$1HalfClosed.runInContext(ServerImpl.java:861)
	at io.grpc.internal.ContextRunnable.run(ContextRunnable.java:37)
	at io.grpc.internal.SerializingExecutor.run(SerializingExecutor.java:133)
	at java.base/java.util.concurrent.ThreadPoolExecutor.runWorker(ThreadPoolExecutor.java:1144)
	at java.base/java.util.concurrent.ThreadPoolExecutor$Worker.run(ThreadPoolExecutor.java:642)
	at java.base/java.lang.Thread.run(Thread.java:1583)

 {"metadata":{"emulator":{"name":"firestore"},"message":"Sep 15, 2026 9:18:27 AM com.google.cloud.datastore.emulator.impl.util.WrappedStreamObserver onError\nWARNING: Operation failed: Document (projects/demo-lead-integration/databases/(default)/documents/leads/f805d04d1bd72a6401a11d5643a0b8d0fe4aeb7808c4b0c7e908d9a58ce468f2) not found.\ncom.google.cloud.datastore.core.exception.DatastoreException: Document (projects/demo-lead-integration/databases/(default)/documents/leads/f805d04d1bd72a6401a11d5643a0b8d0fe4aeb7808c4b0c7e908d9a58ce468f2) not found.\n\tat com.google.cloud.datastore.emulator.impl.firestore.CloudFirestoreV1.getDocument(CloudFirestoreV1.java:340)\n\tat com.google.cloud.datastore.emulator.impl.firestore.CloudFirestoreV1Router.getDocument(CloudFirestoreV1Router.java:132)\n\tat com.google.cloud.datastore.emulator.impl.firestore.CloudFirestoreV1Router.getOrListDocuments(CloudFirestoreV1Router.java:126)\n\tat com.google.cloud.datastore.emulator.firestore.v1.FirestoreV1GrpcAdapter$1.lambda$getOrListDocuments$0(FirestoreV1GrpcAdapter.java:108)\n\tat com.google.cloud.datastore.emulator.firestore.v1.FirestoreV1GrpcAdapter.unary(FirestoreV1GrpcAdapter.java:72)\n\tat com.google.cloud.datastore.emulator.firestore.v1.FirestoreV1GrpcAdapter$1.getOrListDocuments(FirestoreV1GrpcAdapter.java:108)\n\tat com.google.firestore.v1.FirestoreGrpc$MethodHandlers.invoke(FirestoreGrpc.java:1376)\n\tat io.grpc.stub.ServerCalls$UnaryServerCallHandler$UnaryServerCallListener.onHalfClose(ServerCalls.java:182)\n\tat io.grpc.PartialForwardingServerCallListener.onHalfClose(PartialForwardingServerCallListener.java:35)\n\tat io.grpc.ForwardingServerCallListener.onHalfClose(ForwardingServerCallListener.java:23)\n\tat io.grpc.ForwardingServerCallListener$SimpleForwardingServerCallListener.onHalfClose(ForwardingServerCallListener.java:40)\n\tat io.grpc.Contexts$ContextualizedServerCallListener.onHalfClose(Contexts.java:86)\n\tat io.grpc.PartialForwardingServerCallListener.onHalfClose(PartialForwardingServerCallListener.java:35)\n\tat io.grpc.ForwardingServerCallListener.onHalfClose(ForwardingServerCallListener.java:23)\n\tat io.grpc.ForwardingServerCallListener$SimpleForwardingServerCallListener.onHalfClose(ForwardingServerCallListener.java:40)\n\tat io.grpc.Contexts$ContextualizedServerCallListener.onHalfClose(Contexts.java:86)\n\tat io.grpc.internal.ServerCallImpl$ServerStreamListenerImpl.halfClosed(ServerCallImpl.java:356)\n\tat io.grpc.internal.ServerImpl$JumpToApplicationThreadServerStreamListener$1HalfClosed.runInContext(ServerImpl.java:861)\n\tat io.grpc.internal.ContextRunnable.run(ContextRunnable.java:37)\n\tat io.grpc.internal.SerializingExecutor.run(SerializingExecutor.java:133)\n\tat java.base/java.util.concurrent.ThreadPoolExecutor.runWorker(ThreadPoolExecutor.java:1144)\n\tat java.base/java.util.concurrent.ThreadPoolExecutor$Worker.run(ThreadPoolExecutor.java:642)\n\tat java.base/java.lang.Thread.run(Thread.java:1583)\n\n"}}
[debug] [2026-09-15T14:18:27.381Z] Sep 15, 2026 9:18:27 AM io.gapi.emulators.netty.HttpHandler$1 onError
INFO: Exception when handling request: NOT_FOUND: Document (projects/demo-lead-integration/databases/(default)/documents/leads/f805d04d1bd72a6401a11d5643a0b8d0fe4aeb7808c4b0c7e908d9a58ce468f2) not found.
 {"metadata":{"emulator":{"name":"firestore"},"message":"Sep 15, 2026 9:18:27 AM io.gapi.emulators.netty.HttpHandler$1 onError\nINFO: Exception when handling request: NOT_FOUND: Document (projects/demo-lead-integration/databases/(default)/documents/leads/f805d04d1bd72a6401a11d5643a0b8d0fe4aeb7808c4b0c7e908d9a58ce468f2) not found.\n"}}
[debug] [2026-09-15T14:18:27.382Z] Multiple projectIds are not recommended in single project mode. Requested project ID demo-lead-integration, but the emulator is configured for demo-not-the-rug. To opt-out of single project mode add/set the '"singleProjectMode": false' property in the firebase.json emulators config.
 {"metadata":{"emulator":{"name":"firestore"},"message":"Multiple projectIds are not recommended in single project mode. Requested project ID demo-lead-integration, but the emulator is configured for demo-not-the-rug. To opt-out of single project mode add/set the '\"singleProjectMode\": false' property in the firebase.json emulators config.\n"}}
[debug] [2026-09-15T14:18:27.384Z] Multiple projectIds are not recommended in single project mode. Requested project ID demo-lead-integration, but the emulator is configured for demo-not-the-rug. To opt-out of single project mode add/set the '"singleProjectMode": false' property in the firebase.json emulators config.
 {"metadata":{"emulator":{"name":"firestore"},"message":"Multiple projectIds are not recommended in single project mode. Requested project ID demo-lead-integration, but the emulator is configured for demo-not-the-rug. To opt-out of single project mode add/set the '\"singleProjectMode\": false' property in the firebase.json emulators config.\n"}}
[debug] [2026-09-15T14:18:27.386Z] Multiple projectIds are not recommended in single project mode. Requested project ID demo-lead-integration, but the emulator is configured for demo-not-the-rug. To opt-out of single project mode add/set the '"singleProjectMode": false' property in the firebase.json emulators config.
 {"metadata":{"emulator":{"name":"firestore"},"message":"Multiple projectIds are not recommended in single project mode. Requested project ID demo-lead-integration, but the emulator is configured for demo-not-the-rug. To opt-out of single project mode add/set the '\"singleProjectMode\": false' property in the firebase.json emulators config.\n"}}
[debug] [2026-09-15T14:18:27.389Z] Multiple projectIds are not recommended in single project mode. Requested project ID demo-lead-integration, but the emulator is configured for demo-not-the-rug. To opt-out of single project mode add/set the '"singleProjectMode": false' property in the firebase.json emulators config.
 {"metadata":{"emulator":{"name":"firestore"},"message":"Multiple projectIds are not recommended in single project mode. Requested project ID demo-lead-integration, but the emulator is configured for demo-not-the-rug. To opt-out of single project mode add/set the '\"singleProjectMode\": false' property in the firebase.json emulators config.\n"}}
[debug] [2026-09-15T14:18:27.391Z] Multiple projectIds are not recommended in single project mode. Requested project ID demo-lead-integration, but the emulator is configured for demo-not-the-rug. To opt-out of single project mode add/set the '"singleProjectMode": false' property in the firebase.json emulators config.
 {"metadata":{"emulator":{"name":"firestore"},"message":"Multiple projectIds are not recommended in single project mode. Requested project ID demo-lead-integration, but the emulator is configured for demo-not-the-rug. To opt-out of single project mode add/set the '\"singleProjectMode\": false' property in the firebase.json emulators config.\n"}}
[debug] [2026-09-15T14:18:27.393Z] Multiple projectIds are not recommended in single project mode. Requested project ID demo-lead-integration, but the emulator is configured for demo-not-the-rug. To opt-out of single project mode add/set the '"singleProjectMode": false' property in the firebase.json emulators config.
 {"metadata":{"emulator":{"name":"firestore"},"message":"Multiple projectIds are not recommended in single project mode. Requested project ID demo-lead-integration, but the emulator is configured for demo-not-the-rug. To opt-out of single project mode add/set the '\"singleProjectMode\": false' property in the firebase.json emulators config.\n"}}
[debug] [2026-09-15T14:18:27.393Z] Sep 15, 2026 9:18:27 AM com.google.cloud.datastore.emulator.impl.util.WrappedStreamObserver onError
WARNING: Operation failed: Document (projects/demo-lead-integration/databases/(default)/documents/leads/150147ed7a05364b87d1fd4218e611e8d9a943b5dab9da6f7664f7d57d56249f) not found.
com.google.cloud.datastore.core.exception.DatastoreException: Document (projects/demo-lead-integration/databases/(default)/documents/leads/150147ed7a05364b87d1fd4218e611e8d9a943b5dab9da6f7664f7d57d56249f) not found.
	at com.google.cloud.datastore.emulator.impl.firestore.CloudFirestoreV1.getDocument(CloudFirestoreV1.java:340)
	at com.google.cloud.datastore.emulator.impl.firestore.CloudFirestoreV1Router.getDocument(CloudFirestoreV1Router.java:132)
	at com.google.cloud.datastore.emulator.impl.firestore.CloudFirestoreV1Router.getOrListDocuments(CloudFirestoreV1Router.java:126)
	at com.google.cloud.datastore.emulator.firestore.v1.FirestoreV1GrpcAdapter$1.lambda$getOrListDocuments$0(FirestoreV1GrpcAdapter.java:108)
	at com.google.cloud.datastore.emulator.firestore.v1.FirestoreV1GrpcAdapter.unary(FirestoreV1GrpcAdapter.java:72)
	at com.google.cloud.datastore.emulator.firestore.v1.FirestoreV1GrpcAdapter$1.getOrListDocuments(FirestoreV1GrpcAdapter.java:108)
	at com.google.firestore.v1.FirestoreGrpc$MethodHandlers.invoke(FirestoreGrpc.java:1376)
	at io.grpc.stub.ServerCalls$UnaryServerCallHandler$UnaryServerCallListener.onHalfClose(ServerCalls.java:182)
	at io.grpc.PartialForwardingServerCallListener.onHalfClose(PartialForwardingServerCallListener.java:35)
	at io.grpc.ForwardingServerCallListener.onHalfClose(ForwardingServerCallListener.java:23)
	at io.grpc.ForwardingServerCallListener$SimpleForwardingServerCallListener.onHalfClose(ForwardingServerCallListener.java:40)
	at io.grpc.Contexts$ContextualizedServerCallListener.onHalfClose(Contexts.java:86)
	at io.grpc.PartialForwardingServerCallListener.onHalfClose(PartialForwardingServerCallListener.java:35)
	at io.grpc.ForwardingServerCallListener.onHalfClose(ForwardingServerCallListener.java:23)
	at io.grpc.ForwardingServerCallListener$SimpleForwardingServerCallListener.onHalfClose(ForwardingServerCallListener.java:40)
	at io.grpc.Contexts$ContextualizedServerCallListener.onHalfClose(Contexts.java:86)
	at io.grpc.internal.ServerCallImpl$ServerStreamListenerImpl.halfClosed(ServerCallImpl.java:356)
	at io.grpc.internal.ServerImpl$JumpToApplicationThreadServerStreamListener$1HalfClosed.runInContext(ServerImpl.java:861)
	at io.grpc.internal.ContextRunnable.run(ContextRunnable.java:37)
	at io.grpc.internal.SerializingExecutor.run(SerializingExecutor.java:133)
	at java.base/java.util.concurrent.ThreadPoolExecutor.runWorker(ThreadPoolExecutor.java:1144)
	at java.base/java.util.concurrent.ThreadPoolExecutor$Worker.run(ThreadPoolExecutor.java:642)
	at java.base/java.lang.Thread.run(Thread.java:1583)

 {"metadata":{"emulator":{"name":"firestore"},"message":"Sep 15, 2026 9:18:27 AM com.google.cloud.datastore.emulator.impl.util.WrappedStreamObserver onError\nWARNING: Operation failed: Document (projects/demo-lead-integration/databases/(default)/documents/leads/150147ed7a05364b87d1fd4218e611e8d9a943b5dab9da6f7664f7d57d56249f) not found.\ncom.google.cloud.datastore.core.exception.DatastoreException: Document (projects/demo-lead-integration/databases/(default)/documents/leads/150147ed7a05364b87d1fd4218e611e8d9a943b5dab9da6f7664f7d57d56249f) not found.\n\tat com.google.cloud.datastore.emulator.impl.firestore.CloudFirestoreV1.getDocument(CloudFirestoreV1.java:340)\n\tat com.google.cloud.datastore.emulator.impl.firestore.CloudFirestoreV1Router.getDocument(CloudFirestoreV1Router.java:132)\n\tat com.google.cloud.datastore.emulator.impl.firestore.CloudFirestoreV1Router.getOrListDocuments(CloudFirestoreV1Router.java:126)\n\tat com.google.cloud.datastore.emulator.firestore.v1.FirestoreV1GrpcAdapter$1.lambda$getOrListDocuments$0(FirestoreV1GrpcAdapter.java:108)\n\tat com.google.cloud.datastore.emulator.firestore.v1.FirestoreV1GrpcAdapter.unary(FirestoreV1GrpcAdapter.java:72)\n\tat com.google.cloud.datastore.emulator.firestore.v1.FirestoreV1GrpcAdapter$1.getOrListDocuments(FirestoreV1GrpcAdapter.java:108)\n\tat com.google.firestore.v1.FirestoreGrpc$MethodHandlers.invoke(FirestoreGrpc.java:1376)\n\tat io.grpc.stub.ServerCalls$UnaryServerCallHandler$UnaryServerCallListener.onHalfClose(ServerCalls.java:182)\n\tat io.grpc.PartialForwardingServerCallListener.onHalfClose(PartialForwardingServerCallListener.java:35)\n\tat io.grpc.ForwardingServerCallListener.onHalfClose(ForwardingServerCallListener.java:23)\n\tat io.grpc.ForwardingServerCallListener$SimpleForwardingServerCallListener.onHalfClose(ForwardingServerCallListener.java:40)\n\tat io.grpc.Contexts$ContextualizedServerCallListener.onHalfClose(Contexts.java:86)\n\tat io.grpc.PartialForwardingServerCallListener.onHalfClose(PartialForwardingServerCallListener.java:35)\n\tat io.grpc.ForwardingServerCallListener.onHalfClose(ForwardingServerCallListener.java:23)\n\tat io.grpc.ForwardingServerCallListener$SimpleForwardingServerCallListener.onHalfClose(ForwardingServerCallListener.java:40)\n\tat io.grpc.Contexts$ContextualizedServerCallListener.onHalfClose(Contexts.java:86)\n\tat io.grpc.internal.ServerCallImpl$ServerStreamListenerImpl.halfClosed(ServerCallImpl.java:356)\n\tat io.grpc.internal.ServerImpl$JumpToApplicationThreadServerStreamListener$1HalfClosed.runInContext(ServerImpl.java:861)\n\tat io.grpc.internal.ContextRunnable.run(ContextRunnable.java:37)\n\tat io.grpc.internal.SerializingExecutor.run(SerializingExecutor.java:133)\n\tat java.base/java.util.concurrent.ThreadPoolExecutor.runWorker(ThreadPoolExecutor.java:1144)\n\tat java.base/java.util.concurrent.ThreadPoolExecutor$Worker.run(ThreadPoolExecutor.java:642)\n\tat java.base/java.lang.Thread.run(Thread.java:1583)\n\n"}}
[debug] [2026-09-15T14:18:27.393Z] Sep 15, 2026 9:18:27 AM io.gapi.emulators.netty.HttpHandler$1 onError
INFO: Exception when handling request: NOT_FOUND: Document (projects/demo-lead-integration/databases/(default)/documents/leads/150147ed7a05364b87d1fd4218e611e8d9a943b5dab9da6f7664f7d57d56249f) not found.
 {"metadata":{"emulator":{"name":"firestore"},"message":"Sep 15, 2026 9:18:27 AM io.gapi.emulators.netty.HttpHandler$1 onError\nINFO: Exception when handling request: NOT_FOUND: Document (projects/demo-lead-integration/databases/(default)/documents/leads/150147ed7a05364b87d1fd4218e611e8d9a943b5dab9da6f7664f7d57d56249f) not found.\n"}}
[debug] [2026-09-15T14:18:27.394Z] Multiple projectIds are not recommended in single project mode. Requested project ID demo-lead-integration, but the emulator is configured for demo-not-the-rug. To opt-out of single project mode add/set the '"singleProjectMode": false' property in the firebase.json emulators config.
 {"metadata":{"emulator":{"name":"firestore"},"message":"Multiple projectIds are not recommended in single project mode. Requested project ID demo-lead-integration, but the emulator is configured for demo-not-the-rug. To opt-out of single project mode add/set the '\"singleProjectMode\": false' property in the firebase.json emulators config.\n"}}
[debug] [2026-09-15T14:18:27.397Z] Multiple projectIds are not recommended in single project mode. Requested project ID demo-lead-integration, but the emulator is configured for demo-not-the-rug. To opt-out of single project mode add/set the '"singleProjectMode": false' property in the firebase.json emulators config.
 {"metadata":{"emulator":{"name":"firestore"},"message":"Multiple projectIds are not recommended in single project mode. Requested project ID demo-lead-integration, but the emulator is configured for demo-not-the-rug. To opt-out of single project mode add/set the '\"singleProjectMode\": false' property in the firebase.json emulators config.\n"}}
[debug] [2026-09-15T14:18:27.398Z] Multiple projectIds are not recommended in single project mode. Requested project ID demo-lead-integration, but the emulator is configured for demo-not-the-rug. To opt-out of single project mode add/set the '"singleProjectMode": false' property in the firebase.json emulators config.
 {"metadata":{"emulator":{"name":"firestore"},"message":"Multiple projectIds are not recommended in single project mode. Requested project ID demo-lead-integration, but the emulator is configured for demo-not-the-rug. To opt-out of single project mode add/set the '\"singleProjectMode\": false' property in the firebase.json emulators config.\n"}}
[debug] [2026-09-15T14:18:27.400Z] Multiple projectIds are not recommended in single project mode. Requested project ID demo-lead-integration, but the emulator is configured for demo-not-the-rug. To opt-out of single project mode add/set the '"singleProjectMode": false' property in the firebase.json emulators config.
 {"metadata":{"emulator":{"name":"firestore"},"message":"Multiple projectIds are not recommended in single project mode. Requested project ID demo-lead-integration, but the emulator is configured for demo-not-the-rug. To opt-out of single project mode add/set the '\"singleProjectMode\": false' property in the firebase.json emulators config.\n"}}
[debug] [2026-09-15T14:18:27.402Z] Multiple projectIds are not recommended in single project mode. Requested project ID demo-lead-integration, but the emulator is configured for demo-not-the-rug. To opt-out of single project mode add/set the '"singleProjectMode": false' property in the firebase.json emulators config.
 {"metadata":{"emulator":{"name":"firestore"},"message":"Multiple projectIds are not recommended in single project mode. Requested project ID demo-lead-integration, but the emulator is configured for demo-not-the-rug. To opt-out of single project mode add/set the '\"singleProjectMode\": false' property in the firebase.json emulators config.\n"}}
[debug] [2026-09-15T14:18:27.404Z] Multiple projectIds are not recommended in single project mode. Requested project ID demo-lead-integration, but the emulator is configured for demo-not-the-rug. To opt-out of single project mode add/set the '"singleProjectMode": false' property in the firebase.json emulators config.
 {"metadata":{"emulator":{"name":"firestore"},"message":"Multiple projectIds are not recommended in single project mode. Requested project ID demo-lead-integration, but the emulator is configured for demo-not-the-rug. To opt-out of single project mode add/set the '\"singleProjectMode\": false' property in the firebase.json emulators config.\n"}}
[debug] [2026-09-15T14:18:27.404Z] Sep 15, 2026 9:18:27 AM com.google.cloud.datastore.emulator.impl.util.WrappedStreamObserver onError
WARNING: Operation failed: Document (projects/demo-lead-integration/databases/(default)/documents/leads/8763ea20c834844dd2d8c0ffc92815c13fe3c7514778c1b4706ac6a3ca3d0c3e) not found.
com.google.cloud.datastore.core.exception.DatastoreException: Document (projects/demo-lead-integration/databases/(default)/documents/leads/8763ea20c834844dd2d8c0ffc92815c13fe3c7514778c1b4706ac6a3ca3d0c3e) not found.
	at com.google.cloud.datastore.emulator.impl.firestore.CloudFirestoreV1.getDocument(CloudFirestoreV1.java:340)
	at com.google.cloud.datastore.emulator.impl.firestore.CloudFirestoreV1Router.getDocument(CloudFirestoreV1Router.java:132)
	at com.google.cloud.datastore.emulator.impl.firestore.CloudFirestoreV1Router.getOrListDocuments(CloudFirestoreV1Router.java:126)
	at com.google.cloud.datastore.emulator.firestore.v1.FirestoreV1GrpcAdapter$1.lambda$getOrListDocuments$0(FirestoreV1GrpcAdapter.java:108)
	at com.google.cloud.datastore.emulator.firestore.v1.FirestoreV1GrpcAdapter.unary(FirestoreV1GrpcAdapter.java:72)
	at com.google.cloud.datastore.emulator.firestore.v1.FirestoreV1GrpcAdapter$1.getOrListDocuments(FirestoreV1GrpcAdapter.java:108)
	at com.google.firestore.v1.FirestoreGrpc$MethodHandlers.invoke(FirestoreGrpc.java:1376)
	at io.grpc.stub.ServerCalls$UnaryServerCallHandler$UnaryServerCallListener.onHalfClose(ServerCalls.java:182)
	at io.grpc.PartialForwardingServerCallListener.onHalfClose(PartialForwardingServerCallListener.java:35)
	at io.grpc.ForwardingServerCallListener.onHalfClose(ForwardingServerCallListener.java:23)
	at io.grpc.ForwardingServerCallListener$SimpleForwardingServerCallListener.onHalfClose(ForwardingServerCallListener.java:40)
	at io.grpc.Contexts$ContextualizedServerCallListener.onHalfClose(Contexts.java:86)
	at io.grpc.PartialForwardingServerCallListener.onHalfClose(PartialForwardingServerCallListener.java:35)
	at io.grpc.ForwardingServerCallListener.onHalfClose(ForwardingServerCallListener.java:23)
	at io.grpc.ForwardingServerCallListener$SimpleForwardingServerCallListener.onHalfClose(ForwardingServerCallListener.java:40)
	at io.grpc.Contexts$ContextualizedServerCallListener.onHalfClose(Contexts.java:86)
	at io.grpc.internal.ServerCallImpl$ServerStreamListenerImpl.halfClosed(ServerCallImpl.java:356)
	at io.grpc.internal.ServerImpl$JumpToApplicationThreadServerStreamListener$1HalfClosed.runInContext(ServerImpl.java:861)
	at io.grpc.internal.ContextRunnable.run(ContextRunnable.java:37)
	at io.grpc.internal.SerializingExecutor.run(SerializingExecutor.java:133)
	at java.base/java.util.concurrent.ThreadPoolExecutor.runWorker(ThreadPoolExecutor.java:1144)
	at java.base/java.util.concurrent.ThreadPoolExecutor$Worker.run(ThreadPoolExecutor.java:642)
	at java.base/java.lang.Thread.run(Thread.java:1583)

 {"metadata":{"emulator":{"name":"firestore"},"message":"Sep 15, 2026 9:18:27 AM com.google.cloud.datastore.emulator.impl.util.WrappedStreamObserver onError\nWARNING: Operation failed: Document (projects/demo-lead-integration/databases/(default)/documents/leads/8763ea20c834844dd2d8c0ffc92815c13fe3c7514778c1b4706ac6a3ca3d0c3e) not found.\ncom.google.cloud.datastore.core.exception.DatastoreException: Document (projects/demo-lead-integration/databases/(default)/documents/leads/8763ea20c834844dd2d8c0ffc92815c13fe3c7514778c1b4706ac6a3ca3d0c3e) not found.\n\tat com.google.cloud.datastore.emulator.impl.firestore.CloudFirestoreV1.getDocument(CloudFirestoreV1.java:340)\n\tat com.google.cloud.datastore.emulator.impl.firestore.CloudFirestoreV1Router.getDocument(CloudFirestoreV1Router.java:132)\n\tat com.google.cloud.datastore.emulator.impl.firestore.CloudFirestoreV1Router.getOrListDocuments(CloudFirestoreV1Router.java:126)\n\tat com.google.cloud.datastore.emulator.firestore.v1.FirestoreV1GrpcAdapter$1.lambda$getOrListDocuments$0(FirestoreV1GrpcAdapter.java:108)\n\tat com.google.cloud.datastore.emulator.firestore.v1.FirestoreV1GrpcAdapter.unary(FirestoreV1GrpcAdapter.java:72)\n\tat com.google.cloud.datastore.emulator.firestore.v1.FirestoreV1GrpcAdapter$1.getOrListDocuments(FirestoreV1GrpcAdapter.java:108)\n\tat com.google.firestore.v1.FirestoreGrpc$MethodHandlers.invoke(FirestoreGrpc.java:1376)\n\tat io.grpc.stub.ServerCalls$UnaryServerCallHandler$UnaryServerCallListener.onHalfClose(ServerCalls.java:182)\n\tat io.grpc.PartialForwardingServerCallListener.onHalfClose(PartialForwardingServerCallListener.java:35)\n\tat io.grpc.ForwardingServerCallListener.onHalfClose(ForwardingServerCallListener.java:23)\n\tat io.grpc.ForwardingServerCallListener$SimpleForwardingServerCallListener.onHalfClose(ForwardingServerCallListener.java:40)\n\tat io.grpc.Contexts$ContextualizedServerCallListener.onHalfClose(Contexts.java:86)\n\tat io.grpc.PartialForwardingServerCallListener.onHalfClose(PartialForwardingServerCallListener.java:35)\n\tat io.grpc.ForwardingServerCallListener.onHalfClose(ForwardingServerCallListener.java:23)\n\tat io.grpc.ForwardingServerCallListener$SimpleForwardingServerCallListener.onHalfClose(ForwardingServerCallListener.java:40)\n\tat io.grpc.Contexts$ContextualizedServerCallListener.onHalfClose(Contexts.java:86)\n\tat io.grpc.internal.ServerCallImpl$ServerStreamListenerImpl.halfClosed(ServerCallImpl.java:356)\n\tat io.grpc.internal.ServerImpl$JumpToApplicationThreadServerStreamListener$1HalfClosed.runInContext(ServerImpl.java:861)\n\tat io.grpc.internal.ContextRunnable.run(ContextRunnable.java:37)\n\tat io.grpc.internal.SerializingExecutor.run(SerializingExecutor.java:133)\n\tat java.base/java.util.concurrent.ThreadPoolExecutor.runWorker(ThreadPoolExecutor.java:1144)\n\tat java.base/java.util.concurrent.ThreadPoolExecutor$Worker.run(ThreadPoolExecutor.java:642)\n\tat java.base/java.lang.Thread.run(Thread.java:1583)\n\n"}}
[debug] [2026-09-15T14:18:27.404Z] Sep 15, 2026 9:18:27 AM io.gapi.emulators.netty.HttpHandler$1 onError
INFO: Exception when handling request: NOT_FOUND: Document (projects/demo-lead-integration/databases/(default)/documents/leads/8763ea20c834844dd2d8c0ffc92815c13fe3c7514778c1b4706ac6a3ca3d0c3e) not found.
 {"metadata":{"emulator":{"name":"firestore"},"message":"Sep 15, 2026 9:18:27 AM io.gapi.emulators.netty.HttpHandler$1 onError\nINFO: Exception when handling request: NOT_FOUND: Document (projects/demo-lead-integration/databases/(default)/documents/leads/8763ea20c834844dd2d8c0ffc92815c13fe3c7514778c1b4706ac6a3ca3d0c3e) not found.\n"}}
[debug] [2026-09-15T14:18:27.405Z] Multiple projectIds are not recommended in single project mode. Requested project ID demo-lead-integration, but the emulator is configured for demo-not-the-rug. To opt-out of single project mode add/set the '"singleProjectMode": false' property in the firebase.json emulators config.
 {"metadata":{"emulator":{"name":"firestore"},"message":"Multiple projectIds are not recommended in single project mode. Requested project ID demo-lead-integration, but the emulator is configured for demo-not-the-rug. To opt-out of single project mode add/set the '\"singleProjectMode\": false' property in the firebase.json emulators config.\n"}}
[debug] [2026-09-15T14:18:27.407Z] Multiple projectIds are not recommended in single project mode. Requested project ID demo-lead-integration, but the emulator is configured for demo-not-the-rug. To opt-out of single project mode add/set the '"singleProjectMode": false' property in the firebase.json emulators config.
 {"metadata":{"emulator":{"name":"firestore"},"message":"Multiple projectIds are not recommended in single project mode. Requested project ID demo-lead-integration, but the emulator is configured for demo-not-the-rug. To opt-out of single project mode add/set the '\"singleProjectMode\": false' property in the firebase.json emulators config.\n"}}
[debug] [2026-09-15T14:18:27.409Z] Multiple projectIds are not recommended in single project mode. Requested project ID demo-lead-integration, but the emulator is configured for demo-not-the-rug. To opt-out of single project mode add/set the '"singleProjectMode": false' property in the firebase.json emulators config.
 {"metadata":{"emulator":{"name":"firestore"},"message":"Multiple projectIds are not recommended in single project mode. Requested project ID demo-lead-integration, but the emulator is configured for demo-not-the-rug. To opt-out of single project mode add/set the '\"singleProjectMode\": false' property in the firebase.json emulators config.\n"}}
[debug] [2026-09-15T14:18:27.411Z] Multiple projectIds are not recommended in single project mode. Requested project ID demo-lead-integration, but the emulator is configured for demo-not-the-rug. To opt-out of single project mode add/set the '"singleProjectMode": false' property in the firebase.json emulators config.
 {"metadata":{"emulator":{"name":"firestore"},"message":"Multiple projectIds are not recommended in single project mode. Requested project ID demo-lead-integration, but the emulator is configured for demo-not-the-rug. To opt-out of single project mode add/set the '\"singleProjectMode\": false' property in the firebase.json emulators config.\n"}}
[debug] [2026-09-15T14:18:27.411Z] Sep 15, 2026 9:18:27 AM com.google.cloud.datastore.emulator.impl.util.WrappedStreamObserver onError
WARNING: Operation failed: Document (projects/demo-lead-integration/databases/(default)/documents/leads/8763ea20c834844dd2d8c0ffc92815c13fe3c7514778c1b4706ac6a3ca3d0c3e) not found.
com.google.cloud.datastore.core.exception.DatastoreException: Document (projects/demo-lead-integration/databases/(default)/documents/leads/8763ea20c834844dd2d8c0ffc92815c13fe3c7514778c1b4706ac6a3ca3d0c3e) not found.
	at com.google.cloud.datastore.emulator.impl.firestore.CloudFirestoreV1.getDocument(CloudFirestoreV1.java:340)
	at com.google.cloud.datastore.emulator.impl.firestore.CloudFirestoreV1Router.getDocument(CloudFirestoreV1Router.java:132)
	at com.google.cloud.datastore.emulator.impl.firestore.CloudFirestoreV1Router.getOrListDocuments(CloudFirestoreV1Router.java:126)
	at com.google.cloud.datastore.emulator.firestore.v1.FirestoreV1GrpcAdapter$1.lambda$getOrListDocuments$0(FirestoreV1GrpcAdapter.java:108)
	at com.google.cloud.datastore.emulator.firestore.v1.FirestoreV1GrpcAdapter.unary(FirestoreV1GrpcAdapter.java:72)
	at com.google.cloud.datastore.emulator.firestore.v1.FirestoreV1GrpcAdapter$1.getOrListDocuments(FirestoreV1GrpcAdapter.java:108)
	at com.google.firestore.v1.FirestoreGrpc$MethodHandlers.invoke(FirestoreGrpc.java:1376)
	at io.grpc.stub.ServerCalls$UnaryServerCallHandler$UnaryServerCallListener.onHalfClose(ServerCalls.java:182)
	at io.grpc.PartialForwardingServerCallListener.onHalfClose(PartialForwardingServerCallListener.java:35)
	at io.grpc.ForwardingServerCallListener.onHalfClose(ForwardingServerCallListener.java:23)
	at io.grpc.ForwardingServerCallListener$SimpleForwardingServerCallListener.onHalfClose(ForwardingServerCallListener.java:40)
	at io.grpc.Contexts$ContextualizedServerCallListener.onHalfClose(Contexts.java:86)
	at io.grpc.PartialForwardingServerCallListener.onHalfClose(PartialForwardingServerCallListener.java:35)
	at io.grpc.ForwardingServerCallListener.onHalfClose(ForwardingServerCallListener.java:23)
	at io.grpc.ForwardingServerCallListener$SimpleForwardingServerCallListener.onHalfClose(ForwardingServerCallListener.java:40)
	at io.grpc.Contexts$ContextualizedServerCallListener.onHalfClose(Contexts.java:86)
	at io.grpc.internal.ServerCallImpl$ServerStreamListenerImpl.halfClosed(ServerCallImpl.java:356)
	at io.grpc.internal.ServerImpl$JumpToApplicationThreadServerStreamListener$1HalfClosed.runInContext(ServerImpl.java:861)
	at io.grpc.internal.ContextRunnable.run(ContextRunnable.java:37)
	at io.grpc.internal.SerializingExecutor.run(SerializingExecutor.java:133)
	at java.base/java.util.concurrent.ThreadPoolExecutor.runWorker(ThreadPoolExecutor.java:1144)
	at java.base/java.util.concurrent.ThreadPoolExecutor$Worker.run(ThreadPoolExecutor.java:642)
	at java.base/java.lang.Thread.run(Thread.java:1583)

 {"metadata":{"emulator":{"name":"firestore"},"message":"Sep 15, 2026 9:18:27 AM com.google.cloud.datastore.emulator.impl.util.WrappedStreamObserver onError\nWARNING: Operation failed: Document (projects/demo-lead-integration/databases/(default)/documents/leads/8763ea20c834844dd2d8c0ffc92815c13fe3c7514778c1b4706ac6a3ca3d0c3e) not found.\ncom.google.cloud.datastore.core.exception.DatastoreException: Document (projects/demo-lead-integration/databases/(default)/documents/leads/8763ea20c834844dd2d8c0ffc92815c13fe3c7514778c1b4706ac6a3ca3d0c3e) not found.\n\tat com.google.cloud.datastore.emulator.impl.firestore.CloudFirestoreV1.getDocument(CloudFirestoreV1.java:340)\n\tat com.google.cloud.datastore.emulator.impl.firestore.CloudFirestoreV1Router.getDocument(CloudFirestoreV1Router.java:132)\n\tat com.google.cloud.datastore.emulator.impl.firestore.CloudFirestoreV1Router.getOrListDocuments(CloudFirestoreV1Router.java:126)\n\tat com.google.cloud.datastore.emulator.firestore.v1.FirestoreV1GrpcAdapter$1.lambda$getOrListDocuments$0(FirestoreV1GrpcAdapter.java:108)\n\tat com.google.cloud.datastore.emulator.firestore.v1.FirestoreV1GrpcAdapter.unary(FirestoreV1GrpcAdapter.java:72)\n\tat com.google.cloud.datastore.emulator.firestore.v1.FirestoreV1GrpcAdapter$1.getOrListDocuments(FirestoreV1GrpcAdapter.java:108)\n\tat com.google.firestore.v1.FirestoreGrpc$MethodHandlers.invoke(FirestoreGrpc.java:1376)\n\tat io.grpc.stub.ServerCalls$UnaryServerCallHandler$UnaryServerCallListener.onHalfClose(ServerCalls.java:182)\n\tat io.grpc.PartialForwardingServerCallListener.onHalfClose(PartialForwardingServerCallListener.java:35)\n\tat io.grpc.ForwardingServerCallListener.onHalfClose(ForwardingServerCallListener.java:23)\n\tat io.grpc.ForwardingServerCallListener$SimpleForwardingServerCallListener.onHalfClose(ForwardingServerCallListener.java:40)\n\tat io.grpc.Contexts$ContextualizedServerCallListener.onHalfClose(Contexts.java:86)\n\tat io.grpc.PartialForwardingServerCallListener.onHalfClose(PartialForwardingServerCallListener.java:35)\n\tat io.grpc.ForwardingServerCallListener.onHalfClose(ForwardingServerCallListener.java:23)\n\tat io.grpc.ForwardingServerCallListener$SimpleForwardingServerCallListener.onHalfClose(ForwardingServerCallListener.java:40)\n\tat io.grpc.Contexts$ContextualizedServerCallListener.onHalfClose(Contexts.java:86)\n\tat io.grpc.internal.ServerCallImpl$ServerStreamListenerImpl.halfClosed(ServerCallImpl.java:356)\n\tat io.grpc.internal.ServerImpl$JumpToApplicationThreadServerStreamListener$1HalfClosed.runInContext(ServerImpl.java:861)\n\tat io.grpc.internal.ContextRunnable.run(ContextRunnable.java:37)\n\tat io.grpc.internal.SerializingExecutor.run(SerializingExecutor.java:133)\n\tat java.base/java.util.concurrent.ThreadPoolExecutor.runWorker(ThreadPoolExecutor.java:1144)\n\tat java.base/java.util.concurrent.ThreadPoolExecutor$Worker.run(ThreadPoolExecutor.java:642)\n\tat java.base/java.lang.Thread.run(Thread.java:1583)\n\n"}}
[debug] [2026-09-15T14:18:27.411Z] Sep 15, 2026 9:18:27 AM io.gapi.emulators.netty.HttpHandler$1 onError
INFO: Exception when handling request: NOT_FOUND: Document (projects/demo-lead-integration/databases/(default)/documents/leads/8763ea20c834844dd2d8c0ffc92815c13fe3c7514778c1b4706ac6a3ca3d0c3e) not found.
 {"metadata":{"emulator":{"name":"firestore"},"message":"Sep 15, 2026 9:18:27 AM io.gapi.emulators.netty.HttpHandler$1 onError\nINFO: Exception when handling request: NOT_FOUND: Document (projects/demo-lead-integration/databases/(default)/documents/leads/8763ea20c834844dd2d8c0ffc92815c13fe3c7514778c1b4706ac6a3ca3d0c3e) not found.\n"}}
[debug] [2026-09-15T14:18:27.412Z] Multiple projectIds are not recommended in single project mode. Requested project ID demo-lead-integration, but the emulator is configured for demo-not-the-rug. To opt-out of single project mode add/set the '"singleProjectMode": false' property in the firebase.json emulators config.
 {"metadata":{"emulator":{"name":"firestore"},"message":"Multiple projectIds are not recommended in single project mode. Requested project ID demo-lead-integration, but the emulator is configured for demo-not-the-rug. To opt-out of single project mode add/set the '\"singleProjectMode\": false' property in the firebase.json emulators config.\n"}}
[debug] [2026-09-15T14:18:27.413Z] Sep 15, 2026 9:18:27 AM com.google.cloud.datastore.emulator.impl.util.WrappedStreamObserver onError
WARNING: Operation failed: entity already exists: EntityRef[partitionRef=dev~demo-lead-integration, path=/leads/cdc2b3ef7388374b22d4a13806ced0862b7f20caf13fc1d0b889674b50b91343]
com.google.cloud.datastore.core.exception.DatastoreException: entity already exists: EntityRef[partitionRef=dev~demo-lead-integration, path=/leads/cdc2b3ef7388374b22d4a13806ced0862b7f20caf13fc1d0b889674b50b91343]
	at com.google.cloud.datastore.core.exception.DatastoreException.withProblem(DatastoreException.java:352)
	at com.google.cloud.datastore.emulator.impl.util.FirestoreEmulatorConverters.alreadyExists(FirestoreEmulatorConverters.java:748)
	at com.google.cloud.datastore.emulator.impl.util.FirestoreEmulatorConverters.checkMutation(FirestoreEmulatorConverters.java:214)
	at com.google.cloud.datastore.emulator.impl.firestore.FirestoreEmulatorHelper.commitHelper(FirestoreEmulatorHelper.java:390)
	at com.google.cloud.datastore.emulator.impl.firestore.FirestoreEmulatorHelper.internalCommit(FirestoreEmulatorHelper.java:339)
	at com.google.cloud.datastore.emulator.impl.firestore.CloudFirestoreV1.internalCommit(CloudFirestoreV1.java:1243)
	at com.google.cloud.datastore.emulator.impl.firestore.CloudFirestoreV1.createDocument(CloudFirestoreV1.java:450)
	at com.google.cloud.datastore.emulator.impl.firestore.CloudFirestoreV1Router.createDocument(CloudFirestoreV1Router.java:146)
	at com.google.cloud.datastore.emulator.firestore.v1.FirestoreV1GrpcAdapter$1.lambda$createDocument$0(FirestoreV1GrpcAdapter.java:126)
	at com.google.cloud.datastore.emulator.firestore.v1.FirestoreV1GrpcAdapter.unary(FirestoreV1GrpcAdapter.java:72)
	at com.google.cloud.datastore.emulator.firestore.v1.FirestoreV1GrpcAdapter$1.createDocument(FirestoreV1GrpcAdapter.java:126)
	at com.google.firestore.v1.FirestoreGrpc$MethodHandlers.invoke(FirestoreGrpc.java:1436)
	at io.grpc.stub.ServerCalls$UnaryServerCallHandler$UnaryServerCallListener.onHalfClose(ServerCalls.java:182)
	at io.grpc.PartialForwardingServerCallListener.onHalfClose(PartialForwardingServerCallListener.java:35)
	at io.grpc.ForwardingServerCallListener.onHalfClose(ForwardingServerCallListener.java:23)
	at io.grpc.ForwardingServerCallListener$SimpleForwardingServerCallListener.onHalfClose(ForwardingServerCallListener.java:40)
	at io.grpc.Contexts$ContextualizedServerCallListener.onHalfClose(Contexts.java:86)
	at io.grpc.PartialForwardingServerCallListener.onHalfClose(PartialForwardingServerCallListener.java:35)
	at io.grpc.ForwardingServerCallListener.onHalfClose(ForwardingServerCallListener.java:23)
	at io.grpc.ForwardingServerCallListener$SimpleForwardingServerCallListener.onHalfClose(ForwardingServerCallListener.java:40)
	at io.grpc.Contexts$ContextualizedServerCallListener.onHalfClose(Contexts.java:86)
	at io.grpc.internal.ServerCallImpl$ServerStreamListenerImpl.halfClosed(ServerCallImpl.java:356)
	at io.grpc.internal.ServerImpl$JumpToApplicationThreadServerStreamListener$1HalfClosed.runInContext(ServerImpl.java:861)
	at io.grpc.internal.ContextRunnable.run(ContextRunnable.java:37)
	at io.grpc.internal.SerializingExecutor.run(SerializingExecutor.java:133)
	at java.base/java.util.concurrent.ThreadPoolExecutor.runWorker(ThreadPoolExecutor.java:1144)
	at java.base/java.util.concurrent.ThreadPoolExecutor$Worker.run(ThreadPoolExecutor.java:642)
	at java.base/java.lang.Thread.run(Thread.java:1583)

 {"metadata":{"emulator":{"name":"firestore"},"message":"Sep 15, 2026 9:18:27 AM com.google.cloud.datastore.emulator.impl.util.WrappedStreamObserver onError\nWARNING: Operation failed: entity already exists: EntityRef[partitionRef=dev~demo-lead-integration, path=/leads/cdc2b3ef7388374b22d4a13806ced0862b7f20caf13fc1d0b889674b50b91343]\ncom.google.cloud.datastore.core.exception.DatastoreException: entity already exists: EntityRef[partitionRef=dev~demo-lead-integration, path=/leads/cdc2b3ef7388374b22d4a13806ced0862b7f20caf13fc1d0b889674b50b91343]\n\tat com.google.cloud.datastore.core.exception.DatastoreException.withProblem(DatastoreException.java:352)\n\tat com.google.cloud.datastore.emulator.impl.util.FirestoreEmulatorConverters.alreadyExists(FirestoreEmulatorConverters.java:748)\n\tat com.google.cloud.datastore.emulator.impl.util.FirestoreEmulatorConverters.checkMutation(FirestoreEmulatorConverters.java:214)\n\tat com.google.cloud.datastore.emulator.impl.firestore.FirestoreEmulatorHelper.commitHelper(FirestoreEmulatorHelper.java:390)\n\tat com.google.cloud.datastore.emulator.impl.firestore.FirestoreEmulatorHelper.internalCommit(FirestoreEmulatorHelper.java:339)\n\tat com.google.cloud.datastore.emulator.impl.firestore.CloudFirestoreV1.internalCommit(CloudFirestoreV1.java:1243)\n\tat com.google.cloud.datastore.emulator.impl.firestore.CloudFirestoreV1.createDocument(CloudFirestoreV1.java:450)\n\tat com.google.cloud.datastore.emulator.impl.firestore.CloudFirestoreV1Router.createDocument(CloudFirestoreV1Router.java:146)\n\tat com.google.cloud.datastore.emulator.firestore.v1.FirestoreV1GrpcAdapter$1.lambda$createDocument$0(FirestoreV1GrpcAdapter.java:126)\n\tat com.google.cloud.datastore.emulator.firestore.v1.FirestoreV1GrpcAdapter.unary(FirestoreV1GrpcAdapter.java:72)\n\tat com.google.cloud.datastore.emulator.firestore.v1.FirestoreV1GrpcAdapter$1.createDocument(FirestoreV1GrpcAdapter.java:126)\n\tat com.google.firestore.v1.FirestoreGrpc$MethodHandlers.invoke(FirestoreGrpc.java:1436)\n\tat io.grpc.stub.ServerCalls$UnaryServerCallHandler$UnaryServerCallListener.onHalfClose(ServerCalls.java:182)\n\tat io.grpc.PartialForwardingServerCallListener.onHalfClose(PartialForwardingServerCallListener.java:35)\n\tat io.grpc.ForwardingServerCallListener.onHalfClose(ForwardingServerCallListener.java:23)\n\tat io.grpc.ForwardingServerCallListener$SimpleForwardingServerCallListener.onHalfClose(ForwardingServerCallListener.java:40)\n\tat io.grpc.Contexts$ContextualizedServerCallListener.onHalfClose(Contexts.java:86)\n\tat io.grpc.PartialForwardingServerCallListener.onHalfClose(PartialForwardingServerCallListener.java:35)\n\tat io.grpc.ForwardingServerCallListener.onHalfClose(ForwardingServerCallListener.java:23)\n\tat io.grpc.ForwardingServerCallListener$SimpleForwardingServerCallListener.onHalfClose(ForwardingServerCallListener.java:40)\n\tat io.grpc.Contexts$ContextualizedServerCallListener.onHalfClose(Contexts.java:86)\n\tat io.grpc.internal.ServerCallImpl$ServerStreamListenerImpl.halfClosed(ServerCallImpl.java:356)\n\tat io.grpc.internal.ServerImpl$JumpToApplicationThreadServerStreamListener$1HalfClosed.runInContext(ServerImpl.java:861)\n\tat io.grpc.internal.ContextRunnable.run(ContextRunnable.java:37)\n\tat io.grpc.internal.SerializingExecutor.run(SerializingExecutor.java:133)\n\tat java.base/java.util.concurrent.ThreadPoolExecutor.runWorker(ThreadPoolExecutor.java:1144)\n\tat java.base/java.util.concurrent.ThreadPoolExecutor$Worker.run(ThreadPoolExecutor.java:642)\n\tat java.base/java.lang.Thread.run(Thread.java:1583)\n\n"}}
[debug] [2026-09-15T14:18:27.413Z] Sep 15, 2026 9:18:27 AM io.gapi.emulators.netty.HttpHandler$1 onError
INFO: Exception when handling request: ALREADY_EXISTS: entity already exists: EntityRef[partitionRef=dev~demo-lead-integration, path=/leads/cdc2b3ef7388374b22d4a13806ced0862b7f20caf13fc1d0b889674b50b91343]
 {"metadata":{"emulator":{"name":"firestore"},"message":"Sep 15, 2026 9:18:27 AM io.gapi.emulators.netty.HttpHandler$1 onError\nINFO: Exception when handling request: ALREADY_EXISTS: entity already exists: EntityRef[partitionRef=dev~demo-lead-integration, path=/leads/cdc2b3ef7388374b22d4a13806ced0862b7f20caf13fc1d0b889674b50b91343]\n"}}
[debug] [2026-09-15T14:18:27.414Z] Multiple projectIds are not recommended in single project mode. Requested project ID demo-lead-integration, but the emulator is configured for demo-not-the-rug. To opt-out of single project mode add/set the '"singleProjectMode": false' property in the firebase.json emulators config.
 {"metadata":{"emulator":{"name":"firestore"},"message":"Multiple projectIds are not recommended in single project mode. Requested project ID demo-lead-integration, but the emulator is configured for demo-not-the-rug. To opt-out of single project mode add/set the '\"singleProjectMode\": false' property in the firebase.json emulators config.\n"}}
[debug] [2026-09-15T14:18:27.415Z] Multiple projectIds are not recommended in single project mode. Requested project ID demo-lead-integration, but the emulator is configured for demo-not-the-rug. To opt-out of single project mode add/set the '"singleProjectMode": false' property in the firebase.json emulators config.
 {"metadata":{"emulator":{"name":"firestore"},"message":"Multiple projectIds are not recommended in single project mode. Requested project ID demo-lead-integration, but the emulator is configured for demo-not-the-rug. To opt-out of single project mode add/set the '\"singleProjectMode\": false' property in the firebase.json emulators config.\n"}}
[debug] [2026-09-15T14:18:27.417Z] Multiple projectIds are not recommended in single project mode. Requested project ID demo-lead-integration, but the emulator is configured for demo-not-the-rug. To opt-out of single project mode add/set the '"singleProjectMode": false' property in the firebase.json emulators config.
 {"metadata":{"emulator":{"name":"firestore"},"message":"Multiple projectIds are not recommended in single project mode. Requested project ID demo-lead-integration, but the emulator is configured for demo-not-the-rug. To opt-out of single project mode add/set the '\"singleProjectMode\": false' property in the firebase.json emulators config.\n"}}
[debug] [2026-09-15T14:18:27.419Z] Sep 15, 2026 9:18:27 AM io.gapi.emulators.netty.HttpVersionRoutingHandler channelRead
INFO: Detected non-HTTP/2 connection.
 {"metadata":{"emulator":{"name":"firestore"},"message":"Sep 15, 2026 9:18:27 AM io.gapi.emulators.netty.HttpVersionRoutingHandler channelRead\nINFO: Detected non-HTTP/2 connection.\n"}}
[debug] [2026-09-15T14:18:27.419Z] Multiple projectIds are not recommended in single project mode. Requested project ID demo-lead-integration, but the emulator is configured for demo-not-the-rug. To opt-out of single project mode add/set the '"singleProjectMode": false' property in the firebase.json emulators config.
 {"metadata":{"emulator":{"name":"firestore"},"message":"Multiple projectIds are not recommended in single project mode. Requested project ID demo-lead-integration, but the emulator is configured for demo-not-the-rug. To opt-out of single project mode add/set the '\"singleProjectMode\": false' property in the firebase.json emulators config.\n"}}
[debug] [2026-09-15T14:18:27.420Z] Multiple projectIds are not recommended in single project mode. Requested project ID demo-lead-integration, but the emulator is configured for demo-not-the-rug. To opt-out of single project mode add/set the '"singleProjectMode": false' property in the firebase.json emulators config.
 {"metadata":{"emulator":{"name":"firestore"},"message":"Multiple projectIds are not recommended in single project mode. Requested project ID demo-lead-integration, but the emulator is configured for demo-not-the-rug. To opt-out of single project mode add/set the '\"singleProjectMode\": false' property in the firebase.json emulators config.\n"}}
[debug] [2026-09-15T14:18:27.421Z] Multiple projectIds are not recommended in single project mode. Requested project ID demo-lead-integration, but the emulator is configured for demo-not-the-rug. To opt-out of single project mode add/set the '"singleProjectMode": false' property in the firebase.json emulators config.
 {"metadata":{"emulator":{"name":"firestore"},"message":"Multiple projectIds are not recommended in single project mode. Requested project ID demo-lead-integration, but the emulator is configured for demo-not-the-rug. To opt-out of single project mode add/set the '\"singleProjectMode\": false' property in the firebase.json emulators config.\n"}}
[debug] [2026-09-15T14:18:27.422Z] Sep 15, 2026 9:18:27 AM com.google.cloud.datastore.emulator.impl.util.WrappedStreamObserver onError
WARNING: Operation failed: Document (projects/demo-lead-integration/databases/(default)/documents/leads/bc48692c44bde28ac6676d30524b391c81c2abb75db8e331870b24e1367d7693) not found.
com.google.cloud.datastore.core.exception.DatastoreException: Document (projects/demo-lead-integration/databases/(default)/documents/leads/bc48692c44bde28ac6676d30524b391c81c2abb75db8e331870b24e1367d7693) not found.
	at com.google.cloud.datastore.emulator.impl.firestore.CloudFirestoreV1.getDocument(CloudFirestoreV1.java:340)
	at com.google.cloud.datastore.emulator.impl.firestore.CloudFirestoreV1Router.getDocument(CloudFirestoreV1Router.java:132)
	at com.google.cloud.datastore.emulator.impl.firestore.CloudFirestoreV1Router.getOrListDocuments(CloudFirestoreV1Router.java:126)
	at com.google.cloud.datastore.emulator.firestore.v1.FirestoreV1GrpcAdapter$1.lambda$getOrListDocuments$0(FirestoreV1GrpcAdapter.java:108)
	at com.google.cloud.datastore.emulator.firestore.v1.FirestoreV1GrpcAdapter.unary(FirestoreV1GrpcAdapter.java:72)
	at com.google.cloud.datastore.emulator.firestore.v1.FirestoreV1GrpcAdapter$1.getOrListDocuments(FirestoreV1GrpcAdapter.java:108)
	at com.google.firestore.v1.FirestoreGrpc$MethodHandlers.invoke(FirestoreGrpc.java:1376)
	at io.grpc.stub.ServerCalls$UnaryServerCallHandler$UnaryServerCallListener.onHalfClose(ServerCalls.java:182)
	at io.grpc.PartialForwardingServerCallListener.onHalfClose(PartialForwardingServerCallListener.java:35)
	at io.grpc.ForwardingServerCallListener.onHalfClose(ForwardingServerCallListener.java:23)
	at io.grpc.ForwardingServerCallListener$SimpleForwardingServerCallListener.onHalfClose(ForwardingServerCallListener.java:40)
	at io.grpc.Contexts$ContextualizedServerCallListener.onHalfClose(Contexts.java:86)
	at io.grpc.PartialForwardingServerCallListener.onHalfClose(PartialForwardingServerCallListener.java:35)
	at io.grpc.ForwardingServerCallListener.onHalfClose(ForwardingServerCallListener.java:23)
	at io.grpc.ForwardingServerCallListener$SimpleForwardingServerCallListener.onHalfClose(ForwardingServerCallListener.java:40)
	at io.grpc.Contexts$ContextualizedServerCallListener.onHalfClose(Contexts.java:86)
	at io.grpc.internal.ServerCallImpl$ServerStreamListenerImpl.halfClosed(ServerCallImpl.java:356)
	at io.grpc.internal.ServerImpl$JumpToApplicationThreadServerStreamListener$1HalfClosed.runInContext(ServerImpl.java:861)
	at io.grpc.internal.ContextRunnable.run(ContextRunnable.java:37)
	at io.grpc.internal.SerializingExecutor.run(SerializingExecutor.java:133)
	at java.base/java.util.concurrent.ThreadPoolExecutor.runWorker(ThreadPoolExecutor.java:1144)
	at java.base/java.util.concurrent.ThreadPoolExecutor$Worker.run(ThreadPoolExecutor.java:642)
	at java.base/java.lang.Thread.run(Thread.java:1583)

 {"metadata":{"emulator":{"name":"firestore"},"message":"Sep 15, 2026 9:18:27 AM com.google.cloud.datastore.emulator.impl.util.WrappedStreamObserver onError\nWARNING: Operation failed: Document (projects/demo-lead-integration/databases/(default)/documents/leads/bc48692c44bde28ac6676d30524b391c81c2abb75db8e331870b24e1367d7693) not found.\ncom.google.cloud.datastore.core.exception.DatastoreException: Document (projects/demo-lead-integration/databases/(default)/documents/leads/bc48692c44bde28ac6676d30524b391c81c2abb75db8e331870b24e1367d7693) not found.\n\tat com.google.cloud.datastore.emulator.impl.firestore.CloudFirestoreV1.getDocument(CloudFirestoreV1.java:340)\n\tat com.google.cloud.datastore.emulator.impl.firestore.CloudFirestoreV1Router.getDocument(CloudFirestoreV1Router.java:132)\n\tat com.google.cloud.datastore.emulator.impl.firestore.CloudFirestoreV1Router.getOrListDocuments(CloudFirestoreV1Router.java:126)\n\tat com.google.cloud.datastore.emulator.firestore.v1.FirestoreV1GrpcAdapter$1.lambda$getOrListDocuments$0(FirestoreV1GrpcAdapter.java:108)\n\tat com.google.cloud.datastore.emulator.firestore.v1.FirestoreV1GrpcAdapter.unary(FirestoreV1GrpcAdapter.java:72)\n\tat com.google.cloud.datastore.emulator.firestore.v1.FirestoreV1GrpcAdapter$1.getOrListDocuments(FirestoreV1GrpcAdapter.java:108)\n\tat com.google.firestore.v1.FirestoreGrpc$MethodHandlers.invoke(FirestoreGrpc.java:1376)\n\tat io.grpc.stub.ServerCalls$UnaryServerCallHandler$UnaryServerCallListener.onHalfClose(ServerCalls.java:182)\n\tat io.grpc.PartialForwardingServerCallListener.onHalfClose(PartialForwardingServerCallListener.java:35)\n\tat io.grpc.ForwardingServerCallListener.onHalfClose(ForwardingServerCallListener.java:23)\n\tat io.grpc.ForwardingServerCallListener$SimpleForwardingServerCallListener.onHalfClose(ForwardingServerCallListener.java:40)\n\tat io.grpc.Contexts$ContextualizedServerCallListener.onHalfClose(Contexts.java:86)\n\tat io.grpc.PartialForwardingServerCallListener.onHalfClose(PartialForwardingServerCallListener.java:35)\n\tat io.grpc.ForwardingServerCallListener.onHalfClose(ForwardingServerCallListener.java:23)\n\tat io.grpc.ForwardingServerCallListener$SimpleForwardingServerCallListener.onHalfClose(ForwardingServerCallListener.java:40)\n\tat io.grpc.Contexts$ContextualizedServerCallListener.onHalfClose(Contexts.java:86)\n\tat io.grpc.internal.ServerCallImpl$ServerStreamListenerImpl.halfClosed(ServerCallImpl.java:356)\n\tat io.grpc.internal.ServerImpl$JumpToApplicationThreadServerStreamListener$1HalfClosed.runInContext(ServerImpl.java:861)\n\tat io.grpc.internal.ContextRunnable.run(ContextRunnable.java:37)\n\tat io.grpc.internal.SerializingExecutor.run(SerializingExecutor.java:133)\n\tat java.base/java.util.concurrent.ThreadPoolExecutor.runWorker(ThreadPoolExecutor.java:1144)\n\tat java.base/java.util.concurrent.ThreadPoolExecutor$Worker.run(ThreadPoolExecutor.java:642)\n\tat java.base/java.lang.Thread.run(Thread.java:1583)\n\n"}}
[debug] [2026-09-15T14:18:27.422Z] Sep 15, 2026 9:18:27 AM io.gapi.emulators.netty.HttpHandler$1 onError
INFO: Exception when handling request: NOT_FOUND: Document (projects/demo-lead-integration/databases/(default)/documents/leads/bc48692c44bde28ac6676d30524b391c81c2abb75db8e331870b24e1367d7693) not found.
 {"metadata":{"emulator":{"name":"firestore"},"message":"Sep 15, 2026 9:18:27 AM io.gapi.emulators.netty.HttpHandler$1 onError\nINFO: Exception when handling request: NOT_FOUND: Document (projects/demo-lead-integration/databases/(default)/documents/leads/bc48692c44bde28ac6676d30524b391c81c2abb75db8e331870b24e1367d7693) not found.\n"}}
[debug] [2026-09-15T14:18:27.422Z] Multiple projectIds are not recommended in single project mode. Requested project ID demo-lead-integration, but the emulator is configured for demo-not-the-rug. To opt-out of single project mode add/set the '"singleProjectMode": false' property in the firebase.json emulators config.
 {"metadata":{"emulator":{"name":"firestore"},"message":"Multiple projectIds are not recommended in single project mode. Requested project ID demo-lead-integration, but the emulator is configured for demo-not-the-rug. To opt-out of single project mode add/set the '\"singleProjectMode\": false' property in the firebase.json emulators config.\n"}}
[debug] [2026-09-15T14:18:27.422Z] Sep 15, 2026 9:18:27 AM com.google.cloud.datastore.emulator.impl.util.WrappedStreamObserver onError
WARNING: Operation failed: Document (projects/demo-lead-integration/databases/(default)/documents/leads/bc48692c44bde28ac6676d30524b391c81c2abb75db8e331870b24e1367d7693) not found.
com.google.cloud.datastore.core.exception.DatastoreException: Document (projects/demo-lead-integration/databases/(default)/documents/leads/bc48692c44bde28ac6676d30524b391c81c2abb75db8e331870b24e1367d7693) not found.
	at com.google.cloud.datastore.emulator.impl.firestore.CloudFirestoreV1.getDocument(CloudFirestoreV1.java:340)
	at com.google.cloud.datastore.emulator.impl.firestore.CloudFirestoreV1Router.getDocument(CloudFirestoreV1Router.java:132)
	at com.google.cloud.datastore.emulator.impl.firestore.CloudFirestoreV1Router.getOrListDocuments(CloudFirestoreV1Router.java:126)
	at com.google.cloud.datastore.emulator.firestore.v1.FirestoreV1GrpcAdapter$1.lambda$getOrListDocuments$0(FirestoreV1GrpcAdapter.java:108)
	at com.google.cloud.datastore.emulator.firestore.v1.FirestoreV1GrpcAdapter.unary(FirestoreV1GrpcAdapter.java:72)
	at com.google.cloud.datastore.emulator.firestore.v1.FirestoreV1GrpcAdapter$1.getOrListDocuments(FirestoreV1GrpcAdapter.java:108)
	at com.google.firestore.v1.FirestoreGrpc$MethodHandlers.invoke(FirestoreGrpc.java:1376)
	at io.grpc.stub.ServerCalls$UnaryServerCallHandler$UnaryServerCallListener.onHalfClose(ServerCalls.java:182)
	at io.grpc.PartialForwardingServerCallListener.onHalfClose(PartialForwardingServerCallListener.java:35)
	at io.grpc.ForwardingServerCallListener.onHalfClose(ForwardingServerCallListener.java:23)
	at io.grpc.ForwardingServerCallListener$SimpleForwardingServerCallListener.onHalfClose(ForwardingServerCallListener.java:40)
	at io.grpc.Contexts$ContextualizedServerCallListener.onHalfClose(Contexts.java:86)
	at io.grpc.PartialForwardingServerCallListener.onHalfClose(PartialForwardingServerCallListener.java:35)
	at io.grpc.ForwardingServerCallListener.onHalfClose(ForwardingServerCallListener.java:23)
	at io.grpc.ForwardingServerCallListener$SimpleForwardingServerCallListener.onHalfClose(ForwardingServerCallListener.java:40)
	at io.grpc.Contexts$ContextualizedServerCallListener.onHalfClose(Contexts.java:86)
	at io.grpc.internal.ServerCallImpl$ServerStreamListenerImpl.halfClosed(ServerCallImpl.java:356)
	at io.grpc.internal.ServerImpl$JumpToApplicationThreadServerStreamListener$1HalfClosed.runInContext(ServerImpl.java:861)
	at io.grpc.internal.ContextRunnable.run(ContextRunnable.java:37)
	at io.grpc.internal.SerializingExecutor.run(SerializingExecutor.java:133)
	at java.base/java.util.concurrent.ThreadPoolExecutor.runWorker(ThreadPoolExecutor.java:1144)
	at java.base/java.util.concurrent.ThreadPoolExecutor$Worker.run(ThreadPoolExecutor.java:642)
	at java.base/java.lang.Thread.run(Thread.java:1583)

 {"metadata":{"emulator":{"name":"firestore"},"message":"Sep 15, 2026 9:18:27 AM com.google.cloud.datastore.emulator.impl.util.WrappedStreamObserver onError\nWARNING: Operation failed: Document (projects/demo-lead-integration/databases/(default)/documents/leads/bc48692c44bde28ac6676d30524b391c81c2abb75db8e331870b24e1367d7693) not found.\ncom.google.cloud.datastore.core.exception.DatastoreException: Document (projects/demo-lead-integration/databases/(default)/documents/leads/bc48692c44bde28ac6676d30524b391c81c2abb75db8e331870b24e1367d7693) not found.\n\tat com.google.cloud.datastore.emulator.impl.firestore.CloudFirestoreV1.getDocument(CloudFirestoreV1.java:340)\n\tat com.google.cloud.datastore.emulator.impl.firestore.CloudFirestoreV1Router.getDocument(CloudFirestoreV1Router.java:132)\n\tat com.google.cloud.datastore.emulator.impl.firestore.CloudFirestoreV1Router.getOrListDocuments(CloudFirestoreV1Router.java:126)\n\tat com.google.cloud.datastore.emulator.firestore.v1.FirestoreV1GrpcAdapter$1.lambda$getOrListDocuments$0(FirestoreV1GrpcAdapter.java:108)\n\tat com.google.cloud.datastore.emulator.firestore.v1.FirestoreV1GrpcAdapter.unary(FirestoreV1GrpcAdapter.java:72)\n\tat com.google.cloud.datastore.emulator.firestore.v1.FirestoreV1GrpcAdapter$1.getOrListDocuments(FirestoreV1GrpcAdapter.java:108)\n\tat com.google.firestore.v1.FirestoreGrpc$MethodHandlers.invoke(FirestoreGrpc.java:1376)\n\tat io.grpc.stub.ServerCalls$UnaryServerCallHandler$UnaryServerCallListener.onHalfClose(ServerCalls.java:182)\n\tat io.grpc.PartialForwardingServerCallListener.onHalfClose(PartialForwardingServerCallListener.java:35)\n\tat io.grpc.ForwardingServerCallListener.onHalfClose(ForwardingServerCallListener.java:23)\n\tat io.grpc.ForwardingServerCallListener$SimpleForwardingServerCallListener.onHalfClose(ForwardingServerCallListener.java:40)\n\tat io.grpc.Contexts$ContextualizedServerCallListener.onHalfClose(Contexts.java:86)\n\tat io.grpc.PartialForwardingServerCallListener.onHalfClose(PartialForwardingServerCallListener.java:35)\n\tat io.grpc.ForwardingServerCallListener.onHalfClose(ForwardingServerCallListener.java:23)\n\tat io.grpc.ForwardingServerCallListener$SimpleForwardingServerCallListener.onHalfClose(ForwardingServerCallListener.java:40)\n\tat io.grpc.Contexts$ContextualizedServerCallListener.onHalfClose(Contexts.java:86)\n\tat io.grpc.internal.ServerCallImpl$ServerStreamListenerImpl.halfClosed(ServerCallImpl.java:356)\n\tat io.grpc.internal.ServerImpl$JumpToApplicationThreadServerStreamListener$1HalfClosed.runInContext(ServerImpl.java:861)\n\tat io.grpc.internal.ContextRunnable.run(ContextRunnable.java:37)\n\tat io.grpc.internal.SerializingExecutor.run(SerializingExecutor.java:133)\n\tat java.base/java.util.concurrent.ThreadPoolExecutor.runWorker(ThreadPoolExecutor.java:1144)\n\tat java.base/java.util.concurrent.ThreadPoolExecutor$Worker.run(ThreadPoolExecutor.java:642)\n\tat java.base/java.lang.Thread.run(Thread.java:1583)\n\n"}}
[debug] [2026-09-15T14:18:27.422Z] Sep 15, 2026 9:18:27 AM io.gapi.emulators.netty.HttpHandler$1 onError
INFO: Exception when handling request: NOT_FOUND: Document (projects/demo-lead-integration/databases/(default)/documents/leads/bc48692c44bde28ac6676d30524b391c81c2abb75db8e331870b24e1367d7693) not found.
 {"metadata":{"emulator":{"name":"firestore"},"message":"Sep 15, 2026 9:18:27 AM io.gapi.emulators.netty.HttpHandler$1 onError\nINFO: Exception when handling request: NOT_FOUND: Document (projects/demo-lead-integration/databases/(default)/documents/leads/bc48692c44bde28ac6676d30524b391c81c2abb75db8e331870b24e1367d7693) not found.\n"}}
[debug] [2026-09-15T14:18:27.423Z] Multiple projectIds are not recommended in single project mode. Requested project ID demo-lead-integration, but the emulator is configured for demo-not-the-rug. To opt-out of single project mode add/set the '"singleProjectMode": false' property in the firebase.json emulators config.
 {"metadata":{"emulator":{"name":"firestore"},"message":"Multiple projectIds are not recommended in single project mode. Requested project ID demo-lead-integration, but the emulator is configured for demo-not-the-rug. To opt-out of single project mode add/set the '\"singleProjectMode\": false' property in the firebase.json emulators config.\n"}}
[debug] [2026-09-15T14:18:27.423Z] Multiple projectIds are not recommended in single project mode. Requested project ID demo-lead-integration, but the emulator is configured for demo-not-the-rug. To opt-out of single project mode add/set the '"singleProjectMode": false' property in the firebase.json emulators config.
 {"metadata":{"emulator":{"name":"firestore"},"message":"Multiple projectIds are not recommended in single project mode. Requested project ID demo-lead-integration, but the emulator is configured for demo-not-the-rug. To opt-out of single project mode add/set the '\"singleProjectMode\": false' property in the firebase.json emulators config.\n"}}
[debug] [2026-09-15T14:18:27.424Z] Sep 15, 2026 9:18:27 AM com.google.cloud.datastore.emulator.impl.util.WrappedStreamObserver onError
WARNING: Operation failed: entity already exists: EntityRef[partitionRef=dev~demo-lead-integration, path=/leads/7556115e84fb1b8c5799d34414760b71b319480cd2c824d6bc4bb48867fb8ad5]
com.google.cloud.datastore.core.exception.DatastoreException: entity already exists: EntityRef[partitionRef=dev~demo-lead-integration, path=/leads/7556115e84fb1b8c5799d34414760b71b319480cd2c824d6bc4bb48867fb8ad5]
	at com.google.cloud.datastore.core.exception.DatastoreException.withProblem(DatastoreException.java:352)
	at com.google.cloud.datastore.emulator.impl.util.FirestoreEmulatorConverters.alreadyExists(FirestoreEmulatorConverters.java:748)
	at com.google.cloud.datastore.emulator.impl.util.FirestoreEmulatorConverters.checkMutation(FirestoreEmulatorConverters.java:214)
	at com.google.cloud.datastore.emulator.impl.firestore.FirestoreEmulatorHelper.commitHelper(FirestoreEmulatorHelper.java:390)
	at com.google.cloud.datastore.emulator.impl.firestore.FirestoreEmulatorHelper.internalCommit(FirestoreEmulatorHelper.java:339)
	at com.google.cloud.datastore.emulator.impl.firestore.CloudFirestoreV1.internalCommit(CloudFirestoreV1.java:1243)
	at com.google.cloud.datastore.emulator.impl.firestore.CloudFirestoreV1.createDocument(CloudFirestoreV1.java:450)
	at com.google.cloud.datastore.emulator.impl.firestore.CloudFirestoreV1Router.createDocument(CloudFirestoreV1Router.java:146)
	at com.google.cloud.datastore.emulator.firestore.v1.FirestoreV1GrpcAdapter$1.lambda$createDocument$0(FirestoreV1GrpcAdapter.java:126)
	at com.google.cloud.datastore.emulator.firestore.v1.FirestoreV1GrpcAdapter.unary(FirestoreV1GrpcAdapter.java:72)
	at com.google.cloud.datastore.emulator.firestore.v1.FirestoreV1GrpcAdapter$1.createDocument(FirestoreV1GrpcAdapter.java:126)
	at com.google.firestore.v1.FirestoreGrpc$MethodHandlers.invoke(FirestoreGrpc.java:1436)
	at io.grpc.stub.ServerCalls$UnaryServerCallHandler$UnaryServerCallListener.onHalfClose(ServerCalls.java:182)
	at io.grpc.PartialForwardingServerCallListener.onHalfClose(PartialForwardingServerCallListener.java:35)
	at io.grpc.ForwardingServerCallListener.onHalfClose(ForwardingServerCallListener.java:23)
	at io.grpc.ForwardingServerCallListener$SimpleForwardingServerCallListener.onHalfClose(ForwardingServerCallListener.java:40)
	at io.grpc.Contexts$ContextualizedServerCallListener.onHalfClose(Contexts.java:86)
	at io.grpc.PartialForwardingServerCallListener.onHalfClose(PartialForwardingServerCallListener.java:35)
	at io.grpc.ForwardingServerCallListener.onHalfClose(ForwardingServerCallListener.java:23)
	at io.grpc.ForwardingServerCallListener$SimpleForwardingServerCallListener.onHalfClose(ForwardingServerCallListener.java:40)
	at io.grpc.Contexts$ContextualizedServerCallListener.onHalfClose(Contexts.java:86)
	at io.grpc.internal.ServerCallImpl$ServerStreamListenerImpl.halfClosed(ServerCallImpl.java:356)
	at io.grpc.internal.ServerImpl$JumpToApplicationThreadServerStreamListener$1HalfClosed.runInContext(ServerImpl.java:861)
	at io.grpc.internal.ContextRunnable.run(ContextRunnable.java:37)
	at io.grpc.internal.SerializingExecutor.run(SerializingExecutor.java:133)
	at java.base/java.util.concurrent.ThreadPoolExecutor.runWorker(ThreadPoolExecutor.java:1144)
	at java.base/java.util.concurrent.ThreadPoolExecutor$Worker.run(ThreadPoolExecutor.java:642)
	at java.base/java.lang.Thread.run(Thread.java:1583)

 {"metadata":{"emulator":{"name":"firestore"},"message":"Sep 15, 2026 9:18:27 AM com.google.cloud.datastore.emulator.impl.util.WrappedStreamObserver onError\nWARNING: Operation failed: entity already exists: EntityRef[partitionRef=dev~demo-lead-integration, path=/leads/7556115e84fb1b8c5799d34414760b71b319480cd2c824d6bc4bb48867fb8ad5]\ncom.google.cloud.datastore.core.exception.DatastoreException: entity already exists: EntityRef[partitionRef=dev~demo-lead-integration, path=/leads/7556115e84fb1b8c5799d34414760b71b319480cd2c824d6bc4bb48867fb8ad5]\n\tat com.google.cloud.datastore.core.exception.DatastoreException.withProblem(DatastoreException.java:352)\n\tat com.google.cloud.datastore.emulator.impl.util.FirestoreEmulatorConverters.alreadyExists(FirestoreEmulatorConverters.java:748)\n\tat com.google.cloud.datastore.emulator.impl.util.FirestoreEmulatorConverters.checkMutation(FirestoreEmulatorConverters.java:214)\n\tat com.google.cloud.datastore.emulator.impl.firestore.FirestoreEmulatorHelper.commitHelper(FirestoreEmulatorHelper.java:390)\n\tat com.google.cloud.datastore.emulator.impl.firestore.FirestoreEmulatorHelper.internalCommit(FirestoreEmulatorHelper.java:339)\n\tat com.google.cloud.datastore.emulator.impl.firestore.CloudFirestoreV1.internalCommit(CloudFirestoreV1.java:1243)\n\tat com.google.cloud.datastore.emulator.impl.firestore.CloudFirestoreV1.createDocument(CloudFirestoreV1.java:450)\n\tat com.google.cloud.datastore.emulator.impl.firestore.CloudFirestoreV1Router.createDocument(CloudFirestoreV1Router.java:146)\n\tat com.google.cloud.datastore.emulator.firestore.v1.FirestoreV1GrpcAdapter$1.lambda$createDocument$0(FirestoreV1GrpcAdapter.java:126)\n\tat com.google.cloud.datastore.emulator.firestore.v1.FirestoreV1GrpcAdapter.unary(FirestoreV1GrpcAdapter.java:72)\n\tat com.google.cloud.datastore.emulator.firestore.v1.FirestoreV1GrpcAdapter$1.createDocument(FirestoreV1GrpcAdapter.java:126)\n\tat com.google.firestore.v1.FirestoreGrpc$MethodHandlers.invoke(FirestoreGrpc.java:1436)\n\tat io.grpc.stub.ServerCalls$UnaryServerCallHandler$UnaryServerCallListener.onHalfClose(ServerCalls.java:182)\n\tat io.grpc.PartialForwardingServerCallListener.onHalfClose(PartialForwardingServerCallListener.java:35)\n\tat io.grpc.ForwardingServerCallListener.onHalfClose(ForwardingServerCallListener.java:23)\n\tat io.grpc.ForwardingServerCallListener$SimpleForwardingServerCallListener.onHalfClose(ForwardingServerCallListener.java:40)\n\tat io.grpc.Contexts$ContextualizedServerCallListener.onHalfClose(Contexts.java:86)\n\tat io.grpc.PartialForwardingServerCallListener.onHalfClose(PartialForwardingServerCallListener.java:35)\n\tat io.grpc.ForwardingServerCallListener.onHalfClose(ForwardingServerCallListener.java:23)\n\tat io.grpc.ForwardingServerCallListener$SimpleForwardingServerCallListener.onHalfClose(ForwardingServerCallListener.java:40)\n\tat io.grpc.Contexts$ContextualizedServerCallListener.onHalfClose(Contexts.java:86)\n\tat io.grpc.internal.ServerCallImpl$ServerStreamListenerImpl.halfClosed(ServerCallImpl.java:356)\n\tat io.grpc.internal.ServerImpl$JumpToApplicationThreadServerStreamListener$1HalfClosed.runInContext(ServerImpl.java:861)\n\tat io.grpc.internal.ContextRunnable.run(ContextRunnable.java:37)\n\tat io.grpc.internal.SerializingExecutor.run(SerializingExecutor.java:133)\n\tat java.base/java.util.concurrent.ThreadPoolExecutor.runWorker(ThreadPoolExecutor.java:1144)\n\tat java.base/java.util.concurrent.ThreadPoolExecutor$Worker.run(ThreadPoolExecutor.java:642)\n\tat java.base/java.lang.Thread.run(Thread.java:1583)\n\n"}}
[debug] [2026-09-15T14:18:27.424Z] Sep 15, 2026 9:18:27 AM io.gapi.emulators.netty.HttpHandler$1 onError
INFO: Exception when handling request: ALREADY_EXISTS: entity already exists: EntityRef[partitionRef=dev~demo-lead-integration, path=/leads/7556115e84fb1b8c5799d34414760b71b319480cd2c824d6bc4bb48867fb8ad5]
 {"metadata":{"emulator":{"name":"firestore"},"message":"Sep 15, 2026 9:18:27 AM io.gapi.emulators.netty.HttpHandler$1 onError\nINFO: Exception when handling request: ALREADY_EXISTS: entity already exists: EntityRef[partitionRef=dev~demo-lead-integration, path=/leads/7556115e84fb1b8c5799d34414760b71b319480cd2c824d6bc4bb48867fb8ad5]\n"}}
[debug] [2026-09-15T14:18:27.425Z] Multiple projectIds are not recommended in single project mode. Requested project ID demo-lead-integration, but the emulator is configured for demo-not-the-rug. To opt-out of single project mode add/set the '"singleProjectMode": false' property in the firebase.json emulators config.
 {"metadata":{"emulator":{"name":"firestore"},"message":"Multiple projectIds are not recommended in single project mode. Requested project ID demo-lead-integration, but the emulator is configured for demo-not-the-rug. To opt-out of single project mode add/set the '\"singleProjectMode\": false' property in the firebase.json emulators config.\n"}}
[debug] [2026-09-15T14:18:27.425Z] Multiple projectIds are not recommended in single project mode. Requested project ID demo-lead-integration, but the emulator is configured for demo-not-the-rug. To opt-out of single project mode add/set the '"singleProjectMode": false' property in the firebase.json emulators config.
 {"metadata":{"emulator":{"name":"firestore"},"message":"Multiple projectIds are not recommended in single project mode. Requested project ID demo-lead-integration, but the emulator is configured for demo-not-the-rug. To opt-out of single project mode add/set the '\"singleProjectMode\": false' property in the firebase.json emulators config.\n"}}
[debug] [2026-09-15T14:18:27.427Z] Multiple projectIds are not recommended in single project mode. Requested project ID demo-lead-integration, but the emulator is configured for demo-not-the-rug. To opt-out of single project mode add/set the '"singleProjectMode": false' property in the firebase.json emulators config.
 {"metadata":{"emulator":{"name":"firestore"},"message":"Multiple projectIds are not recommended in single project mode. Requested project ID demo-lead-integration, but the emulator is configured for demo-not-the-rug. To opt-out of single project mode add/set the '\"singleProjectMode\": false' property in the firebase.json emulators config.\n"}}
[debug] [2026-09-15T14:18:27.429Z] Multiple projectIds are not recommended in single project mode. Requested project ID demo-lead-integration, but the emulator is configured for demo-not-the-rug. To opt-out of single project mode add/set the '"singleProjectMode": false' property in the firebase.json emulators config.
 {"metadata":{"emulator":{"name":"firestore"},"message":"Multiple projectIds are not recommended in single project mode. Requested project ID demo-lead-integration, but the emulator is configured for demo-not-the-rug. To opt-out of single project mode add/set the '\"singleProjectMode\": false' property in the firebase.json emulators config.\n"}}
[debug] [2026-09-15T14:18:27.431Z] Multiple projectIds are not recommended in single project mode. Requested project ID demo-lead-integration, but the emulator is configured for demo-not-the-rug. To opt-out of single project mode add/set the '"singleProjectMode": false' property in the firebase.json emulators config.
 {"metadata":{"emulator":{"name":"firestore"},"message":"Multiple projectIds are not recommended in single project mode. Requested project ID demo-lead-integration, but the emulator is configured for demo-not-the-rug. To opt-out of single project mode add/set the '\"singleProjectMode\": false' property in the firebase.json emulators config.\n"}}
[debug] [2026-09-15T14:18:27.433Z] Multiple projectIds are not recommended in single project mode. Requested project ID demo-lead-integration, but the emulator is configured for demo-not-the-rug. To opt-out of single project mode add/set the '"singleProjectMode": false' property in the firebase.json emulators config.
 {"metadata":{"emulator":{"name":"firestore"},"message":"Multiple projectIds are not recommended in single project mode. Requested project ID demo-lead-integration, but the emulator is configured for demo-not-the-rug. To opt-out of single project mode add/set the '\"singleProjectMode\": false' property in the firebase.json emulators config.\n"}}
[debug] [2026-09-15T14:18:27.433Z] Sep 15, 2026 9:18:27 AM com.google.cloud.datastore.emulator.impl.util.WrappedStreamObserver onError
WARNING: Operation failed: Document (projects/demo-lead-integration/databases/(default)/documents/leads/b083f32cf82501f613821a5418d74e8bb6793192a52be26f7cab136dc752e0c5) not found.
com.google.cloud.datastore.core.exception.DatastoreException: Document (projects/demo-lead-integration/databases/(default)/documents/leads/b083f32cf82501f613821a5418d74e8bb6793192a52be26f7cab136dc752e0c5) not found.
	at com.google.cloud.datastore.emulator.impl.firestore.CloudFirestoreV1.getDocument(CloudFirestoreV1.java:340)
	at com.google.cloud.datastore.emulator.impl.firestore.CloudFirestoreV1Router.getDocument(CloudFirestoreV1Router.java:132)
	at com.google.cloud.datastore.emulator.impl.firestore.CloudFirestoreV1Router.getOrListDocuments(CloudFirestoreV1Router.java:126)
	at com.google.cloud.datastore.emulator.firestore.v1.FirestoreV1GrpcAdapter$1.lambda$getOrListDocuments$0(FirestoreV1GrpcAdapter.java:108)
	at com.google.cloud.datastore.emulator.firestore.v1.FirestoreV1GrpcAdapter.unary(FirestoreV1GrpcAdapter.java:72)
	at com.google.cloud.datastore.emulator.firestore.v1.FirestoreV1GrpcAdapter$1.getOrListDocuments(FirestoreV1GrpcAdapter.java:108)
	at com.google.firestore.v1.FirestoreGrpc$MethodHandlers.invoke(FirestoreGrpc.java:1376)
	at io.grpc.stub.ServerCalls$UnaryServerCallHandler$UnaryServerCallListener.onHalfClose(ServerCalls.java:182)
	at io.grpc.PartialForwardingServerCallListener.onHalfClose(PartialForwardingServerCallListener.java:35)
	at io.grpc.ForwardingServerCallListener.onHalfClose(ForwardingServerCallListener.java:23)
	at io.grpc.ForwardingServerCallListener$SimpleForwardingServerCallListener.onHalfClose(ForwardingServerCallListener.java:40)
	at io.grpc.Contexts$ContextualizedServerCallListener.onHalfClose(Contexts.java:86)
	at io.grpc.PartialForwardingServerCallListener.onHalfClose(PartialForwardingServerCallListener.java:35)
	at io.grpc.ForwardingServerCallListener.onHalfClose(ForwardingServerCallListener.java:23)
	at io.grpc.ForwardingServerCallListener$SimpleForwardingServerCallListener.onHalfClose(ForwardingServerCallListener.java:40)
	at io.grpc.Contexts$ContextualizedServerCallListener.onHalfClose(Contexts.java:86)
	at io.grpc.internal.ServerCallImpl$ServerStreamListenerImpl.halfClosed(ServerCallImpl.java:356)
	at io.grpc.internal.ServerImpl$JumpToApplicationThreadServerStreamListener$1HalfClosed.runInContext(ServerImpl.java:861)
	at io.grpc.internal.ContextRunnable.run(ContextRunnable.java:37)
	at io.grpc.internal.SerializingExecutor.run(SerializingExecutor.java:133)
	at java.base/java.util.concurrent.ThreadPoolExecutor.runWorker(ThreadPoolExecutor.java:1144)
	at java.base/java.util.concurrent.ThreadPoolExecutor$Worker.run(ThreadPoolExecutor.java:642)
	at java.base/java.lang.Thread.run(Thread.java:1583)

 {"metadata":{"emulator":{"name":"firestore"},"message":"Sep 15, 2026 9:18:27 AM com.google.cloud.datastore.emulator.impl.util.WrappedStreamObserver onError\nWARNING: Operation failed: Document (projects/demo-lead-integration/databases/(default)/documents/leads/b083f32cf82501f613821a5418d74e8bb6793192a52be26f7cab136dc752e0c5) not found.\ncom.google.cloud.datastore.core.exception.DatastoreException: Document (projects/demo-lead-integration/databases/(default)/documents/leads/b083f32cf82501f613821a5418d74e8bb6793192a52be26f7cab136dc752e0c5) not found.\n\tat com.google.cloud.datastore.emulator.impl.firestore.CloudFirestoreV1.getDocument(CloudFirestoreV1.java:340)\n\tat com.google.cloud.datastore.emulator.impl.firestore.CloudFirestoreV1Router.getDocument(CloudFirestoreV1Router.java:132)\n\tat com.google.cloud.datastore.emulator.impl.firestore.CloudFirestoreV1Router.getOrListDocuments(CloudFirestoreV1Router.java:126)\n\tat com.google.cloud.datastore.emulator.firestore.v1.FirestoreV1GrpcAdapter$1.lambda$getOrListDocuments$0(FirestoreV1GrpcAdapter.java:108)\n\tat com.google.cloud.datastore.emulator.firestore.v1.FirestoreV1GrpcAdapter.unary(FirestoreV1GrpcAdapter.java:72)\n\tat com.google.cloud.datastore.emulator.firestore.v1.FirestoreV1GrpcAdapter$1.getOrListDocuments(FirestoreV1GrpcAdapter.java:108)\n\tat com.google.firestore.v1.FirestoreGrpc$MethodHandlers.invoke(FirestoreGrpc.java:1376)\n\tat io.grpc.stub.ServerCalls$UnaryServerCallHandler$UnaryServerCallListener.onHalfClose(ServerCalls.java:182)\n\tat io.grpc.PartialForwardingServerCallListener.onHalfClose(PartialForwardingServerCallListener.java:35)\n\tat io.grpc.ForwardingServerCallListener.onHalfClose(ForwardingServerCallListener.java:23)\n\tat io.grpc.ForwardingServerCallListener$SimpleForwardingServerCallListener.onHalfClose(ForwardingServerCallListener.java:40)\n\tat io.grpc.Contexts$ContextualizedServerCallListener.onHalfClose(Contexts.java:86)\n\tat io.grpc.PartialForwardingServerCallListener.onHalfClose(PartialForwardingServerCallListener.java:35)\n\tat io.grpc.ForwardingServerCallListener.onHalfClose(ForwardingServerCallListener.java:23)\n\tat io.grpc.ForwardingServerCallListener$SimpleForwardingServerCallListener.onHalfClose(ForwardingServerCallListener.java:40)\n\tat io.grpc.Contexts$ContextualizedServerCallListener.onHalfClose(Contexts.java:86)\n\tat io.grpc.internal.ServerCallImpl$ServerStreamListenerImpl.halfClosed(ServerCallImpl.java:356)\n\tat io.grpc.internal.ServerImpl$JumpToApplicationThreadServerStreamListener$1HalfClosed.runInContext(ServerImpl.java:861)\n\tat io.grpc.internal.ContextRunnable.run(ContextRunnable.java:37)\n\tat io.grpc.internal.SerializingExecutor.run(SerializingExecutor.java:133)\n\tat java.base/java.util.concurrent.ThreadPoolExecutor.runWorker(ThreadPoolExecutor.java:1144)\n\tat java.base/java.util.concurrent.ThreadPoolExecutor$Worker.run(ThreadPoolExecutor.java:642)\n\tat java.base/java.lang.Thread.run(Thread.java:1583)\n\n"}}
[debug] [2026-09-15T14:18:27.433Z] Sep 15, 2026 9:18:27 AM io.gapi.emulators.netty.HttpHandler$1 onError
INFO: Exception when handling request: NOT_FOUND: Document (projects/demo-lead-integration/databases/(default)/documents/leads/b083f32cf82501f613821a5418d74e8bb6793192a52be26f7cab136dc752e0c5) not found.
 {"metadata":{"emulator":{"name":"firestore"},"message":"Sep 15, 2026 9:18:27 AM io.gapi.emulators.netty.HttpHandler$1 onError\nINFO: Exception when handling request: NOT_FOUND: Document (projects/demo-lead-integration/databases/(default)/documents/leads/b083f32cf82501f613821a5418d74e8bb6793192a52be26f7cab136dc752e0c5) not found.\n"}}
[debug] [2026-09-15T14:18:27.434Z] Multiple projectIds are not recommended in single project mode. Requested project ID demo-lead-integration, but the emulator is configured for demo-not-the-rug. To opt-out of single project mode add/set the '"singleProjectMode": false' property in the firebase.json emulators config.
 {"metadata":{"emulator":{"name":"firestore"},"message":"Multiple projectIds are not recommended in single project mode. Requested project ID demo-lead-integration, but the emulator is configured for demo-not-the-rug. To opt-out of single project mode add/set the '\"singleProjectMode\": false' property in the firebase.json emulators config.\n"}}
[debug] [2026-09-15T14:18:27.436Z] Multiple projectIds are not recommended in single project mode. Requested project ID demo-lead-integration, but the emulator is configured for demo-not-the-rug. To opt-out of single project mode add/set the '"singleProjectMode": false' property in the firebase.json emulators config.
 {"metadata":{"emulator":{"name":"firestore"},"message":"Multiple projectIds are not recommended in single project mode. Requested project ID demo-lead-integration, but the emulator is configured for demo-not-the-rug. To opt-out of single project mode add/set the '\"singleProjectMode\": false' property in the firebase.json emulators config.\n"}}
[debug] [2026-09-15T14:18:27.438Z] Multiple projectIds are not recommended in single project mode. Requested project ID demo-lead-integration, but the emulator is configured for demo-not-the-rug. To opt-out of single project mode add/set the '"singleProjectMode": false' property in the firebase.json emulators config.
 {"metadata":{"emulator":{"name":"firestore"},"message":"Multiple projectIds are not recommended in single project mode. Requested project ID demo-lead-integration, but the emulator is configured for demo-not-the-rug. To opt-out of single project mode add/set the '\"singleProjectMode\": false' property in the firebase.json emulators config.\n"}}
[debug] [2026-09-15T14:18:27.439Z] Multiple projectIds are not recommended in single project mode. Requested project ID demo-lead-integration, but the emulator is configured for demo-not-the-rug. To opt-out of single project mode add/set the '"singleProjectMode": false' property in the firebase.json emulators config.
 {"metadata":{"emulator":{"name":"firestore"},"message":"Multiple projectIds are not recommended in single project mode. Requested project ID demo-lead-integration, but the emulator is configured for demo-not-the-rug. To opt-out of single project mode add/set the '\"singleProjectMode\": false' property in the firebase.json emulators config.\n"}}
[debug] [2026-09-15T14:18:27.440Z] Sep 15, 2026 9:18:27 AM com.google.cloud.datastore.emulator.impl.util.WrappedStreamObserver onError
WARNING: Operation failed: Document (projects/demo-lead-integration/databases/(default)/documents/leads/466fa42f5ecf22e9257dec478ba76543985bb784bfd9f7661cc7811c4affaa83) not found.
com.google.cloud.datastore.core.exception.DatastoreException: Document (projects/demo-lead-integration/databases/(default)/documents/leads/466fa42f5ecf22e9257dec478ba76543985bb784bfd9f7661cc7811c4affaa83) not found.
	at com.google.cloud.datastore.emulator.impl.firestore.CloudFirestoreV1.getDocument(CloudFirestoreV1.java:340)
	at com.google.cloud.datastore.emulator.impl.firestore.CloudFirestoreV1Router.getDocument(CloudFirestoreV1Router.java:132)
	at com.google.cloud.datastore.emulator.impl.firestore.CloudFirestoreV1Router.getOrListDocuments(CloudFirestoreV1Router.java:126)
	at com.google.cloud.datastore.emulator.firestore.v1.FirestoreV1GrpcAdapter$1.lambda$getOrListDocuments$0(FirestoreV1GrpcAdapter.java:108)
	at com.google.cloud.datastore.emulator.firestore.v1.FirestoreV1GrpcAdapter.unary(FirestoreV1GrpcAdapter.java:72)
	at com.google.cloud.datastore.emulator.firestore.v1.FirestoreV1GrpcAdapter$1.getOrListDocuments(FirestoreV1GrpcAdapter.java:108)
	at com.google.firestore.v1.FirestoreGrpc$MethodHandlers.invoke(FirestoreGrpc.java:1376)
	at io.grpc.stub.ServerCalls$UnaryServerCallHandler$UnaryServerCallListener.onHalfClose(ServerCalls.java:182)
	at io.grpc.PartialForwardingServerCallListener.onHalfClose(PartialForwardingServerCallListener.java:35)
	at io.grpc.ForwardingServerCallListener.onHalfClose(ForwardingServerCallListener.java:23)
	at io.grpc.ForwardingServerCallListener$SimpleForwardingServerCallListener.onHalfClose(ForwardingServerCallListener.java:40)
	at io.grpc.Contexts$ContextualizedServerCallListener.onHalfClose(Contexts.java:86)
	at io.grpc.PartialForwardingServerCallListener.onHalfClose(PartialForwardingServerCallListener.java:35)
	at io.grpc.ForwardingServerCallListener.onHalfClose(ForwardingServerCallListener.java:23)
	at io.grpc.ForwardingServerCallListener$SimpleForwardingServerCallListener.onHalfClose(ForwardingServerCallListener.java:40)
	at io.grpc.Contexts$ContextualizedServerCallListener.onHalfClose(Contexts.java:86)
	at io.grpc.internal.ServerCallImpl$ServerStreamListenerImpl.halfClosed(ServerCallImpl.java:356)
	at io.grpc.internal.ServerImpl$JumpToApplicationThreadServerStreamListener$1HalfClosed.runInContext(ServerImpl.java:861)
	at io.grpc.internal.ContextRunnable.run(ContextRunnable.java:37)
	at io.grpc.internal.SerializingExecutor.run(SerializingExecutor.java:133)
	at java.base/java.util.concurrent.ThreadPoolExecutor.runWorker(ThreadPoolExecutor.java:1144)
	at java.base/java.util.concurrent.ThreadPoolExecutor$Worker.run(ThreadPoolExecutor.java:642)
	at java.base/java.lang.Thread.run(Thread.java:1583)

 {"metadata":{"emulator":{"name":"firestore"},"message":"Sep 15, 2026 9:18:27 AM com.google.cloud.datastore.emulator.impl.util.WrappedStreamObserver onError\nWARNING: Operation failed: Document (projects/demo-lead-integration/databases/(default)/documents/leads/466fa42f5ecf22e9257dec478ba76543985bb784bfd9f7661cc7811c4affaa83) not found.\ncom.google.cloud.datastore.core.exception.DatastoreException: Document (projects/demo-lead-integration/databases/(default)/documents/leads/466fa42f5ecf22e9257dec478ba76543985bb784bfd9f7661cc7811c4affaa83) not found.\n\tat com.google.cloud.datastore.emulator.impl.firestore.CloudFirestoreV1.getDocument(CloudFirestoreV1.java:340)\n\tat com.google.cloud.datastore.emulator.impl.firestore.CloudFirestoreV1Router.getDocument(CloudFirestoreV1Router.java:132)\n\tat com.google.cloud.datastore.emulator.impl.firestore.CloudFirestoreV1Router.getOrListDocuments(CloudFirestoreV1Router.java:126)\n\tat com.google.cloud.datastore.emulator.firestore.v1.FirestoreV1GrpcAdapter$1.lambda$getOrListDocuments$0(FirestoreV1GrpcAdapter.java:108)\n\tat com.google.cloud.datastore.emulator.firestore.v1.FirestoreV1GrpcAdapter.unary(FirestoreV1GrpcAdapter.java:72)\n\tat com.google.cloud.datastore.emulator.firestore.v1.FirestoreV1GrpcAdapter$1.getOrListDocuments(FirestoreV1GrpcAdapter.java:108)\n\tat com.google.firestore.v1.FirestoreGrpc$MethodHandlers.invoke(FirestoreGrpc.java:1376)\n\tat io.grpc.stub.ServerCalls$UnaryServerCallHandler$UnaryServerCallListener.onHalfClose(ServerCalls.java:182)\n\tat io.grpc.PartialForwardingServerCallListener.onHalfClose(PartialForwardingServerCallListener.java:35)\n\tat io.grpc.ForwardingServerCallListener.onHalfClose(ForwardingServerCallListener.java:23)\n\tat io.grpc.ForwardingServerCallListener$SimpleForwardingServerCallListener.onHalfClose(ForwardingServerCallListener.java:40)\n\tat io.grpc.Contexts$ContextualizedServerCallListener.onHalfClose(Contexts.java:86)\n\tat io.grpc.PartialForwardingServerCallListener.onHalfClose(PartialForwardingServerCallListener.java:35)\n\tat io.grpc.ForwardingServerCallListener.onHalfClose(ForwardingServerCallListener.java:23)\n\tat io.grpc.ForwardingServerCallListener$SimpleForwardingServerCallListener.onHalfClose(ForwardingServerCallListener.java:40)\n\tat io.grpc.Contexts$ContextualizedServerCallListener.onHalfClose(Contexts.java:86)\n\tat io.grpc.internal.ServerCallImpl$ServerStreamListenerImpl.halfClosed(ServerCallImpl.java:356)\n\tat io.grpc.internal.ServerImpl$JumpToApplicationThreadServerStreamListener$1HalfClosed.runInContext(ServerImpl.java:861)\n\tat io.grpc.internal.ContextRunnable.run(ContextRunnable.java:37)\n\tat io.grpc.internal.SerializingExecutor.run(SerializingExecutor.java:133)\n\tat java.base/java.util.concurrent.ThreadPoolExecutor.runWorker(ThreadPoolExecutor.java:1144)\n\tat java.base/java.util.concurrent.ThreadPoolExecutor$Worker.run(ThreadPoolExecutor.java:642)\n\tat java.base/java.lang.Thread.run(Thread.java:1583)\n\n"}}
[debug] [2026-09-15T14:18:27.440Z] Sep 15, 2026 9:18:27 AM io.gapi.emulators.netty.HttpHandler$1 onError
INFO: Exception when handling request: NOT_FOUND: Document (projects/demo-lead-integration/databases/(default)/documents/leads/466fa42f5ecf22e9257dec478ba76543985bb784bfd9f7661cc7811c4affaa83) not found.
 {"metadata":{"emulator":{"name":"firestore"},"message":"Sep 15, 2026 9:18:27 AM io.gapi.emulators.netty.HttpHandler$1 onError\nINFO: Exception when handling request: NOT_FOUND: Document (projects/demo-lead-integration/databases/(default)/documents/leads/466fa42f5ecf22e9257dec478ba76543985bb784bfd9f7661cc7811c4affaa83) not found.\n"}}
[debug] [2026-09-15T14:18:27.441Z] Multiple projectIds are not recommended in single project mode. Requested project ID demo-lead-integration, but the emulator is configured for demo-not-the-rug. To opt-out of single project mode add/set the '"singleProjectMode": false' property in the firebase.json emulators config.
 {"metadata":{"emulator":{"name":"firestore"},"message":"Multiple projectIds are not recommended in single project mode. Requested project ID demo-lead-integration, but the emulator is configured for demo-not-the-rug. To opt-out of single project mode add/set the '\"singleProjectMode\": false' property in the firebase.json emulators config.\n"}}
[debug] [2026-09-15T14:18:27.443Z] Multiple projectIds are not recommended in single project mode. Requested project ID demo-lead-integration, but the emulator is configured for demo-not-the-rug. To opt-out of single project mode add/set the '"singleProjectMode": false' property in the firebase.json emulators config.
 {"metadata":{"emulator":{"name":"firestore"},"message":"Multiple projectIds are not recommended in single project mode. Requested project ID demo-lead-integration, but the emulator is configured for demo-not-the-rug. To opt-out of single project mode add/set the '\"singleProjectMode\": false' property in the firebase.json emulators config.\n"}}
[debug] [2026-09-15T14:18:27.445Z] Multiple projectIds are not recommended in single project mode. Requested project ID demo-lead-integration, but the emulator is configured for demo-not-the-rug. To opt-out of single project mode add/set the '"singleProjectMode": false' property in the firebase.json emulators config.
 {"metadata":{"emulator":{"name":"firestore"},"message":"Multiple projectIds are not recommended in single project mode. Requested project ID demo-lead-integration, but the emulator is configured for demo-not-the-rug. To opt-out of single project mode add/set the '\"singleProjectMode\": false' property in the firebase.json emulators config.\n"}}
[debug] [2026-09-15T14:18:27.446Z] Multiple projectIds are not recommended in single project mode. Requested project ID demo-lead-integration, but the emulator is configured for demo-not-the-rug. To opt-out of single project mode add/set the '"singleProjectMode": false' property in the firebase.json emulators config.
 {"metadata":{"emulator":{"name":"firestore"},"message":"Multiple projectIds are not recommended in single project mode. Requested project ID demo-lead-integration, but the emulator is configured for demo-not-the-rug. To opt-out of single project mode add/set the '\"singleProjectMode\": false' property in the firebase.json emulators config.\n"}}
[debug] [2026-09-15T14:18:27.448Z] Multiple projectIds are not recommended in single project mode. Requested project ID demo-lead-integration, but the emulator is configured for demo-not-the-rug. To opt-out of single project mode add/set the '"singleProjectMode": false' property in the firebase.json emulators config.
 {"metadata":{"emulator":{"name":"firestore"},"message":"Multiple projectIds are not recommended in single project mode. Requested project ID demo-lead-integration, but the emulator is configured for demo-not-the-rug. To opt-out of single project mode add/set the '\"singleProjectMode\": false' property in the firebase.json emulators config.\n"}}
[debug] [2026-09-15T14:18:27.449Z] Multiple projectIds are not recommended in single project mode. Requested project ID demo-lead-integration, but the emulator is configured for demo-not-the-rug. To opt-out of single project mode add/set the '"singleProjectMode": false' property in the firebase.json emulators config.
 {"metadata":{"emulator":{"name":"firestore"},"message":"Multiple projectIds are not recommended in single project mode. Requested project ID demo-lead-integration, but the emulator is configured for demo-not-the-rug. To opt-out of single project mode add/set the '\"singleProjectMode\": false' property in the firebase.json emulators config.\n"}}
[debug] [2026-09-15T14:18:27.452Z] Sep 15, 2026 9:18:27 AM io.gapi.emulators.netty.HttpVersionRoutingHandler channelRead
INFO: Detected non-HTTP/2 connection.
Sep 15, 2026 9:18:27 AM io.gapi.emulators.netty.HttpVersionRoutingHandler channelRead
INFO: Detected non-HTTP/2 connection.
 {"metadata":{"emulator":{"name":"firestore"},"message":"Sep 15, 2026 9:18:27 AM io.gapi.emulators.netty.HttpVersionRoutingHandler channelRead\nINFO: Detected non-HTTP/2 connection.\nSep 15, 2026 9:18:27 AM io.gapi.emulators.netty.HttpVersionRoutingHandler channelRead\nINFO: Detected non-HTTP/2 connection.\n"}}
[debug] [2026-09-15T14:18:27.452Z] Sep 15, 2026 9:18:27 AM io.gapi.emulators.netty.HttpVersionRoutingHandler channelRead
INFO: Detected non-HTTP/2 connection.
 {"metadata":{"emulator":{"name":"firestore"},"message":"Sep 15, 2026 9:18:27 AM io.gapi.emulators.netty.HttpVersionRoutingHandler channelRead\nINFO: Detected non-HTTP/2 connection.\n"}}
[debug] [2026-09-15T14:18:27.452Z] Sep 15, 2026 9:18:27 AM io.gapi.emulators.netty.HttpVersionRoutingHandler channelRead
INFO: Detected non-HTTP/2 connection.
Sep 15, 2026 9:18:27 AM io.gapi.emulators.netty.HttpVersionRoutingHandler channelRead
INFO: Detected non-HTTP/2 connection.
Sep 15, 2026 9:18:27 AM io.gapi.emulators.netty.HttpVersionRoutingHandler channelRead
INFO: Detected non-HTTP/2 connection.
Sep 15, 2026 9:18:27 AM io.gapi.emulators.netty.HttpVersionRoutingHandler channelRead
INFO: Detected non-HTTP/2 connection.
 {"metadata":{"emulator":{"name":"firestore"},"message":"Sep 15, 2026 9:18:27 AM io.gapi.emulators.netty.HttpVersionRoutingHandler channelRead\nINFO: Detected non-HTTP/2 connection.\nSep 15, 2026 9:18:27 AM io.gapi.emulators.netty.HttpVersionRoutingHandler channelRead\nINFO: Detected non-HTTP/2 connection.\nSep 15, 2026 9:18:27 AM io.gapi.emulators.netty.HttpVersionRoutingHandler channelRead\nINFO: Detected non-HTTP/2 connection.\nSep 15, 2026 9:18:27 AM io.gapi.emulators.netty.HttpVersionRoutingHandler channelRead\nINFO: Detected non-HTTP/2 connection.\n"}}
[debug] [2026-09-15T14:18:27.452Z] Sep 15, 2026 9:18:27 AM io.gapi.emulators.netty.HttpVersionRoutingHandler channelRead
INFO: Detected non-HTTP/2 connection.
 {"metadata":{"emulator":{"name":"firestore"},"message":"Sep 15, 2026 9:18:27 AM io.gapi.emulators.netty.HttpVersionRoutingHandler channelRead\nINFO: Detected non-HTTP/2 connection.\n"}}
[debug] [2026-09-15T14:18:27.452Z] Multiple projectIds are not recommended in single project mode. Requested project ID demo-lead-integration, but the emulator is configured for demo-not-the-rug. To opt-out of single project mode add/set the '"singleProjectMode": false' property in the firebase.json emulators config.
 {"metadata":{"emulator":{"name":"firestore"},"message":"Multiple projectIds are not recommended in single project mode. Requested project ID demo-lead-integration, but the emulator is configured for demo-not-the-rug. To opt-out of single project mode add/set the '\"singleProjectMode\": false' property in the firebase.json emulators config.\n"}}
[debug] [2026-09-15T14:18:27.452Z] Multiple projectIds are not recommended in single project mode. Requested project ID demo-lead-integration, but the emulator is configured for demo-not-the-rug. To opt-out of single project mode add/set the '"singleProjectMode": false' property in the firebase.json emulators config.
 {"metadata":{"emulator":{"name":"firestore"},"message":"Multiple projectIds are not recommended in single project mode. Requested project ID demo-lead-integration, but the emulator is configured for demo-not-the-rug. To opt-out of single project mode add/set the '\"singleProjectMode\": false' property in the firebase.json emulators config.\n"}}
[debug] [2026-09-15T14:18:27.453Z] Multiple projectIds are not recommended in single project mode. Requested project ID demo-lead-integration, but the emulator is configured for demo-not-the-rug. To opt-out of single project mode add/set the '"singleProjectMode": false' property in the firebase.json emulators config.
 {"metadata":{"emulator":{"name":"firestore"},"message":"Multiple projectIds are not recommended in single project mode. Requested project ID demo-lead-integration, but the emulator is configured for demo-not-the-rug. To opt-out of single project mode add/set the '\"singleProjectMode\": false' property in the firebase.json emulators config.\n"}}
[debug] [2026-09-15T14:18:27.453Z] Multiple projectIds are not recommended in single project mode. Requested project ID demo-lead-integration, but the emulator is configured for demo-not-the-rug. To opt-out of single project mode add/set the '"singleProjectMode": false' property in the firebase.json emulators config.
 {"metadata":{"emulator":{"name":"firestore"},"message":"Multiple projectIds are not recommended in single project mode. Requested project ID demo-lead-integration, but the emulator is configured for demo-not-the-rug. To opt-out of single project mode add/set the '\"singleProjectMode\": false' property in the firebase.json emulators config.\n"}}
[debug] [2026-09-15T14:18:27.453Z] Multiple projectIds are not recommended in single project mode. Requested project ID demo-lead-integration, but the emulator is configured for demo-not-the-rug. To opt-out of single project mode add/set the '"singleProjectMode": false' property in the firebase.json emulators config.
 {"metadata":{"emulator":{"name":"firestore"},"message":"Multiple projectIds are not recommended in single project mode. Requested project ID demo-lead-integration, but the emulator is configured for demo-not-the-rug. To opt-out of single project mode add/set the '\"singleProjectMode\": false' property in the firebase.json emulators config.\n"}}
[debug] [2026-09-15T14:18:27.454Z] Multiple projectIds are not recommended in single project mode. Requested project ID demo-lead-integration, but the emulator is configured for demo-not-the-rug. To opt-out of single project mode add/set the '"singleProjectMode": false' property in the firebase.json emulators config.
 {"metadata":{"emulator":{"name":"firestore"},"message":"Multiple projectIds are not recommended in single project mode. Requested project ID demo-lead-integration, but the emulator is configured for demo-not-the-rug. To opt-out of single project mode add/set the '\"singleProjectMode\": false' property in the firebase.json emulators config.\n"}}
[debug] [2026-09-15T14:18:27.454Z] Multiple projectIds are not recommended in single project mode. Requested project ID demo-lead-integration, but the emulator is configured for demo-not-the-rug. To opt-out of single project mode add/set the '"singleProjectMode": false' property in the firebase.json emulators config.
 {"metadata":{"emulator":{"name":"firestore"},"message":"Multiple projectIds are not recommended in single project mode. Requested project ID demo-lead-integration, but the emulator is configured for demo-not-the-rug. To opt-out of single project mode add/set the '\"singleProjectMode\": false' property in the firebase.json emulators config.\n"}}
[debug] [2026-09-15T14:18:27.454Z] Multiple projectIds are not recommended in single project mode. Requested project ID demo-lead-integration, but the emulator is configured for demo-not-the-rug. To opt-out of single project mode add/set the '"singleProjectMode": false' property in the firebase.json emulators config.
 {"metadata":{"emulator":{"name":"firestore"},"message":"Multiple projectIds are not recommended in single project mode. Requested project ID demo-lead-integration, but the emulator is configured for demo-not-the-rug. To opt-out of single project mode add/set the '\"singleProjectMode\": false' property in the firebase.json emulators config.\n"}}
[debug] [2026-09-15T14:18:27.454Z] Multiple projectIds are not recommended in single project mode. Requested project ID demo-lead-integration, but the emulator is configured for demo-not-the-rug. To opt-out of single project mode add/set the '"singleProjectMode": false' property in the firebase.json emulators config.
 {"metadata":{"emulator":{"name":"firestore"},"message":"Multiple projectIds are not recommended in single project mode. Requested project ID demo-lead-integration, but the emulator is configured for demo-not-the-rug. To opt-out of single project mode add/set the '\"singleProjectMode\": false' property in the firebase.json emulators config.\n"}}
[debug] [2026-09-15T14:18:27.455Z] Multiple projectIds are not recommended in single project mode. Requested project ID demo-lead-integration, but the emulator is configured for demo-not-the-rug. To opt-out of single project mode add/set the '"singleProjectMode": false' property in the firebase.json emulators config.
 {"metadata":{"emulator":{"name":"firestore"},"message":"Multiple projectIds are not recommended in single project mode. Requested project ID demo-lead-integration, but the emulator is configured for demo-not-the-rug. To opt-out of single project mode add/set the '\"singleProjectMode\": false' property in the firebase.json emulators config.\n"}}
[debug] [2026-09-15T14:18:27.456Z] Multiple projectIds are not recommended in single project mode. Requested project ID demo-lead-integration, but the emulator is configured for demo-not-the-rug. To opt-out of single project mode add/set the '"singleProjectMode": false' property in the firebase.json emulators config.
 {"metadata":{"emulator":{"name":"firestore"},"message":"Multiple projectIds are not recommended in single project mode. Requested project ID demo-lead-integration, but the emulator is configured for demo-not-the-rug. To opt-out of single project mode add/set the '\"singleProjectMode\": false' property in the firebase.json emulators config.\n"}}
[debug] [2026-09-15T14:18:27.458Z] Multiple projectIds are not recommended in single project mode. Requested project ID demo-lead-integration, but the emulator is configured for demo-not-the-rug. To opt-out of single project mode add/set the '"singleProjectMode": false' property in the firebase.json emulators config.
 {"metadata":{"emulator":{"name":"firestore"},"message":"Multiple projectIds are not recommended in single project mode. Requested project ID demo-lead-integration, but the emulator is configured for demo-not-the-rug. To opt-out of single project mode add/set the '\"singleProjectMode\": false' property in the firebase.json emulators config.\n"}}
[debug] [2026-09-15T14:18:27.460Z] Multiple projectIds are not recommended in single project mode. Requested project ID demo-lead-integration, but the emulator is configured for demo-not-the-rug. To opt-out of single project mode add/set the '"singleProjectMode": false' property in the firebase.json emulators config.
 {"metadata":{"emulator":{"name":"firestore"},"message":"Multiple projectIds are not recommended in single project mode. Requested project ID demo-lead-integration, but the emulator is configured for demo-not-the-rug. To opt-out of single project mode add/set the '\"singleProjectMode\": false' property in the firebase.json emulators config.\n"}}
[debug] [2026-09-15T14:18:27.460Z] Sep 15, 2026 9:18:27 AM com.google.cloud.datastore.emulator.impl.util.WrappedStreamObserver onError
WARNING: Operation failed: Document (projects/demo-lead-integration/databases/(default)/documents/leads/82ef4de1acee6a2c9530bb956599d736bd8e45f9d7dfd26b0af2be4a0cc4ab49) not found.
com.google.cloud.datastore.core.exception.DatastoreException: Document (projects/demo-lead-integration/databases/(default)/documents/leads/82ef4de1acee6a2c9530bb956599d736bd8e45f9d7dfd26b0af2be4a0cc4ab49) not found.
	at com.google.cloud.datastore.emulator.impl.firestore.CloudFirestoreV1.getDocument(CloudFirestoreV1.java:340)
	at com.google.cloud.datastore.emulator.impl.firestore.CloudFirestoreV1Router.getDocument(CloudFirestoreV1Router.java:132)
	at com.google.cloud.datastore.emulator.impl.firestore.CloudFirestoreV1Router.getOrListDocuments(CloudFirestoreV1Router.java:126)
	at com.google.cloud.datastore.emulator.firestore.v1.FirestoreV1GrpcAdapter$1.lambda$getOrListDocuments$0(FirestoreV1GrpcAdapter.java:108)
	at com.google.cloud.datastore.emulator.firestore.v1.FirestoreV1GrpcAdapter.unary(FirestoreV1GrpcAdapter.java:72)
	at com.google.cloud.datastore.emulator.firestore.v1.FirestoreV1GrpcAdapter$1.getOrListDocuments(FirestoreV1GrpcAdapter.java:108)
	at com.google.firestore.v1.FirestoreGrpc$MethodHandlers.invoke(FirestoreGrpc.java:1376)
	at io.grpc.stub.ServerCalls$UnaryServerCallHandler$UnaryServerCallListener.onHalfClose(ServerCalls.java:182)
	at io.grpc.PartialForwardingServerCallListener.onHalfClose(PartialForwardingServerCallListener.java:35)
	at io.grpc.ForwardingServerCallListener.onHalfClose(ForwardingServerCallListener.java:23)
	at io.grpc.ForwardingServerCallListener$SimpleForwardingServerCallListener.onHalfClose(ForwardingServerCallListener.java:40)
	at io.grpc.Contexts$ContextualizedServerCallListener.onHalfClose(Contexts.java:86)
	at io.grpc.PartialForwardingServerCallListener.onHalfClose(PartialForwardingServerCallListener.java:35)
	at io.grpc.ForwardingServerCallListener.onHalfClose(ForwardingServerCallListener.java:23)
	at io.grpc.ForwardingServerCallListener$SimpleForwardingServerCallListener.onHalfClose(ForwardingServerCallListener.java:40)
	at io.grpc.Contexts$ContextualizedServerCallListener.onHalfClose(Contexts.java:86)
	at io.grpc.internal.ServerCallImpl$ServerStreamListenerImpl.halfClosed(ServerCallImpl.java:356)
	at io.grpc.internal.ServerImpl$JumpToApplicationThreadServerStreamListener$1HalfClosed.runInContext(ServerImpl.java:861)
	at io.grpc.internal.ContextRunnable.run(ContextRunnable.java:37)
	at io.grpc.internal.SerializingExecutor.run(SerializingExecutor.java:133)
	at java.base/java.util.concurrent.ThreadPoolExecutor.runWorker(ThreadPoolExecutor.java:1144)
	at java.base/java.util.concurrent.ThreadPoolExecutor$Worker.run(ThreadPoolExecutor.java:642)
	at java.base/java.lang.Thread.run(Thread.java:1583)

 {"metadata":{"emulator":{"name":"firestore"},"message":"Sep 15, 2026 9:18:27 AM com.google.cloud.datastore.emulator.impl.util.WrappedStreamObserver onError\nWARNING: Operation failed: Document (projects/demo-lead-integration/databases/(default)/documents/leads/82ef4de1acee6a2c9530bb956599d736bd8e45f9d7dfd26b0af2be4a0cc4ab49) not found.\ncom.google.cloud.datastore.core.exception.DatastoreException: Document (projects/demo-lead-integration/databases/(default)/documents/leads/82ef4de1acee6a2c9530bb956599d736bd8e45f9d7dfd26b0af2be4a0cc4ab49) not found.\n\tat com.google.cloud.datastore.emulator.impl.firestore.CloudFirestoreV1.getDocument(CloudFirestoreV1.java:340)\n\tat com.google.cloud.datastore.emulator.impl.firestore.CloudFirestoreV1Router.getDocument(CloudFirestoreV1Router.java:132)\n\tat com.google.cloud.datastore.emulator.impl.firestore.CloudFirestoreV1Router.getOrListDocuments(CloudFirestoreV1Router.java:126)\n\tat com.google.cloud.datastore.emulator.firestore.v1.FirestoreV1GrpcAdapter$1.lambda$getOrListDocuments$0(FirestoreV1GrpcAdapter.java:108)\n\tat com.google.cloud.datastore.emulator.firestore.v1.FirestoreV1GrpcAdapter.unary(FirestoreV1GrpcAdapter.java:72)\n\tat com.google.cloud.datastore.emulator.firestore.v1.FirestoreV1GrpcAdapter$1.getOrListDocuments(FirestoreV1GrpcAdapter.java:108)\n\tat com.google.firestore.v1.FirestoreGrpc$MethodHandlers.invoke(FirestoreGrpc.java:1376)\n\tat io.grpc.stub.ServerCalls$UnaryServerCallHandler$UnaryServerCallListener.onHalfClose(ServerCalls.java:182)\n\tat io.grpc.PartialForwardingServerCallListener.onHalfClose(PartialForwardingServerCallListener.java:35)\n\tat io.grpc.ForwardingServerCallListener.onHalfClose(ForwardingServerCallListener.java:23)\n\tat io.grpc.ForwardingServerCallListener$SimpleForwardingServerCallListener.onHalfClose(ForwardingServerCallListener.java:40)\n\tat io.grpc.Contexts$ContextualizedServerCallListener.onHalfClose(Contexts.java:86)\n\tat io.grpc.PartialForwardingServerCallListener.onHalfClose(PartialForwardingServerCallListener.java:35)\n\tat io.grpc.ForwardingServerCallListener.onHalfClose(ForwardingServerCallListener.java:23)\n\tat io.grpc.ForwardingServerCallListener$SimpleForwardingServerCallListener.onHalfClose(ForwardingServerCallListener.java:40)\n\tat io.grpc.Contexts$ContextualizedServerCallListener.onHalfClose(Contexts.java:86)\n\tat io.grpc.internal.ServerCallImpl$ServerStreamListenerImpl.halfClosed(ServerCallImpl.java:356)\n\tat io.grpc.internal.ServerImpl$JumpToApplicationThreadServerStreamListener$1HalfClosed.runInContext(ServerImpl.java:861)\n\tat io.grpc.internal.ContextRunnable.run(ContextRunnable.java:37)\n\tat io.grpc.internal.SerializingExecutor.run(SerializingExecutor.java:133)\n\tat java.base/java.util.concurrent.ThreadPoolExecutor.runWorker(ThreadPoolExecutor.java:1144)\n\tat java.base/java.util.concurrent.ThreadPoolExecutor$Worker.run(ThreadPoolExecutor.java:642)\n\tat java.base/java.lang.Thread.run(Thread.java:1583)\n\n"}}
[debug] [2026-09-15T14:18:27.461Z] Sep 15, 2026 9:18:27 AM io.gapi.emulators.netty.HttpHandler$1 onError
INFO: Exception when handling request: NOT_FOUND: Document (projects/demo-lead-integration/databases/(default)/documents/leads/82ef4de1acee6a2c9530bb956599d736bd8e45f9d7dfd26b0af2be4a0cc4ab49) not found.
 {"metadata":{"emulator":{"name":"firestore"},"message":"Sep 15, 2026 9:18:27 AM io.gapi.emulators.netty.HttpHandler$1 onError\nINFO: Exception when handling request: NOT_FOUND: Document (projects/demo-lead-integration/databases/(default)/documents/leads/82ef4de1acee6a2c9530bb956599d736bd8e45f9d7dfd26b0af2be4a0cc4ab49) not found.\n"}}
[debug] [2026-09-15T14:18:27.462Z] Multiple projectIds are not recommended in single project mode. Requested project ID demo-lead-integration, but the emulator is configured for demo-not-the-rug. To opt-out of single project mode add/set the '"singleProjectMode": false' property in the firebase.json emulators config.
 {"metadata":{"emulator":{"name":"firestore"},"message":"Multiple projectIds are not recommended in single project mode. Requested project ID demo-lead-integration, but the emulator is configured for demo-not-the-rug. To opt-out of single project mode add/set the '\"singleProjectMode\": false' property in the firebase.json emulators config.\n"}}
[debug] [2026-09-15T14:18:27.464Z] Multiple projectIds are not recommended in single project mode. Requested project ID demo-lead-integration, but the emulator is configured for demo-not-the-rug. To opt-out of single project mode add/set the '"singleProjectMode": false' property in the firebase.json emulators config.
 {"metadata":{"emulator":{"name":"firestore"},"message":"Multiple projectIds are not recommended in single project mode. Requested project ID demo-lead-integration, but the emulator is configured for demo-not-the-rug. To opt-out of single project mode add/set the '\"singleProjectMode\": false' property in the firebase.json emulators config.\n"}}
[debug] [2026-09-15T14:18:27.466Z] Multiple projectIds are not recommended in single project mode. Requested project ID demo-lead-integration, but the emulator is configured for demo-not-the-rug. To opt-out of single project mode add/set the '"singleProjectMode": false' property in the firebase.json emulators config.
 {"metadata":{"emulator":{"name":"firestore"},"message":"Multiple projectIds are not recommended in single project mode. Requested project ID demo-lead-integration, but the emulator is configured for demo-not-the-rug. To opt-out of single project mode add/set the '\"singleProjectMode\": false' property in the firebase.json emulators config.\n"}}
[debug] [2026-09-15T14:18:27.467Z] Multiple projectIds are not recommended in single project mode. Requested project ID demo-lead-integration, but the emulator is configured for demo-not-the-rug. To opt-out of single project mode add/set the '"singleProjectMode": false' property in the firebase.json emulators config.
 {"metadata":{"emulator":{"name":"firestore"},"message":"Multiple projectIds are not recommended in single project mode. Requested project ID demo-lead-integration, but the emulator is configured for demo-not-the-rug. To opt-out of single project mode add/set the '\"singleProjectMode\": false' property in the firebase.json emulators config.\n"}}
[debug] [2026-09-15T14:18:27.468Z] Sep 15, 2026 9:18:27 AM com.google.cloud.datastore.emulator.impl.util.WrappedStreamObserver onError
WARNING: Operation failed: Document (projects/demo-lead-integration/databases/(default)/documents/leads/3e2aff4c09d97b8549acb122b6e7ba9d8de9f24efde4bd15a2140c95a1ea57e6) not found.
com.google.cloud.datastore.core.exception.DatastoreException: Document (projects/demo-lead-integration/databases/(default)/documents/leads/3e2aff4c09d97b8549acb122b6e7ba9d8de9f24efde4bd15a2140c95a1ea57e6) not found.
	at com.google.cloud.datastore.emulator.impl.firestore.CloudFirestoreV1.getDocument(CloudFirestoreV1.java:340)
	at com.google.cloud.datastore.emulator.impl.firestore.CloudFirestoreV1Router.getDocument(CloudFirestoreV1Router.java:132)
	at com.google.cloud.datastore.emulator.impl.firestore.CloudFirestoreV1Router.getOrListDocuments(CloudFirestoreV1Router.java:126)
	at com.google.cloud.datastore.emulator.firestore.v1.FirestoreV1GrpcAdapter$1.lambda$getOrListDocuments$0(FirestoreV1GrpcAdapter.java:108)
	at com.google.cloud.datastore.emulator.firestore.v1.FirestoreV1GrpcAdapter.unary(FirestoreV1GrpcAdapter.java:72)
	at com.google.cloud.datastore.emulator.firestore.v1.FirestoreV1GrpcAdapter$1.getOrListDocuments(FirestoreV1GrpcAdapter.java:108)
	at com.google.firestore.v1.FirestoreGrpc$MethodHandlers.invoke(FirestoreGrpc.java:1376)
	at io.grpc.stub.ServerCalls$UnaryServerCallHandler$UnaryServerCallListener.onHalfClose(ServerCalls.java:182)
	at io.grpc.PartialForwardingServerCallListener.onHalfClose(PartialForwardingServerCallListener.java:35)
	at io.grpc.ForwardingServerCallListener.onHalfClose(ForwardingServerCallListener.java:23)
	at io.grpc.ForwardingServerCallListener$SimpleForwardingServerCallListener.onHalfClose(ForwardingServerCallListener.java:40)
	at io.grpc.Contexts$ContextualizedServerCallListener.onHalfClose(Contexts.java:86)
	at io.grpc.PartialForwardingServerCallListener.onHalfClose(PartialForwardingServerCallListener.java:35)
	at io.grpc.ForwardingServerCallListener.onHalfClose(ForwardingServerCallListener.java:23)
	at io.grpc.ForwardingServerCallListener$SimpleForwardingServerCallListener.onHalfClose(ForwardingServerCallListener.java:40)
	at io.grpc.Contexts$ContextualizedServerCallListener.onHalfClose(Contexts.java:86)
	at io.grpc.internal.ServerCallImpl$ServerStreamListenerImpl.halfClosed(ServerCallImpl.java:356)
	at io.grpc.internal.ServerImpl$JumpToApplicationThreadServerStreamListener$1HalfClosed.runInContext(ServerImpl.java:861)
	at io.grpc.internal.ContextRunnable.run(ContextRunnable.java:37)
	at io.grpc.internal.SerializingExecutor.run(SerializingExecutor.java:133)
	at java.base/java.util.concurrent.ThreadPoolExecutor.runWorker(ThreadPoolExecutor.java:1144)
	at java.base/java.util.concurrent.ThreadPoolExecutor$Worker.run(ThreadPoolExecutor.java:642)
	at java.base/java.lang.Thread.run(Thread.java:1583)

 {"metadata":{"emulator":{"name":"firestore"},"message":"Sep 15, 2026 9:18:27 AM com.google.cloud.datastore.emulator.impl.util.WrappedStreamObserver onError\nWARNING: Operation failed: Document (projects/demo-lead-integration/databases/(default)/documents/leads/3e2aff4c09d97b8549acb122b6e7ba9d8de9f24efde4bd15a2140c95a1ea57e6) not found.\ncom.google.cloud.datastore.core.exception.DatastoreException: Document (projects/demo-lead-integration/databases/(default)/documents/leads/3e2aff4c09d97b8549acb122b6e7ba9d8de9f24efde4bd15a2140c95a1ea57e6) not found.\n\tat com.google.cloud.datastore.emulator.impl.firestore.CloudFirestoreV1.getDocument(CloudFirestoreV1.java:340)\n\tat com.google.cloud.datastore.emulator.impl.firestore.CloudFirestoreV1Router.getDocument(CloudFirestoreV1Router.java:132)\n\tat com.google.cloud.datastore.emulator.impl.firestore.CloudFirestoreV1Router.getOrListDocuments(CloudFirestoreV1Router.java:126)\n\tat com.google.cloud.datastore.emulator.firestore.v1.FirestoreV1GrpcAdapter$1.lambda$getOrListDocuments$0(FirestoreV1GrpcAdapter.java:108)\n\tat com.google.cloud.datastore.emulator.firestore.v1.FirestoreV1GrpcAdapter.unary(FirestoreV1GrpcAdapter.java:72)\n\tat com.google.cloud.datastore.emulator.firestore.v1.FirestoreV1GrpcAdapter$1.getOrListDocuments(FirestoreV1GrpcAdapter.java:108)\n\tat com.google.firestore.v1.FirestoreGrpc$MethodHandlers.invoke(FirestoreGrpc.java:1376)\n\tat io.grpc.stub.ServerCalls$UnaryServerCallHandler$UnaryServerCallListener.onHalfClose(ServerCalls.java:182)\n\tat io.grpc.PartialForwardingServerCallListener.onHalfClose(PartialForwardingServerCallListener.java:35)\n\tat io.grpc.ForwardingServerCallListener.onHalfClose(ForwardingServerCallListener.java:23)\n\tat io.grpc.ForwardingServerCallListener$SimpleForwardingServerCallListener.onHalfClose(ForwardingServerCallListener.java:40)\n\tat io.grpc.Contexts$ContextualizedServerCallListener.onHalfClose(Contexts.java:86)\n\tat io.grpc.PartialForwardingServerCallListener.onHalfClose(PartialForwardingServerCallListener.java:35)\n\tat io.grpc.ForwardingServerCallListener.onHalfClose(ForwardingServerCallListener.java:23)\n\tat io.grpc.ForwardingServerCallListener$SimpleForwardingServerCallListener.onHalfClose(ForwardingServerCallListener.java:40)\n\tat io.grpc.Contexts$ContextualizedServerCallListener.onHalfClose(Contexts.java:86)\n\tat io.grpc.internal.ServerCallImpl$ServerStreamListenerImpl.halfClosed(ServerCallImpl.java:356)\n\tat io.grpc.internal.ServerImpl$JumpToApplicationThreadServerStreamListener$1HalfClosed.runInContext(ServerImpl.java:861)\n\tat io.grpc.internal.ContextRunnable.run(ContextRunnable.java:37)\n\tat io.grpc.internal.SerializingExecutor.run(SerializingExecutor.java:133)\n\tat java.base/java.util.concurrent.ThreadPoolExecutor.runWorker(ThreadPoolExecutor.java:1144)\n\tat java.base/java.util.concurrent.ThreadPoolExecutor$Worker.run(ThreadPoolExecutor.java:642)\n\tat java.base/java.lang.Thread.run(Thread.java:1583)\n\n"}}
[debug] [2026-09-15T14:18:27.468Z] Sep 15, 2026 9:18:27 AM io.gapi.emulators.netty.HttpHandler$1 onError
INFO: Exception when handling request: NOT_FOUND: Document (projects/demo-lead-integration/databases/(default)/documents/leads/3e2aff4c09d97b8549acb122b6e7ba9d8de9f24efde4bd15a2140c95a1ea57e6) not found.
 {"metadata":{"emulator":{"name":"firestore"},"message":"Sep 15, 2026 9:18:27 AM io.gapi.emulators.netty.HttpHandler$1 onError\nINFO: Exception when handling request: NOT_FOUND: Document (projects/demo-lead-integration/databases/(default)/documents/leads/3e2aff4c09d97b8549acb122b6e7ba9d8de9f24efde4bd15a2140c95a1ea57e6) not found.\n"}}
[debug] [2026-09-15T14:18:27.469Z] Multiple projectIds are not recommended in single project mode. Requested project ID demo-lead-integration, but the emulator is configured for demo-not-the-rug. To opt-out of single project mode add/set the '"singleProjectMode": false' property in the firebase.json emulators config.
 {"metadata":{"emulator":{"name":"firestore"},"message":"Multiple projectIds are not recommended in single project mode. Requested project ID demo-lead-integration, but the emulator is configured for demo-not-the-rug. To opt-out of single project mode add/set the '\"singleProjectMode\": false' property in the firebase.json emulators config.\n"}}
[debug] [2026-09-15T14:18:27.471Z] Multiple projectIds are not recommended in single project mode. Requested project ID demo-lead-integration, but the emulator is configured for demo-not-the-rug. To opt-out of single project mode add/set the '"singleProjectMode": false' property in the firebase.json emulators config.
 {"metadata":{"emulator":{"name":"firestore"},"message":"Multiple projectIds are not recommended in single project mode. Requested project ID demo-lead-integration, but the emulator is configured for demo-not-the-rug. To opt-out of single project mode add/set the '\"singleProjectMode\": false' property in the firebase.json emulators config.\n"}}
[debug] [2026-09-15T14:18:27.473Z] Multiple projectIds are not recommended in single project mode. Requested project ID demo-lead-integration, but the emulator is configured for demo-not-the-rug. To opt-out of single project mode add/set the '"singleProjectMode": false' property in the firebase.json emulators config.
 {"metadata":{"emulator":{"name":"firestore"},"message":"Multiple projectIds are not recommended in single project mode. Requested project ID demo-lead-integration, but the emulator is configured for demo-not-the-rug. To opt-out of single project mode add/set the '\"singleProjectMode\": false' property in the firebase.json emulators config.\n"}}
[debug] [2026-09-15T14:18:27.474Z] Multiple projectIds are not recommended in single project mode. Requested project ID demo-lead-integration, but the emulator is configured for demo-not-the-rug. To opt-out of single project mode add/set the '"singleProjectMode": false' property in the firebase.json emulators config.
 {"metadata":{"emulator":{"name":"firestore"},"message":"Multiple projectIds are not recommended in single project mode. Requested project ID demo-lead-integration, but the emulator is configured for demo-not-the-rug. To opt-out of single project mode add/set the '\"singleProjectMode\": false' property in the firebase.json emulators config.\n"}}
[debug] [2026-09-15T14:18:27.475Z] Sep 15, 2026 9:18:27 AM com.google.cloud.datastore.emulator.impl.util.WrappedStreamObserver onError
WARNING: Operation failed: Document (projects/demo-lead-integration/databases/(default)/documents/leads/318643c832d5709e835da2872c46232cf6d9b6b9698d769d0425eb01daa69b5e) not found.
com.google.cloud.datastore.core.exception.DatastoreException: Document (projects/demo-lead-integration/databases/(default)/documents/leads/318643c832d5709e835da2872c46232cf6d9b6b9698d769d0425eb01daa69b5e) not found.
	at com.google.cloud.datastore.emulator.impl.firestore.CloudFirestoreV1.getDocument(CloudFirestoreV1.java:340)
	at com.google.cloud.datastore.emulator.impl.firestore.CloudFirestoreV1Router.getDocument(CloudFirestoreV1Router.java:132)
	at com.google.cloud.datastore.emulator.impl.firestore.CloudFirestoreV1Router.getOrListDocuments(CloudFirestoreV1Router.java:126)
	at com.google.cloud.datastore.emulator.firestore.v1.FirestoreV1GrpcAdapter$1.lambda$getOrListDocuments$0(FirestoreV1GrpcAdapter.java:108)
	at com.google.cloud.datastore.emulator.firestore.v1.FirestoreV1GrpcAdapter.unary(FirestoreV1GrpcAdapter.java:72)
	at com.google.cloud.datastore.emulator.firestore.v1.FirestoreV1GrpcAdapter$1.getOrListDocuments(FirestoreV1GrpcAdapter.java:108)
	at com.google.firestore.v1.FirestoreGrpc$MethodHandlers.invoke(FirestoreGrpc.java:1376)
	at io.grpc.stub.ServerCalls$UnaryServerCallHandler$UnaryServerCallListener.onHalfClose(ServerCalls.java:182)
	at io.grpc.PartialForwardingServerCallListener.onHalfClose(PartialForwardingServerCallListener.java:35)
	at io.grpc.ForwardingServerCallListener.onHalfClose(ForwardingServerCallListener.java:23)
	at io.grpc.ForwardingServerCallListener$SimpleForwardingServerCallListener.onHalfClose(ForwardingServerCallListener.java:40)
	at io.grpc.Contexts$ContextualizedServerCallListener.onHalfClose(Contexts.java:86)
	at io.grpc.PartialForwardingServerCallListener.onHalfClose(PartialForwardingServerCallListener.java:35)
	at io.grpc.ForwardingServerCallListener.onHalfClose(ForwardingServerCallListener.java:23)
	at io.grpc.ForwardingServerCallListener$SimpleForwardingServerCallListener.onHalfClose(ForwardingServerCallListener.java:40)
	at io.grpc.Contexts$ContextualizedServerCallListener.onHalfClose(Contexts.java:86)
	at io.grpc.internal.ServerCallImpl$ServerStreamListenerImpl.halfClosed(ServerCallImpl.java:356)
	at io.grpc.internal.ServerImpl$JumpToApplicationThreadServerStreamListener$1HalfClosed.runInContext(ServerImpl.java:861)
	at io.grpc.internal.ContextRunnable.run(ContextRunnable.java:37)
	at io.grpc.internal.SerializingExecutor.run(SerializingExecutor.java:133)
	at java.base/java.util.concurrent.ThreadPoolExecutor.runWorker(ThreadPoolExecutor.java:1144)
	at java.base/java.util.concurrent.ThreadPoolExecutor$Worker.run(ThreadPoolExecutor.java:642)
	at java.base/java.lang.Thread.run(Thread.java:1583)

 {"metadata":{"emulator":{"name":"firestore"},"message":"Sep 15, 2026 9:18:27 AM com.google.cloud.datastore.emulator.impl.util.WrappedStreamObserver onError\nWARNING: Operation failed: Document (projects/demo-lead-integration/databases/(default)/documents/leads/318643c832d5709e835da2872c46232cf6d9b6b9698d769d0425eb01daa69b5e) not found.\ncom.google.cloud.datastore.core.exception.DatastoreException: Document (projects/demo-lead-integration/databases/(default)/documents/leads/318643c832d5709e835da2872c46232cf6d9b6b9698d769d0425eb01daa69b5e) not found.\n\tat com.google.cloud.datastore.emulator.impl.firestore.CloudFirestoreV1.getDocument(CloudFirestoreV1.java:340)\n\tat com.google.cloud.datastore.emulator.impl.firestore.CloudFirestoreV1Router.getDocument(CloudFirestoreV1Router.java:132)\n\tat com.google.cloud.datastore.emulator.impl.firestore.CloudFirestoreV1Router.getOrListDocuments(CloudFirestoreV1Router.java:126)\n\tat com.google.cloud.datastore.emulator.firestore.v1.FirestoreV1GrpcAdapter$1.lambda$getOrListDocuments$0(FirestoreV1GrpcAdapter.java:108)\n\tat com.google.cloud.datastore.emulator.firestore.v1.FirestoreV1GrpcAdapter.unary(FirestoreV1GrpcAdapter.java:72)\n\tat com.google.cloud.datastore.emulator.firestore.v1.FirestoreV1GrpcAdapter$1.getOrListDocuments(FirestoreV1GrpcAdapter.java:108)\n\tat com.google.firestore.v1.FirestoreGrpc$MethodHandlers.invoke(FirestoreGrpc.java:1376)\n\tat io.grpc.stub.ServerCalls$UnaryServerCallHandler$UnaryServerCallListener.onHalfClose(ServerCalls.java:182)\n\tat io.grpc.PartialForwardingServerCallListener.onHalfClose(PartialForwardingServerCallListener.java:35)\n\tat io.grpc.ForwardingServerCallListener.onHalfClose(ForwardingServerCallListener.java:23)\n\tat io.grpc.ForwardingServerCallListener$SimpleForwardingServerCallListener.onHalfClose(ForwardingServerCallListener.java:40)\n\tat io.grpc.Contexts$ContextualizedServerCallListener.onHalfClose(Contexts.java:86)\n\tat io.grpc.PartialForwardingServerCallListener.onHalfClose(PartialForwardingServerCallListener.java:35)\n\tat io.grpc.ForwardingServerCallListener.onHalfClose(ForwardingServerCallListener.java:23)\n\tat io.grpc.ForwardingServerCallListener$SimpleForwardingServerCallListener.onHalfClose(ForwardingServerCallListener.java:40)\n\tat io.grpc.Contexts$ContextualizedServerCallListener.onHalfClose(Contexts.java:86)\n\tat io.grpc.internal.ServerCallImpl$ServerStreamListenerImpl.halfClosed(ServerCallImpl.java:356)\n\tat io.grpc.internal.ServerImpl$JumpToApplicationThreadServerStreamListener$1HalfClosed.runInContext(ServerImpl.java:861)\n\tat io.grpc.internal.ContextRunnable.run(ContextRunnable.java:37)\n\tat io.grpc.internal.SerializingExecutor.run(SerializingExecutor.java:133)\n\tat java.base/java.util.concurrent.ThreadPoolExecutor.runWorker(ThreadPoolExecutor.java:1144)\n\tat java.base/java.util.concurrent.ThreadPoolExecutor$Worker.run(ThreadPoolExecutor.java:642)\n\tat java.base/java.lang.Thread.run(Thread.java:1583)\n\n"}}
[debug] [2026-09-15T14:18:27.475Z] Sep 15, 2026 9:18:27 AM io.gapi.emulators.netty.HttpHandler$1 onError
INFO: Exception when handling request: NOT_FOUND: Document (projects/demo-lead-integration/databases/(default)/documents/leads/318643c832d5709e835da2872c46232cf6d9b6b9698d769d0425eb01daa69b5e) not found.
 {"metadata":{"emulator":{"name":"firestore"},"message":"Sep 15, 2026 9:18:27 AM io.gapi.emulators.netty.HttpHandler$1 onError\nINFO: Exception when handling request: NOT_FOUND: Document (projects/demo-lead-integration/databases/(default)/documents/leads/318643c832d5709e835da2872c46232cf6d9b6b9698d769d0425eb01daa69b5e) not found.\n"}}
[debug] [2026-09-15T14:18:27.476Z] Multiple projectIds are not recommended in single project mode. Requested project ID demo-lead-integration, but the emulator is configured for demo-not-the-rug. To opt-out of single project mode add/set the '"singleProjectMode": false' property in the firebase.json emulators config.
 {"metadata":{"emulator":{"name":"firestore"},"message":"Multiple projectIds are not recommended in single project mode. Requested project ID demo-lead-integration, but the emulator is configured for demo-not-the-rug. To opt-out of single project mode add/set the '\"singleProjectMode\": false' property in the firebase.json emulators config.\n"}}
[debug] [2026-09-15T14:18:27.478Z] Multiple projectIds are not recommended in single project mode. Requested project ID demo-lead-integration, but the emulator is configured for demo-not-the-rug. To opt-out of single project mode add/set the '"singleProjectMode": false' property in the firebase.json emulators config.
 {"metadata":{"emulator":{"name":"firestore"},"message":"Multiple projectIds are not recommended in single project mode. Requested project ID demo-lead-integration, but the emulator is configured for demo-not-the-rug. To opt-out of single project mode add/set the '\"singleProjectMode\": false' property in the firebase.json emulators config.\n"}}
[debug] [2026-09-15T14:18:27.479Z] Multiple projectIds are not recommended in single project mode. Requested project ID demo-lead-integration, but the emulator is configured for demo-not-the-rug. To opt-out of single project mode add/set the '"singleProjectMode": false' property in the firebase.json emulators config.
 {"metadata":{"emulator":{"name":"firestore"},"message":"Multiple projectIds are not recommended in single project mode. Requested project ID demo-lead-integration, but the emulator is configured for demo-not-the-rug. To opt-out of single project mode add/set the '\"singleProjectMode\": false' property in the firebase.json emulators config.\n"}}
[debug] [2026-09-15T14:18:27.481Z] Multiple projectIds are not recommended in single project mode. Requested project ID demo-lead-integration, but the emulator is configured for demo-not-the-rug. To opt-out of single project mode add/set the '"singleProjectMode": false' property in the firebase.json emulators config.
 {"metadata":{"emulator":{"name":"firestore"},"message":"Multiple projectIds are not recommended in single project mode. Requested project ID demo-lead-integration, but the emulator is configured for demo-not-the-rug. To opt-out of single project mode add/set the '\"singleProjectMode\": false' property in the firebase.json emulators config.\n"}}
[debug] [2026-09-15T14:18:27.481Z] Sep 15, 2026 9:18:27 AM com.google.cloud.datastore.emulator.impl.util.WrappedStreamObserver onError
WARNING: Operation failed: Document (projects/demo-lead-integration/databases/(default)/documents/leads/1e73280cb035806df9713c9bdda9f081090d4f65153230227de8f89743f99f9c) not found.
com.google.cloud.datastore.core.exception.DatastoreException: Document (projects/demo-lead-integration/databases/(default)/documents/leads/1e73280cb035806df9713c9bdda9f081090d4f65153230227de8f89743f99f9c) not found.
	at com.google.cloud.datastore.emulator.impl.firestore.CloudFirestoreV1.getDocument(CloudFirestoreV1.java:340)
	at com.google.cloud.datastore.emulator.impl.firestore.CloudFirestoreV1Router.getDocument(CloudFirestoreV1Router.java:132)
	at com.google.cloud.datastore.emulator.impl.firestore.CloudFirestoreV1Router.getOrListDocuments(CloudFirestoreV1Router.java:126)
	at com.google.cloud.datastore.emulator.firestore.v1.FirestoreV1GrpcAdapter$1.lambda$getOrListDocuments$0(FirestoreV1GrpcAdapter.java:108)
	at com.google.cloud.datastore.emulator.firestore.v1.FirestoreV1GrpcAdapter.unary(FirestoreV1GrpcAdapter.java:72)
	at com.google.cloud.datastore.emulator.firestore.v1.FirestoreV1GrpcAdapter$1.getOrListDocuments(FirestoreV1GrpcAdapter.java:108)
	at com.google.firestore.v1.FirestoreGrpc$MethodHandlers.invoke(FirestoreGrpc.java:1376)
	at io.grpc.stub.ServerCalls$UnaryServerCallHandler$UnaryServerCallListener.onHalfClose(ServerCalls.java:182)
	at io.grpc.PartialForwardingServerCallListener.onHalfClose(PartialForwardingServerCallListener.java:35)
	at io.grpc.ForwardingServerCallListener.onHalfClose(ForwardingServerCallListener.java:23)
	at io.grpc.ForwardingServerCallListener$SimpleForwardingServerCallListener.onHalfClose(ForwardingServerCallListener.java:40)
	at io.grpc.Contexts$ContextualizedServerCallListener.onHalfClose(Contexts.java:86)
	at io.grpc.PartialForwardingServerCallListener.onHalfClose(PartialForwardingServerCallListener.java:35)
	at io.grpc.ForwardingServerCallListener.onHalfClose(ForwardingServerCallListener.java:23)
	at io.grpc.ForwardingServerCallListener$SimpleForwardingServerCallListener.onHalfClose(ForwardingServerCallListener.java:40)
	at io.grpc.Contexts$ContextualizedServerCallListener.onHalfClose(Contexts.java:86)
	at io.grpc.internal.ServerCallImpl$ServerStreamListenerImpl.halfClosed(ServerCallImpl.java:356)
	at io.grpc.internal.ServerImpl$JumpToApplicationThreadServerStreamListener$1HalfClosed.runInContext(ServerImpl.java:861)
	at io.grpc.internal.ContextRunnable.run(ContextRunnable.java:37)
	at io.grpc.internal.SerializingExecutor.run(SerializingExecutor.java:133)
	at java.base/java.util.concurrent.ThreadPoolExecutor.runWorker(ThreadPoolExecutor.java:1144)
	at java.base/java.util.concurrent.ThreadPoolExecutor$Worker.run(ThreadPoolExecutor.java:642)
	at java.base/java.lang.Thread.run(Thread.java:1583)

 {"metadata":{"emulator":{"name":"firestore"},"message":"Sep 15, 2026 9:18:27 AM com.google.cloud.datastore.emulator.impl.util.WrappedStreamObserver onError\nWARNING: Operation failed: Document (projects/demo-lead-integration/databases/(default)/documents/leads/1e73280cb035806df9713c9bdda9f081090d4f65153230227de8f89743f99f9c) not found.\ncom.google.cloud.datastore.core.exception.DatastoreException: Document (projects/demo-lead-integration/databases/(default)/documents/leads/1e73280cb035806df9713c9bdda9f081090d4f65153230227de8f89743f99f9c) not found.\n\tat com.google.cloud.datastore.emulator.impl.firestore.CloudFirestoreV1.getDocument(CloudFirestoreV1.java:340)\n\tat com.google.cloud.datastore.emulator.impl.firestore.CloudFirestoreV1Router.getDocument(CloudFirestoreV1Router.java:132)\n\tat com.google.cloud.datastore.emulator.impl.firestore.CloudFirestoreV1Router.getOrListDocuments(CloudFirestoreV1Router.java:126)\n\tat com.google.cloud.datastore.emulator.firestore.v1.FirestoreV1GrpcAdapter$1.lambda$getOrListDocuments$0(FirestoreV1GrpcAdapter.java:108)\n\tat com.google.cloud.datastore.emulator.firestore.v1.FirestoreV1GrpcAdapter.unary(FirestoreV1GrpcAdapter.java:72)\n\tat com.google.cloud.datastore.emulator.firestore.v1.FirestoreV1GrpcAdapter$1.getOrListDocuments(FirestoreV1GrpcAdapter.java:108)\n\tat com.google.firestore.v1.FirestoreGrpc$MethodHandlers.invoke(FirestoreGrpc.java:1376)\n\tat io.grpc.stub.ServerCalls$UnaryServerCallHandler$UnaryServerCallListener.onHalfClose(ServerCalls.java:182)\n\tat io.grpc.PartialForwardingServerCallListener.onHalfClose(PartialForwardingServerCallListener.java:35)\n\tat io.grpc.ForwardingServerCallListener.onHalfClose(ForwardingServerCallListener.java:23)\n\tat io.grpc.ForwardingServerCallListener$SimpleForwardingServerCallListener.onHalfClose(ForwardingServerCallListener.java:40)\n\tat io.grpc.Contexts$ContextualizedServerCallListener.onHalfClose(Contexts.java:86)\n\tat io.grpc.PartialForwardingServerCallListener.onHalfClose(PartialForwardingServerCallListener.java:35)\n\tat io.grpc.ForwardingServerCallListener.onHalfClose(ForwardingServerCallListener.java:23)\n\tat io.grpc.ForwardingServerCallListener$SimpleForwardingServerCallListener.onHalfClose(ForwardingServerCallListener.java:40)\n\tat io.grpc.Contexts$ContextualizedServerCallListener.onHalfClose(Contexts.java:86)\n\tat io.grpc.internal.ServerCallImpl$ServerStreamListenerImpl.halfClosed(ServerCallImpl.java:356)\n\tat io.grpc.internal.ServerImpl$JumpToApplicationThreadServerStreamListener$1HalfClosed.runInContext(ServerImpl.java:861)\n\tat io.grpc.internal.ContextRunnable.run(ContextRunnable.java:37)\n\tat io.grpc.internal.SerializingExecutor.run(SerializingExecutor.java:133)\n\tat java.base/java.util.concurrent.ThreadPoolExecutor.runWorker(ThreadPoolExecutor.java:1144)\n\tat java.base/java.util.concurrent.ThreadPoolExecutor$Worker.run(ThreadPoolExecutor.java:642)\n\tat java.base/java.lang.Thread.run(Thread.java:1583)\n\n"}}
[debug] [2026-09-15T14:18:27.481Z] Sep 15, 2026 9:18:27 AM io.gapi.emulators.netty.HttpHandler$1 onError
INFO: Exception when handling request: NOT_FOUND: Document (projects/demo-lead-integration/databases/(default)/documents/leads/1e73280cb035806df9713c9bdda9f081090d4f65153230227de8f89743f99f9c) not found.
 {"metadata":{"emulator":{"name":"firestore"},"message":"Sep 15, 2026 9:18:27 AM io.gapi.emulators.netty.HttpHandler$1 onError\nINFO: Exception when handling request: NOT_FOUND: Document (projects/demo-lead-integration/databases/(default)/documents/leads/1e73280cb035806df9713c9bdda9f081090d4f65153230227de8f89743f99f9c) not found.\n"}}
[debug] [2026-09-15T14:18:27.482Z] Multiple projectIds are not recommended in single project mode. Requested project ID demo-lead-integration, but the emulator is configured for demo-not-the-rug. To opt-out of single project mode add/set the '"singleProjectMode": false' property in the firebase.json emulators config.
 {"metadata":{"emulator":{"name":"firestore"},"message":"Multiple projectIds are not recommended in single project mode. Requested project ID demo-lead-integration, but the emulator is configured for demo-not-the-rug. To opt-out of single project mode add/set the '\"singleProjectMode\": false' property in the firebase.json emulators config.\n"}}
[debug] [2026-09-15T14:18:27.484Z] Multiple projectIds are not recommended in single project mode. Requested project ID demo-lead-integration, but the emulator is configured for demo-not-the-rug. To opt-out of single project mode add/set the '"singleProjectMode": false' property in the firebase.json emulators config.
 {"metadata":{"emulator":{"name":"firestore"},"message":"Multiple projectIds are not recommended in single project mode. Requested project ID demo-lead-integration, but the emulator is configured for demo-not-the-rug. To opt-out of single project mode add/set the '\"singleProjectMode\": false' property in the firebase.json emulators config.\n"}}
[debug] [2026-09-15T14:18:27.486Z] Multiple projectIds are not recommended in single project mode. Requested project ID demo-lead-integration, but the emulator is configured for demo-not-the-rug. To opt-out of single project mode add/set the '"singleProjectMode": false' property in the firebase.json emulators config.
 {"metadata":{"emulator":{"name":"firestore"},"message":"Multiple projectIds are not recommended in single project mode. Requested project ID demo-lead-integration, but the emulator is configured for demo-not-the-rug. To opt-out of single project mode add/set the '\"singleProjectMode\": false' property in the firebase.json emulators config.\n"}}
[debug] [2026-09-15T14:18:27.487Z] Multiple projectIds are not recommended in single project mode. Requested project ID demo-lead-integration, but the emulator is configured for demo-not-the-rug. To opt-out of single project mode add/set the '"singleProjectMode": false' property in the firebase.json emulators config.
 {"metadata":{"emulator":{"name":"firestore"},"message":"Multiple projectIds are not recommended in single project mode. Requested project ID demo-lead-integration, but the emulator is configured for demo-not-the-rug. To opt-out of single project mode add/set the '\"singleProjectMode\": false' property in the firebase.json emulators config.\n"}}
[debug] [2026-09-15T14:18:27.488Z] Sep 15, 2026 9:18:27 AM com.google.cloud.datastore.emulator.impl.util.WrappedStreamObserver onError
WARNING: Operation failed: Document (projects/demo-lead-integration/databases/(default)/documents/leads/e9a3f493e89cc39499f70fcf93857ef175bd89f1bcaffe213a1fe338f6a89e6e) not found.
com.google.cloud.datastore.core.exception.DatastoreException: Document (projects/demo-lead-integration/databases/(default)/documents/leads/e9a3f493e89cc39499f70fcf93857ef175bd89f1bcaffe213a1fe338f6a89e6e) not found.
	at com.google.cloud.datastore.emulator.impl.firestore.CloudFirestoreV1.getDocument(CloudFirestoreV1.java:340)
	at com.google.cloud.datastore.emulator.impl.firestore.CloudFirestoreV1Router.getDocument(CloudFirestoreV1Router.java:132)
	at com.google.cloud.datastore.emulator.impl.firestore.CloudFirestoreV1Router.getOrListDocuments(CloudFirestoreV1Router.java:126)
	at com.google.cloud.datastore.emulator.firestore.v1.FirestoreV1GrpcAdapter$1.lambda$getOrListDocuments$0(FirestoreV1GrpcAdapter.java:108)
	at com.google.cloud.datastore.emulator.firestore.v1.FirestoreV1GrpcAdapter.unary(FirestoreV1GrpcAdapter.java:72)
	at com.google.cloud.datastore.emulator.firestore.v1.FirestoreV1GrpcAdapter$1.getOrListDocuments(FirestoreV1GrpcAdapter.java:108)
	at com.google.firestore.v1.FirestoreGrpc$MethodHandlers.invoke(FirestoreGrpc.java:1376)
	at io.grpc.stub.ServerCalls$UnaryServerCallHandler$UnaryServerCallListener.onHalfClose(ServerCalls.java:182)
	at io.grpc.PartialForwardingServerCallListener.onHalfClose(PartialForwardingServerCallListener.java:35)
	at io.grpc.ForwardingServerCallListener.onHalfClose(ForwardingServerCallListener.java:23)
	at io.grpc.ForwardingServerCallListener$SimpleForwardingServerCallListener.onHalfClose(ForwardingServerCallListener.java:40)
	at io.grpc.Contexts$ContextualizedServerCallListener.onHalfClose(Contexts.java:86)
	at io.grpc.PartialForwardingServerCallListener.onHalfClose(PartialForwardingServerCallListener.java:35)
	at io.grpc.ForwardingServerCallListener.onHalfClose(ForwardingServerCallListener.java:23)
	at io.grpc.ForwardingServerCallListener$SimpleForwardingServerCallListener.onHalfClose(ForwardingServerCallListener.java:40)
	at io.grpc.Contexts$ContextualizedServerCallListener.onHalfClose(Contexts.java:86)
	at io.grpc.internal.ServerCallImpl$ServerStreamListenerImpl.halfClosed(ServerCallImpl.java:356)
	at io.grpc.internal.ServerImpl$JumpToApplicationThreadServerStreamListener$1HalfClosed.runInContext(ServerImpl.java:861)
	at io.grpc.internal.ContextRunnable.run(ContextRunnable.java:37)
	at io.grpc.internal.SerializingExecutor.run(SerializingExecutor.java:133)
	at java.base/java.util.concurrent.ThreadPoolExecutor.runWorker(ThreadPoolExecutor.java:1144)
	at java.base/java.util.concurrent.ThreadPoolExecutor$Worker.run(ThreadPoolExecutor.java:642)
	at java.base/java.lang.Thread.run(Thread.java:1583)

 {"metadata":{"emulator":{"name":"firestore"},"message":"Sep 15, 2026 9:18:27 AM com.google.cloud.datastore.emulator.impl.util.WrappedStreamObserver onError\nWARNING: Operation failed: Document (projects/demo-lead-integration/databases/(default)/documents/leads/e9a3f493e89cc39499f70fcf93857ef175bd89f1bcaffe213a1fe338f6a89e6e) not found.\ncom.google.cloud.datastore.core.exception.DatastoreException: Document (projects/demo-lead-integration/databases/(default)/documents/leads/e9a3f493e89cc39499f70fcf93857ef175bd89f1bcaffe213a1fe338f6a89e6e) not found.\n\tat com.google.cloud.datastore.emulator.impl.firestore.CloudFirestoreV1.getDocument(CloudFirestoreV1.java:340)\n\tat com.google.cloud.datastore.emulator.impl.firestore.CloudFirestoreV1Router.getDocument(CloudFirestoreV1Router.java:132)\n\tat com.google.cloud.datastore.emulator.impl.firestore.CloudFirestoreV1Router.getOrListDocuments(CloudFirestoreV1Router.java:126)\n\tat com.google.cloud.datastore.emulator.firestore.v1.FirestoreV1GrpcAdapter$1.lambda$getOrListDocuments$0(FirestoreV1GrpcAdapter.java:108)\n\tat com.google.cloud.datastore.emulator.firestore.v1.FirestoreV1GrpcAdapter.unary(FirestoreV1GrpcAdapter.java:72)\n\tat com.google.cloud.datastore.emulator.firestore.v1.FirestoreV1GrpcAdapter$1.getOrListDocuments(FirestoreV1GrpcAdapter.java:108)\n\tat com.google.firestore.v1.FirestoreGrpc$MethodHandlers.invoke(FirestoreGrpc.java:1376)\n\tat io.grpc.stub.ServerCalls$UnaryServerCallHandler$UnaryServerCallListener.onHalfClose(ServerCalls.java:182)\n\tat io.grpc.PartialForwardingServerCallListener.onHalfClose(PartialForwardingServerCallListener.java:35)\n\tat io.grpc.ForwardingServerCallListener.onHalfClose(ForwardingServerCallListener.java:23)\n\tat io.grpc.ForwardingServerCallListener$SimpleForwardingServerCallListener.onHalfClose(ForwardingServerCallListener.java:40)\n\tat io.grpc.Contexts$ContextualizedServerCallListener.onHalfClose(Contexts.java:86)\n\tat io.grpc.PartialForwardingServerCallListener.onHalfClose(PartialForwardingServerCallListener.java:35)\n\tat io.grpc.ForwardingServerCallListener.onHalfClose(ForwardingServerCallListener.java:23)\n\tat io.grpc.ForwardingServerCallListener$SimpleForwardingServerCallListener.onHalfClose(ForwardingServerCallListener.java:40)\n\tat io.grpc.Contexts$ContextualizedServerCallListener.onHalfClose(Contexts.java:86)\n\tat io.grpc.internal.ServerCallImpl$ServerStreamListenerImpl.halfClosed(ServerCallImpl.java:356)\n\tat io.grpc.internal.ServerImpl$JumpToApplicationThreadServerStreamListener$1HalfClosed.runInContext(ServerImpl.java:861)\n\tat io.grpc.internal.ContextRunnable.run(ContextRunnable.java:37)\n\tat io.grpc.internal.SerializingExecutor.run(SerializingExecutor.java:133)\n\tat java.base/java.util.concurrent.ThreadPoolExecutor.runWorker(ThreadPoolExecutor.java:1144)\n\tat java.base/java.util.concurrent.ThreadPoolExecutor$Worker.run(ThreadPoolExecutor.java:642)\n\tat java.base/java.lang.Thread.run(Thread.java:1583)\n\n"}}
[debug] [2026-09-15T14:18:27.488Z] Sep 15, 2026 9:18:27 AM io.gapi.emulators.netty.HttpHandler$1 onError
INFO: Exception when handling request: NOT_FOUND: Document (projects/demo-lead-integration/databases/(default)/documents/leads/e9a3f493e89cc39499f70fcf93857ef175bd89f1bcaffe213a1fe338f6a89e6e) not found.
 {"metadata":{"emulator":{"name":"firestore"},"message":"Sep 15, 2026 9:18:27 AM io.gapi.emulators.netty.HttpHandler$1 onError\nINFO: Exception when handling request: NOT_FOUND: Document (projects/demo-lead-integration/databases/(default)/documents/leads/e9a3f493e89cc39499f70fcf93857ef175bd89f1bcaffe213a1fe338f6a89e6e) not found.\n"}}
[debug] [2026-09-15T14:18:27.489Z] Multiple projectIds are not recommended in single project mode. Requested project ID demo-lead-integration, but the emulator is configured for demo-not-the-rug. To opt-out of single project mode add/set the '"singleProjectMode": false' property in the firebase.json emulators config.
 {"metadata":{"emulator":{"name":"firestore"},"message":"Multiple projectIds are not recommended in single project mode. Requested project ID demo-lead-integration, but the emulator is configured for demo-not-the-rug. To opt-out of single project mode add/set the '\"singleProjectMode\": false' property in the firebase.json emulators config.\n"}}
[debug] [2026-09-15T14:18:27.491Z] Multiple projectIds are not recommended in single project mode. Requested project ID demo-lead-integration, but the emulator is configured for demo-not-the-rug. To opt-out of single project mode add/set the '"singleProjectMode": false' property in the firebase.json emulators config.
 {"metadata":{"emulator":{"name":"firestore"},"message":"Multiple projectIds are not recommended in single project mode. Requested project ID demo-lead-integration, but the emulator is configured for demo-not-the-rug. To opt-out of single project mode add/set the '\"singleProjectMode\": false' property in the firebase.json emulators config.\n"}}
[debug] [2026-09-15T14:18:27.492Z] Multiple projectIds are not recommended in single project mode. Requested project ID demo-lead-integration, but the emulator is configured for demo-not-the-rug. To opt-out of single project mode add/set the '"singleProjectMode": false' property in the firebase.json emulators config.
 {"metadata":{"emulator":{"name":"firestore"},"message":"Multiple projectIds are not recommended in single project mode. Requested project ID demo-lead-integration, but the emulator is configured for demo-not-the-rug. To opt-out of single project mode add/set the '\"singleProjectMode\": false' property in the firebase.json emulators config.\n"}}
[debug] [2026-09-15T14:18:27.494Z] Multiple projectIds are not recommended in single project mode. Requested project ID demo-lead-integration, but the emulator is configured for demo-not-the-rug. To opt-out of single project mode add/set the '"singleProjectMode": false' property in the firebase.json emulators config.
 {"metadata":{"emulator":{"name":"firestore"},"message":"Multiple projectIds are not recommended in single project mode. Requested project ID demo-lead-integration, but the emulator is configured for demo-not-the-rug. To opt-out of single project mode add/set the '\"singleProjectMode\": false' property in the firebase.json emulators config.\n"}}
[debug] [2026-09-15T14:18:27.496Z] Multiple projectIds are not recommended in single project mode. Requested project ID demo-lead-integration, but the emulator is configured for demo-not-the-rug. To opt-out of single project mode add/set the '"singleProjectMode": false' property in the firebase.json emulators config.
 {"metadata":{"emulator":{"name":"firestore"},"message":"Multiple projectIds are not recommended in single project mode. Requested project ID demo-lead-integration, but the emulator is configured for demo-not-the-rug. To opt-out of single project mode add/set the '\"singleProjectMode\": false' property in the firebase.json emulators config.\n"}}
[debug] [2026-09-15T14:18:27.499Z] Multiple projectIds are not recommended in single project mode. Requested project ID demo-lead-integration, but the emulator is configured for demo-not-the-rug. To opt-out of single project mode add/set the '"singleProjectMode": false' property in the firebase.json emulators config.
 {"metadata":{"emulator":{"name":"firestore"},"message":"Multiple projectIds are not recommended in single project mode. Requested project ID demo-lead-integration, but the emulator is configured for demo-not-the-rug. To opt-out of single project mode add/set the '\"singleProjectMode\": false' property in the firebase.json emulators config.\n"}}
[debug] [2026-09-15T14:18:27.505Z] Multiple projectIds are not recommended in single project mode. Requested project ID demo-lead-integration, but the emulator is configured for demo-not-the-rug. To opt-out of single project mode add/set the '"singleProjectMode": false' property in the firebase.json emulators config.
 {"metadata":{"emulator":{"name":"firestore"},"message":"Multiple projectIds are not recommended in single project mode. Requested project ID demo-lead-integration, but the emulator is configured for demo-not-the-rug. To opt-out of single project mode add/set the '\"singleProjectMode\": false' property in the firebase.json emulators config.\n"}}
[debug] [2026-09-15T14:18:27.507Z] Multiple projectIds are not recommended in single project mode. Requested project ID demo-lead-integration, but the emulator is configured for demo-not-the-rug. To opt-out of single project mode add/set the '"singleProjectMode": false' property in the firebase.json emulators config.
 {"metadata":{"emulator":{"name":"firestore"},"message":"Multiple projectIds are not recommended in single project mode. Requested project ID demo-lead-integration, but the emulator is configured for demo-not-the-rug. To opt-out of single project mode add/set the '\"singleProjectMode\": false' property in the firebase.json emulators config.\n"}}
[debug] [2026-09-15T14:18:27.509Z] Multiple projectIds are not recommended in single project mode. Requested project ID demo-lead-integration, but the emulator is configured for demo-not-the-rug. To opt-out of single project mode add/set the '"singleProjectMode": false' property in the firebase.json emulators config.
 {"metadata":{"emulator":{"name":"firestore"},"message":"Multiple projectIds are not recommended in single project mode. Requested project ID demo-lead-integration, but the emulator is configured for demo-not-the-rug. To opt-out of single project mode add/set the '\"singleProjectMode\": false' property in the firebase.json emulators config.\n"}}
[debug] [2026-09-15T14:18:27.510Z] Multiple projectIds are not recommended in single project mode. Requested project ID demo-lead-integration, but the emulator is configured for demo-not-the-rug. To opt-out of single project mode add/set the '"singleProjectMode": false' property in the firebase.json emulators config.
 {"metadata":{"emulator":{"name":"firestore"},"message":"Multiple projectIds are not recommended in single project mode. Requested project ID demo-lead-integration, but the emulator is configured for demo-not-the-rug. To opt-out of single project mode add/set the '\"singleProjectMode\": false' property in the firebase.json emulators config.\n"}}
[debug] [2026-09-15T14:18:27.512Z] Multiple projectIds are not recommended in single project mode. Requested project ID demo-lead-integration, but the emulator is configured for demo-not-the-rug. To opt-out of single project mode add/set the '"singleProjectMode": false' property in the firebase.json emulators config.
 {"metadata":{"emulator":{"name":"firestore"},"message":"Multiple projectIds are not recommended in single project mode. Requested project ID demo-lead-integration, but the emulator is configured for demo-not-the-rug. To opt-out of single project mode add/set the '\"singleProjectMode\": false' property in the firebase.json emulators config.\n"}}
[debug] [2026-09-15T14:18:27.512Z] Sep 15, 2026 9:18:27 AM com.google.cloud.datastore.emulator.impl.util.WrappedStreamObserver onError
WARNING: Operation failed: Document (projects/demo-lead-integration/databases/(default)/documents/leads/c471a4176b198479eb99a58c3197b91b96388c38103d7f188cac8bea62b237d8) not found.
com.google.cloud.datastore.core.exception.DatastoreException: Document (projects/demo-lead-integration/databases/(default)/documents/leads/c471a4176b198479eb99a58c3197b91b96388c38103d7f188cac8bea62b237d8) not found.
	at com.google.cloud.datastore.emulator.impl.firestore.CloudFirestoreV1.getDocument(CloudFirestoreV1.java:340)
	at com.google.cloud.datastore.emulator.impl.firestore.CloudFirestoreV1Router.getDocument(CloudFirestoreV1Router.java:132)
	at com.google.cloud.datastore.emulator.impl.firestore.CloudFirestoreV1Router.getOrListDocuments(CloudFirestoreV1Router.java:126)
	at com.google.cloud.datastore.emulator.firestore.v1.FirestoreV1GrpcAdapter$1.lambda$getOrListDocuments$0(FirestoreV1GrpcAdapter.java:108)
	at com.google.cloud.datastore.emulator.firestore.v1.FirestoreV1GrpcAdapter.unary(FirestoreV1GrpcAdapter.java:72)
	at com.google.cloud.datastore.emulator.firestore.v1.FirestoreV1GrpcAdapter$1.getOrListDocuments(FirestoreV1GrpcAdapter.java:108)
	at com.google.firestore.v1.FirestoreGrpc$MethodHandlers.invoke(FirestoreGrpc.java:1376)
	at io.grpc.stub.ServerCalls$UnaryServerCallHandler$UnaryServerCallListener.onHalfClose(ServerCalls.java:182)
	at io.grpc.PartialForwardingServerCallListener.onHalfClose(PartialForwardingServerCallListener.java:35)
	at io.grpc.ForwardingServerCallListener.onHalfClose(ForwardingServerCallListener.java:23)
	at io.grpc.ForwardingServerCallListener$SimpleForwardingServerCallListener.onHalfClose(ForwardingServerCallListener.java:40)
	at io.grpc.Contexts$ContextualizedServerCallListener.onHalfClose(Contexts.java:86)
	at io.grpc.PartialForwardingServerCallListener.onHalfClose(PartialForwardingServerCallListener.java:35)
	at io.grpc.ForwardingServerCallListener.onHalfClose(ForwardingServerCallListener.java:23)
	at io.grpc.ForwardingServerCallListener$SimpleForwardingServerCallListener.onHalfClose(ForwardingServerCallListener.java:40)
	at io.grpc.Contexts$ContextualizedServerCallListener.onHalfClose(Contexts.java:86)
	at io.grpc.internal.ServerCallImpl$ServerStreamListenerImpl.halfClosed(ServerCallImpl.java:356)
	at io.grpc.internal.ServerImpl$JumpToApplicationThreadServerStreamListener$1HalfClosed.runInContext(ServerImpl.java:861)
	at io.grpc.internal.ContextRunnable.run(ContextRunnable.java:37)
	at io.grpc.internal.SerializingExecutor.run(SerializingExecutor.java:133)
	at java.base/java.util.concurrent.ThreadPoolExecutor.runWorker(ThreadPoolExecutor.java:1144)
	at java.base/java.util.concurrent.ThreadPoolExecutor$Worker.run(ThreadPoolExecutor.java:642)
	at java.base/java.lang.Thread.run(Thread.java:1583)

 {"metadata":{"emulator":{"name":"firestore"},"message":"Sep 15, 2026 9:18:27 AM com.google.cloud.datastore.emulator.impl.util.WrappedStreamObserver onError\nWARNING: Operation failed: Document (projects/demo-lead-integration/databases/(default)/documents/leads/c471a4176b198479eb99a58c3197b91b96388c38103d7f188cac8bea62b237d8) not found.\ncom.google.cloud.datastore.core.exception.DatastoreException: Document (projects/demo-lead-integration/databases/(default)/documents/leads/c471a4176b198479eb99a58c3197b91b96388c38103d7f188cac8bea62b237d8) not found.\n\tat com.google.cloud.datastore.emulator.impl.firestore.CloudFirestoreV1.getDocument(CloudFirestoreV1.java:340)\n\tat com.google.cloud.datastore.emulator.impl.firestore.CloudFirestoreV1Router.getDocument(CloudFirestoreV1Router.java:132)\n\tat com.google.cloud.datastore.emulator.impl.firestore.CloudFirestoreV1Router.getOrListDocuments(CloudFirestoreV1Router.java:126)\n\tat com.google.cloud.datastore.emulator.firestore.v1.FirestoreV1GrpcAdapter$1.lambda$getOrListDocuments$0(FirestoreV1GrpcAdapter.java:108)\n\tat com.google.cloud.datastore.emulator.firestore.v1.FirestoreV1GrpcAdapter.unary(FirestoreV1GrpcAdapter.java:72)\n\tat com.google.cloud.datastore.emulator.firestore.v1.FirestoreV1GrpcAdapter$1.getOrListDocuments(FirestoreV1GrpcAdapter.java:108)\n\tat com.google.firestore.v1.FirestoreGrpc$MethodHandlers.invoke(FirestoreGrpc.java:1376)\n\tat io.grpc.stub.ServerCalls$UnaryServerCallHandler$UnaryServerCallListener.onHalfClose(ServerCalls.java:182)\n\tat io.grpc.PartialForwardingServerCallListener.onHalfClose(PartialForwardingServerCallListener.java:35)\n\tat io.grpc.ForwardingServerCallListener.onHalfClose(ForwardingServerCallListener.java:23)\n\tat io.grpc.ForwardingServerCallListener$SimpleForwardingServerCallListener.onHalfClose(ForwardingServerCallListener.java:40)\n\tat io.grpc.Contexts$ContextualizedServerCallListener.onHalfClose(Contexts.java:86)\n\tat io.grpc.PartialForwardingServerCallListener.onHalfClose(PartialForwardingServerCallListener.java:35)\n\tat io.grpc.ForwardingServerCallListener.onHalfClose(ForwardingServerCallListener.java:23)\n\tat io.grpc.ForwardingServerCallListener$SimpleForwardingServerCallListener.onHalfClose(ForwardingServerCallListener.java:40)\n\tat io.grpc.Contexts$ContextualizedServerCallListener.onHalfClose(Contexts.java:86)\n\tat io.grpc.internal.ServerCallImpl$ServerStreamListenerImpl.halfClosed(ServerCallImpl.java:356)\n\tat io.grpc.internal.ServerImpl$JumpToApplicationThreadServerStreamListener$1HalfClosed.runInContext(ServerImpl.java:861)\n\tat io.grpc.internal.ContextRunnable.run(ContextRunnable.java:37)\n\tat io.grpc.internal.SerializingExecutor.run(SerializingExecutor.java:133)\n\tat java.base/java.util.concurrent.ThreadPoolExecutor.runWorker(ThreadPoolExecutor.java:1144)\n\tat java.base/java.util.concurrent.ThreadPoolExecutor$Worker.run(ThreadPoolExecutor.java:642)\n\tat java.base/java.lang.Thread.run(Thread.java:1583)\n\n"}}
[debug] [2026-09-15T14:18:27.512Z] Sep 15, 2026 9:18:27 AM io.gapi.emulators.netty.HttpHandler$1 onError
INFO: Exception when handling request: NOT_FOUND: Document (projects/demo-lead-integration/databases/(default)/documents/leads/c471a4176b198479eb99a58c3197b91b96388c38103d7f188cac8bea62b237d8) not found.
 {"metadata":{"emulator":{"name":"firestore"},"message":"Sep 15, 2026 9:18:27 AM io.gapi.emulators.netty.HttpHandler$1 onError\nINFO: Exception when handling request: NOT_FOUND: Document (projects/demo-lead-integration/databases/(default)/documents/leads/c471a4176b198479eb99a58c3197b91b96388c38103d7f188cac8bea62b237d8) not found.\n"}}
[debug] [2026-09-15T14:18:27.513Z] Multiple projectIds are not recommended in single project mode. Requested project ID demo-lead-integration, but the emulator is configured for demo-not-the-rug. To opt-out of single project mode add/set the '"singleProjectMode": false' property in the firebase.json emulators config.
 {"metadata":{"emulator":{"name":"firestore"},"message":"Multiple projectIds are not recommended in single project mode. Requested project ID demo-lead-integration, but the emulator is configured for demo-not-the-rug. To opt-out of single project mode add/set the '\"singleProjectMode\": false' property in the firebase.json emulators config.\n"}}
[debug] [2026-09-15T14:18:27.515Z] Multiple projectIds are not recommended in single project mode. Requested project ID demo-lead-integration, but the emulator is configured for demo-not-the-rug. To opt-out of single project mode add/set the '"singleProjectMode": false' property in the firebase.json emulators config.
 {"metadata":{"emulator":{"name":"firestore"},"message":"Multiple projectIds are not recommended in single project mode. Requested project ID demo-lead-integration, but the emulator is configured for demo-not-the-rug. To opt-out of single project mode add/set the '\"singleProjectMode\": false' property in the firebase.json emulators config.\n"}}
[debug] [2026-09-15T14:18:27.517Z] Multiple projectIds are not recommended in single project mode. Requested project ID demo-lead-integration, but the emulator is configured for demo-not-the-rug. To opt-out of single project mode add/set the '"singleProjectMode": false' property in the firebase.json emulators config.
 {"metadata":{"emulator":{"name":"firestore"},"message":"Multiple projectIds are not recommended in single project mode. Requested project ID demo-lead-integration, but the emulator is configured for demo-not-the-rug. To opt-out of single project mode add/set the '\"singleProjectMode\": false' property in the firebase.json emulators config.\n"}}
[debug] [2026-09-15T14:18:27.693Z] Sep 15, 2026 9:18:27 AM io.gapi.emulators.netty.HttpVersionRoutingHandler channelRead
INFO: Detected non-HTTP/2 connection.
 {"metadata":{"emulator":{"name":"firestore"},"message":"Sep 15, 2026 9:18:27 AM io.gapi.emulators.netty.HttpVersionRoutingHandler channelRead\nINFO: Detected non-HTTP/2 connection.\n"}}
[debug] [2026-09-15T14:18:27.699Z] Multiple projectIds are not recommended in single project mode. Requested project ID demo-not-the-rug-firestore-rules, but the emulator is configured for demo-not-the-rug. To opt-out of single project mode add/set the '"singleProjectMode": false' property in the firebase.json emulators config.
 {"metadata":{"emulator":{"name":"firestore"},"message":"Multiple projectIds are not recommended in single project mode. Requested project ID demo-not-the-rug-firestore-rules, but the emulator is configured for demo-not-the-rug. To opt-out of single project mode add/set the '\"singleProjectMode\": false' property in the firebase.json emulators config.\n"}}
[debug] [2026-09-15T14:18:27.786Z] Sep 15, 2026 9:18:27 AM io.gapi.emulators.netty.HttpVersionRoutingHandler channelRead
INFO: Detected HTTP/2 connection.
 {"metadata":{"emulator":{"name":"firestore"},"message":"Sep 15, 2026 9:18:27 AM io.gapi.emulators.netty.HttpVersionRoutingHandler channelRead\nINFO: Detected HTTP/2 connection.\n"}}
[debug] [2026-09-15T14:18:27.788Z] Multiple projectIds are not recommended in single project mode. Requested project ID demo-not-the-rug-firestore-rules, but the emulator is configured for demo-not-the-rug. To opt-out of single project mode add/set the '"singleProjectMode": false' property in the firebase.json emulators config.
 {"metadata":{"emulator":{"name":"firestore"},"message":"Multiple projectIds are not recommended in single project mode. Requested project ID demo-not-the-rug-firestore-rules, but the emulator is configured for demo-not-the-rug. To opt-out of single project mode add/set the '\"singleProjectMode\": false' property in the firebase.json emulators config.\n"}}
[debug] [2026-09-15T14:18:27.801Z] Multiple projectIds are not recommended in single project mode. Requested project ID demo-not-the-rug-firestore-rules, but the emulator is configured for demo-not-the-rug. To opt-out of single project mode add/set the '"singleProjectMode": false' property in the firebase.json emulators config.
 {"metadata":{"emulator":{"name":"firestore"},"message":"Multiple projectIds are not recommended in single project mode. Requested project ID demo-not-the-rug-firestore-rules, but the emulator is configured for demo-not-the-rug. To opt-out of single project mode add/set the '\"singleProjectMode\": false' property in the firebase.json emulators config.\n"}}
[debug] [2026-09-15T14:18:27.815Z] Multiple projectIds are not recommended in single project mode. Requested project ID demo-not-the-rug-firestore-rules, but the emulator is configured for demo-not-the-rug. To opt-out of single project mode add/set the '"singleProjectMode": false' property in the firebase.json emulators config.
 {"metadata":{"emulator":{"name":"firestore"},"message":"Multiple projectIds are not recommended in single project mode. Requested project ID demo-not-the-rug-firestore-rules, but the emulator is configured for demo-not-the-rug. To opt-out of single project mode add/set the '\"singleProjectMode\": false' property in the firebase.json emulators config.\n"}}
[debug] [2026-09-15T14:18:27.824Z] Multiple projectIds are not recommended in single project mode. Requested project ID demo-not-the-rug-firestore-rules, but the emulator is configured for demo-not-the-rug. To opt-out of single project mode add/set the '"singleProjectMode": false' property in the firebase.json emulators config.
 {"metadata":{"emulator":{"name":"firestore"},"message":"Multiple projectIds are not recommended in single project mode. Requested project ID demo-not-the-rug-firestore-rules, but the emulator is configured for demo-not-the-rug. To opt-out of single project mode add/set the '\"singleProjectMode\": false' property in the firebase.json emulators config.\n"}}
[debug] [2026-09-15T14:18:27.836Z] Multiple projectIds are not recommended in single project mode. Requested project ID demo-not-the-rug-firestore-rules, but the emulator is configured for demo-not-the-rug. To opt-out of single project mode add/set the '"singleProjectMode": false' property in the firebase.json emulators config.
 {"metadata":{"emulator":{"name":"firestore"},"message":"Multiple projectIds are not recommended in single project mode. Requested project ID demo-not-the-rug-firestore-rules, but the emulator is configured for demo-not-the-rug. To opt-out of single project mode add/set the '\"singleProjectMode\": false' property in the firebase.json emulators config.\n"}}
[debug] [2026-09-15T14:18:27.840Z] Sep 15, 2026 9:18:27 AM com.google.cloud.datastore.emulator.impl.util.WrappedStreamObserver onError
WARNING: Operation failed: 
false for 'create' @ L19, false for 'create' @ L49, false for 'update' @ L19, false for 'update' @ L49
com.google.cloud.datastore.core.exception.DatastoreException: 
false for 'create' @ L19, false for 'create' @ L49, false for 'update' @ L19, false for 'update' @ L49
	at com.google.cloud.datastore.core.exception.DatastoreException$Builder.build(DatastoreException.java:152)
	at com.google.cloud.datastore.emulator.impl.rules.DefaultEmulatorRulesAuthorizer.verboseError(DefaultEmulatorRulesAuthorizer.java:349)
	at com.google.cloud.datastore.emulator.impl.rules.DefaultEmulatorRulesAuthorizer.withVerboseErrors(DefaultEmulatorRulesAuthorizer.java:326)
	at com.google.cloud.datastore.emulator.impl.rules.DefaultEmulatorRulesAuthorizer.checkCommit(DefaultEmulatorRulesAuthorizer.java:114)
	at com.google.cloud.datastore.emulator.impl.firestore.FirestoreEmulatorHelper.commitHelper(FirestoreEmulatorHelper.java:385)
	at com.google.cloud.datastore.emulator.impl.firestore.FirestoreEmulatorHelper.internalCommit(FirestoreEmulatorHelper.java:339)
	at com.google.cloud.datastore.emulator.impl.firestore.CloudFirestoreV1.internalCommit(CloudFirestoreV1.java:1243)
	at com.google.cloud.datastore.emulator.impl.firestore.CloudFirestoreV1.write(CloudFirestoreV1.java:1231)
	at com.google.cloud.datastore.emulator.impl.firestore.CloudFirestoreV1WriteStream.handleRequest(CloudFirestoreV1WriteStream.java:222)
	at com.google.cloud.datastore.emulator.impl.firestore.CloudFirestoreV1WriteStream.write(CloudFirestoreV1WriteStream.java:144)
	at com.google.cloud.datastore.emulator.impl.firestore.CloudFirestoreV1WriteStream.onNext(CloudFirestoreV1WriteStream.java:99)
	at com.google.cloud.datastore.emulator.impl.firestore.CloudFirestoreV1WriteStream.onNext(CloudFirestoreV1WriteStream.java:27)
	at io.grpc.stub.ServerCalls$StreamingServerCallHandler$StreamingServerCallListener.onMessage(ServerCalls.java:262)
	at io.grpc.ForwardingServerCallListener.onMessage(ForwardingServerCallListener.java:33)
	at io.grpc.Contexts$ContextualizedServerCallListener.onMessage(Contexts.java:76)
	at io.grpc.ForwardingServerCallListener.onMessage(ForwardingServerCallListener.java:33)
	at io.grpc.Contexts$ContextualizedServerCallListener.onMessage(Contexts.java:76)
	at io.grpc.internal.ServerCallImpl$ServerStreamListenerImpl.messagesAvailableInternal(ServerCallImpl.java:334)
	at io.grpc.internal.ServerCallImpl$ServerStreamListenerImpl.messagesAvailable(ServerCallImpl.java:319)
	at io.grpc.internal.ServerImpl$JumpToApplicationThreadServerStreamListener$1MessagesAvailable.runInContext(ServerImpl.java:834)
	at io.grpc.internal.ContextRunnable.run(ContextRunnable.java:37)
	at io.grpc.internal.SerializingExecutor.run(SerializingExecutor.java:133)
	at java.base/java.util.concurrent.ThreadPoolExecutor.runWorker(ThreadPoolExecutor.java:1144)
	at java.base/java.util.concurrent.ThreadPoolExecutor$Worker.run(ThreadPoolExecutor.java:642)
	at java.base/java.lang.Thread.run(Thread.java:1583)

 {"metadata":{"emulator":{"name":"firestore"},"message":"Sep 15, 2026 9:18:27 AM com.google.cloud.datastore.emulator.impl.util.WrappedStreamObserver onError\nWARNING: Operation failed: \nfalse for 'create' @ L19, false for 'create' @ L49, false for 'update' @ L19, false for 'update' @ L49\ncom.google.cloud.datastore.core.exception.DatastoreException: \nfalse for 'create' @ L19, false for 'create' @ L49, false for 'update' @ L19, false for 'update' @ L49\n\tat com.google.cloud.datastore.core.exception.DatastoreException$Builder.build(DatastoreException.java:152)\n\tat com.google.cloud.datastore.emulator.impl.rules.DefaultEmulatorRulesAuthorizer.verboseError(DefaultEmulatorRulesAuthorizer.java:349)\n\tat com.google.cloud.datastore.emulator.impl.rules.DefaultEmulatorRulesAuthorizer.withVerboseErrors(DefaultEmulatorRulesAuthorizer.java:326)\n\tat com.google.cloud.datastore.emulator.impl.rules.DefaultEmulatorRulesAuthorizer.checkCommit(DefaultEmulatorRulesAuthorizer.java:114)\n\tat com.google.cloud.datastore.emulator.impl.firestore.FirestoreEmulatorHelper.commitHelper(FirestoreEmulatorHelper.java:385)\n\tat com.google.cloud.datastore.emulator.impl.firestore.FirestoreEmulatorHelper.internalCommit(FirestoreEmulatorHelper.java:339)\n\tat com.google.cloud.datastore.emulator.impl.firestore.CloudFirestoreV1.internalCommit(CloudFirestoreV1.java:1243)\n\tat com.google.cloud.datastore.emulator.impl.firestore.CloudFirestoreV1.write(CloudFirestoreV1.java:1231)\n\tat com.google.cloud.datastore.emulator.impl.firestore.CloudFirestoreV1WriteStream.handleRequest(CloudFirestoreV1WriteStream.java:222)\n\tat com.google.cloud.datastore.emulator.impl.firestore.CloudFirestoreV1WriteStream.write(CloudFirestoreV1WriteStream.java:144)\n\tat com.google.cloud.datastore.emulator.impl.firestore.CloudFirestoreV1WriteStream.onNext(CloudFirestoreV1WriteStream.java:99)\n\tat com.google.cloud.datastore.emulator.impl.firestore.CloudFirestoreV1WriteStream.onNext(CloudFirestoreV1WriteStream.java:27)\n\tat io.grpc.stub.ServerCalls$StreamingServerCallHandler$StreamingServerCallListener.onMessage(ServerCalls.java:262)\n\tat io.grpc.ForwardingServerCallListener.onMessage(ForwardingServerCallListener.java:33)\n\tat io.grpc.Contexts$ContextualizedServerCallListener.onMessage(Contexts.java:76)\n\tat io.grpc.ForwardingServerCallListener.onMessage(ForwardingServerCallListener.java:33)\n\tat io.grpc.Contexts$ContextualizedServerCallListener.onMessage(Contexts.java:76)\n\tat io.grpc.internal.ServerCallImpl$ServerStreamListenerImpl.messagesAvailableInternal(ServerCallImpl.java:334)\n\tat io.grpc.internal.ServerCallImpl$ServerStreamListenerImpl.messagesAvailable(ServerCallImpl.java:319)\n\tat io.grpc.internal.ServerImpl$JumpToApplicationThreadServerStreamListener$1MessagesAvailable.runInContext(ServerImpl.java:834)\n\tat io.grpc.internal.ContextRunnable.run(ContextRunnable.java:37)\n\tat io.grpc.internal.SerializingExecutor.run(SerializingExecutor.java:133)\n\tat java.base/java.util.concurrent.ThreadPoolExecutor.runWorker(ThreadPoolExecutor.java:1144)\n\tat java.base/java.util.concurrent.ThreadPoolExecutor$Worker.run(ThreadPoolExecutor.java:642)\n\tat java.base/java.lang.Thread.run(Thread.java:1583)\n\n"}}
[debug] [2026-09-15T14:18:27.848Z] Multiple projectIds are not recommended in single project mode. Requested project ID demo-not-the-rug-firestore-rules, but the emulator is configured for demo-not-the-rug. To opt-out of single project mode add/set the '"singleProjectMode": false' property in the firebase.json emulators config.
 {"metadata":{"emulator":{"name":"firestore"},"message":"Multiple projectIds are not recommended in single project mode. Requested project ID demo-not-the-rug-firestore-rules, but the emulator is configured for demo-not-the-rug. To opt-out of single project mode add/set the '\"singleProjectMode\": false' property in the firebase.json emulators config.\n"}}
[debug] [2026-09-15T14:18:27.859Z] Multiple projectIds are not recommended in single project mode. Requested project ID demo-not-the-rug-firestore-rules, but the emulator is configured for demo-not-the-rug. To opt-out of single project mode add/set the '"singleProjectMode": false' property in the firebase.json emulators config.
 {"metadata":{"emulator":{"name":"firestore"},"message":"Multiple projectIds are not recommended in single project mode. Requested project ID demo-not-the-rug-firestore-rules, but the emulator is configured for demo-not-the-rug. To opt-out of single project mode add/set the '\"singleProjectMode\": false' property in the firebase.json emulators config.\n"}}
[debug] [2026-09-15T14:18:27.870Z] Multiple projectIds are not recommended in single project mode. Requested project ID demo-not-the-rug-firestore-rules, but the emulator is configured for demo-not-the-rug. To opt-out of single project mode add/set the '"singleProjectMode": false' property in the firebase.json emulators config.
 {"metadata":{"emulator":{"name":"firestore"},"message":"Multiple projectIds are not recommended in single project mode. Requested project ID demo-not-the-rug-firestore-rules, but the emulator is configured for demo-not-the-rug. To opt-out of single project mode add/set the '\"singleProjectMode\": false' property in the firebase.json emulators config.\n"}}
[debug] [2026-09-15T14:18:27.882Z] Multiple projectIds are not recommended in single project mode. Requested project ID demo-not-the-rug-firestore-rules, but the emulator is configured for demo-not-the-rug. To opt-out of single project mode add/set the '"singleProjectMode": false' property in the firebase.json emulators config.
 {"metadata":{"emulator":{"name":"firestore"},"message":"Multiple projectIds are not recommended in single project mode. Requested project ID demo-not-the-rug-firestore-rules, but the emulator is configured for demo-not-the-rug. To opt-out of single project mode add/set the '\"singleProjectMode\": false' property in the firebase.json emulators config.\n"}}
[debug] [2026-09-15T14:18:27.892Z] Multiple projectIds are not recommended in single project mode. Requested project ID demo-not-the-rug-firestore-rules, but the emulator is configured for demo-not-the-rug. To opt-out of single project mode add/set the '"singleProjectMode": false' property in the firebase.json emulators config.
 {"metadata":{"emulator":{"name":"firestore"},"message":"Multiple projectIds are not recommended in single project mode. Requested project ID demo-not-the-rug-firestore-rules, but the emulator is configured for demo-not-the-rug. To opt-out of single project mode add/set the '\"singleProjectMode\": false' property in the firebase.json emulators config.\n"}}
[debug] [2026-09-15T14:18:27.896Z] Sep 15, 2026 9:18:27 AM com.google.cloud.datastore.emulator.impl.util.WrappedStreamObserver onError
WARNING: Operation failed: 
false for 'create' @ L25, false for 'create' @ L49, false for 'update' @ L25, false for 'update' @ L49
com.google.cloud.datastore.core.exception.DatastoreException: 
false for 'create' @ L25, false for 'create' @ L49, false for 'update' @ L25, false for 'update' @ L49
	at com.google.cloud.datastore.core.exception.DatastoreException$Builder.build(DatastoreException.java:152)
	at com.google.cloud.datastore.emulator.impl.rules.DefaultEmulatorRulesAuthorizer.verboseError(DefaultEmulatorRulesAuthorizer.java:349)
	at com.google.cloud.datastore.emulator.impl.rules.DefaultEmulatorRulesAuthorizer.withVerboseErrors(DefaultEmulatorRulesAuthorizer.java:326)
	at com.google.cloud.datastore.emulator.impl.rules.DefaultEmulatorRulesAuthorizer.checkCommit(DefaultEmulatorRulesAuthorizer.java:114)
	at com.google.cloud.datastore.emulator.impl.firestore.FirestoreEmulatorHelper.commitHelper(FirestoreEmulatorHelper.java:385)
	at com.google.cloud.datastore.emulator.impl.firestore.FirestoreEmulatorHelper.internalCommit(FirestoreEmulatorHelper.java:339)
	at com.google.cloud.datastore.emulator.impl.firestore.CloudFirestoreV1.internalCommit(CloudFirestoreV1.java:1243)
	at com.google.cloud.datastore.emulator.impl.firestore.CloudFirestoreV1.write(CloudFirestoreV1.java:1231)
	at com.google.cloud.datastore.emulator.impl.firestore.CloudFirestoreV1WriteStream.handleRequest(CloudFirestoreV1WriteStream.java:222)
	at com.google.cloud.datastore.emulator.impl.firestore.CloudFirestoreV1WriteStream.write(CloudFirestoreV1WriteStream.java:144)
	at com.google.cloud.datastore.emulator.impl.firestore.CloudFirestoreV1WriteStream.onNext(CloudFirestoreV1WriteStream.java:99)
	at com.google.cloud.datastore.emulator.impl.firestore.CloudFirestoreV1WriteStream.onNext(CloudFirestoreV1WriteStream.java:27)
	at io.grpc.stub.ServerCalls$StreamingServerCallHandler$StreamingServerCallListener.onMessage(ServerCalls.java:262)
	at io.grpc.ForwardingServerCallListener.onMessage(ForwardingServerCallListener.java:33)
	at io.grpc.Contexts$ContextualizedServerCallListener.onMessage(Contexts.java:76)
	at io.grpc.ForwardingServerCallListener.onMessage(ForwardingServerCallListener.java:33)
	at io.grpc.Contexts$ContextualizedServerCallListener.onMessage(Contexts.java:76)
	at io.grpc.internal.ServerCallImpl$ServerStreamListenerImpl.messagesAvailableInternal(ServerCallImpl.java:334)
	at io.grpc.internal.ServerCallImpl$ServerStreamListenerImpl.messagesAvailable(ServerCallImpl.java:319)
	at io.grpc.internal.ServerImpl$JumpToApplicationThreadServerStreamListener$1MessagesAvailable.runInContext(ServerImpl.java:834)
	at io.grpc.internal.ContextRunnable.run(ContextRunnable.java:37)
	at io.grpc.internal.SerializingExecutor.run(SerializingExecutor.java:133)
	at java.base/java.util.concurrent.ThreadPoolExecutor.runWorker(ThreadPoolExecutor.java:1144)
	at java.base/java.util.concurrent.ThreadPoolExecutor$Worker.run(ThreadPoolExecutor.java:642)
	at java.base/java.lang.Thread.run(Thread.java:1583)

 {"metadata":{"emulator":{"name":"firestore"},"message":"Sep 15, 2026 9:18:27 AM com.google.cloud.datastore.emulator.impl.util.WrappedStreamObserver onError\nWARNING: Operation failed: \nfalse for 'create' @ L25, false for 'create' @ L49, false for 'update' @ L25, false for 'update' @ L49\ncom.google.cloud.datastore.core.exception.DatastoreException: \nfalse for 'create' @ L25, false for 'create' @ L49, false for 'update' @ L25, false for 'update' @ L49\n\tat com.google.cloud.datastore.core.exception.DatastoreException$Builder.build(DatastoreException.java:152)\n\tat com.google.cloud.datastore.emulator.impl.rules.DefaultEmulatorRulesAuthorizer.verboseError(DefaultEmulatorRulesAuthorizer.java:349)\n\tat com.google.cloud.datastore.emulator.impl.rules.DefaultEmulatorRulesAuthorizer.withVerboseErrors(DefaultEmulatorRulesAuthorizer.java:326)\n\tat com.google.cloud.datastore.emulator.impl.rules.DefaultEmulatorRulesAuthorizer.checkCommit(DefaultEmulatorRulesAuthorizer.java:114)\n\tat com.google.cloud.datastore.emulator.impl.firestore.FirestoreEmulatorHelper.commitHelper(FirestoreEmulatorHelper.java:385)\n\tat com.google.cloud.datastore.emulator.impl.firestore.FirestoreEmulatorHelper.internalCommit(FirestoreEmulatorHelper.java:339)\n\tat com.google.cloud.datastore.emulator.impl.firestore.CloudFirestoreV1.internalCommit(CloudFirestoreV1.java:1243)\n\tat com.google.cloud.datastore.emulator.impl.firestore.CloudFirestoreV1.write(CloudFirestoreV1.java:1231)\n\tat com.google.cloud.datastore.emulator.impl.firestore.CloudFirestoreV1WriteStream.handleRequest(CloudFirestoreV1WriteStream.java:222)\n\tat com.google.cloud.datastore.emulator.impl.firestore.CloudFirestoreV1WriteStream.write(CloudFirestoreV1WriteStream.java:144)\n\tat com.google.cloud.datastore.emulator.impl.firestore.CloudFirestoreV1WriteStream.onNext(CloudFirestoreV1WriteStream.java:99)\n\tat com.google.cloud.datastore.emulator.impl.firestore.CloudFirestoreV1WriteStream.onNext(CloudFirestoreV1WriteStream.java:27)\n\tat io.grpc.stub.ServerCalls$StreamingServerCallHandler$StreamingServerCallListener.onMessage(ServerCalls.java:262)\n\tat io.grpc.ForwardingServerCallListener.onMessage(ForwardingServerCallListener.java:33)\n\tat io.grpc.Contexts$ContextualizedServerCallListener.onMessage(Contexts.java:76)\n\tat io.grpc.ForwardingServerCallListener.onMessage(ForwardingServerCallListener.java:33)\n\tat io.grpc.Contexts$ContextualizedServerCallListener.onMessage(Contexts.java:76)\n\tat io.grpc.internal.ServerCallImpl$ServerStreamListenerImpl.messagesAvailableInternal(ServerCallImpl.java:334)\n\tat io.grpc.internal.ServerCallImpl$ServerStreamListenerImpl.messagesAvailable(ServerCallImpl.java:319)\n\tat io.grpc.internal.ServerImpl$JumpToApplicationThreadServerStreamListener$1MessagesAvailable.runInContext(ServerImpl.java:834)\n\tat io.grpc.internal.ContextRunnable.run(ContextRunnable.java:37)\n\tat io.grpc.internal.SerializingExecutor.run(SerializingExecutor.java:133)\n\tat java.base/java.util.concurrent.ThreadPoolExecutor.runWorker(ThreadPoolExecutor.java:1144)\n\tat java.base/java.util.concurrent.ThreadPoolExecutor$Worker.run(ThreadPoolExecutor.java:642)\n\tat java.base/java.lang.Thread.run(Thread.java:1583)\n\n"}}
[debug] [2026-09-15T14:18:28.547Z] Sep 15, 2026 9:18:28 AM io.gapi.emulators.netty.HttpVersionRoutingHandler channelRead
INFO: Detected non-HTTP/2 connection.
 {"metadata":{"emulator":{"name":"firestore"},"message":"Sep 15, 2026 9:18:28 AM io.gapi.emulators.netty.HttpVersionRoutingHandler channelRead\nINFO: Detected non-HTTP/2 connection.\n"}}
[debug] [2026-09-15T14:18:28.552Z] Multiple projectIds are not recommended in single project mode. Requested project ID demo-not-the-rug-storage-rules, but the emulator is configured for demo-not-the-rug. To opt-out of single project mode add/set the '"singleProjectMode": false' property in the firebase.json emulators config.
 {"metadata":{"emulator":{"name":"firestore"},"message":"Multiple projectIds are not recommended in single project mode. Requested project ID demo-not-the-rug-storage-rules, but the emulator is configured for demo-not-the-rug. To opt-out of single project mode add/set the '\"singleProjectMode\": false' property in the firebase.json emulators config.\n"}}
